=Main!D16,=Main!D17,27606.799999999996,,UNIFORMITY SUMMARY,,,,,,,,,,,,,,,,,,,,UNIFORMITY SUMMARY,,,,,,,,,,,,,,,,,,,,UNIFORMITY SUMMARY,,,,,,,,,,
=Main!D19,"=IF(OR(ISBLANK(A1),ISBLANK(A2)),0,A1+A2)",,,,,,,,,,,,page 1,,,,,,,,,,,,,,,,,,,,page 2,,,,,,,,,,,,,,,,,,,,page 3,
"Johnson Gage & Inspection, Inc.",,,,,,,,,,,,,,,,,,,,"Johnson Gage & Inspection, Inc.",,,,,,,,,,,,,,,,,,,,"Johnson Gage & Inspection, Inc.",,,,,,,,,,,,,,
Temperature Uniformity Survey Results,,,,,,,,,,,,,,,,,,,,Temperature Uniformity Survey Results,,,,,,,,,,,,,,,,,,,,Temperature Uniformity Survey Results,,,,,,,,,,,,,,
Date: ,=Main!D3,,"=MATCH(Main!$E$30,Data_Sheet!$A$11:$A$900,0)",,,,,Customer: ,=Main!D5,,,,,,,,,,,Date: ,=B5,,,,,Customer: ,=J5,,,,,,,,,,,,,Date: ,=V5,,,,,Customer: ,=AB5,,,,,,,
Unit: ,=Main!D6,,,,,,,Temperature: ,=Main!D16,,,"=VLOOKUP(Main!$E$30,Data_Sheet!$A$11:$A$900,TRUE)",,,,,,,,Unit: ,=B6,,,,,Temperature: ,=J6,,,,,,,,,,,,,Unit: ,=V6,,,,,Temperature: ,=AB6,,,,,,,
Operator: ,=Main!D7,,,,,,,,,,,,,,,,,,,Operator: ,=B7,,,,,,,,,,,,,,,,,,,Operator: ,=V7,,,,,,,,,,,,,
,,,,,,,,,,,,,,,,,,,,,,,,,,,,,,,,,,,,,,,,,,,,,,,,,,,,,,
Time Abs ,1,2,3,4,5,6,7,8,9,10,11,12,13,14,,,,,,Time Abs ,15,16,17,18,19,20,21,22,23,24,25,26,27,28,,,,,,Time Abs ,29,30,31,32,33,34,35,36,37,38,39,40,,
"=INDIRECT(""Data_Sheet!B""&10+$D$5)","=INDIRECT(""Data_Sheet!C""&10+$D$5)","=INDIRECT(""Data_Sheet!D""&10+$D$5)","=INDIRECT(""Data_Sheet!E""&10+$D$5)","=INDIRECT(""Data_Sheet!F""&10+$D$5)","=INDIRECT(""Data_Sheet!G""&10+$D$5)","=INDIRECT(""Data_Sheet!H""&10+$D$5)","=INDIRECT(""Data_Sheet!I""&10+$D$5)","=INDIRECT(""Data_Sheet!J""&10+$D$5)","=INDIRECT(""Data_Sheet!K""&10+$D$5)","=INDIRECT(""Data_Sheet!L""&10+$D$5)","=INDIRECT(""Data_Sheet!M""&10+$D$5)","=INDIRECT(""Data_Sheet!N""&10+$D$5)","=INDIRECT(""Data_Sheet!O""&10+$D$5)","=INDIRECT(""Data_Sheet!P""&10+$D$5)",,,,,,"=INDIRECT(""Data_Sheet_15_28!B""&10+(MATCH(Main!$E$30,Data_Sheet_15_28!$A$11:$A$900,0)))","=INDIRECT(""Data_Sheet_15_28!c""&10+(MATCH(Main!$E$30,Data_Sheet_15_28!$A$11:$A$900,0)))","=INDIRECT(""Data_Sheet_15_28!D""&10+(MATCH(Main!$E$30,Data_Sheet_15_28!$A$11:$A$900,0)))","=INDIRECT(""Data_Sheet_15_28!E""&10+(MATCH(Main!$E$30,Data_Sheet_15_28!$A$11:$A$900,0)))","=INDIRECT(""Data_Sheet_15_28!F""&10+(MATCH(Main!$E$30,Data_Sheet_15_28!$A$11:$A$900,0)))","=INDIRECT(""Data_Sheet_15_28!G""&10+(MATCH(Main!$E$30,Data_Sheet_15_28!$A$11:$A$900,0)))","=INDIRECT(""Data_Sheet_15_28!H""&10+(MATCH(Main!$E$30,Data_Sheet_15_28!$A$11:$A$900,0)))","=INDIRECT(""Data_Sheet_15_28!I""&10+(MATCH(Main!$E$30,Data_Sheet_15_28!$A$11:$A$900,0)))","=INDIRECT(""Data_Sheet_15_28!J""&10+(MATCH(Main!$E$30,Data_Sheet_15_28!$A$11:$A$900,0)))","=INDIRECT(""Data_Sheet_15_28!K""&10+(MATCH(Main!$E$30,Data_Sheet_15_28!$A$11:$A$900,0)))","=INDIRECT(""Data_Sheet_15_28!L""&10+(MATCH(Main!$E$30,Data_Sheet_15_28!$A$11:$A$900,0)))","=INDIRECT(""Data_Sheet_15_28!M""&10+(MATCH(Main!$E$30,Data_Sheet_15_28!$A$11:$A$900,0)))","=INDIRECT(""Data_Sheet_15_28!N""&10+(MATCH(Main!$E$30,Data_Sheet_15_28!$A$11:$A$900,0)))","=INDIRECT(""Data_Sheet_15_28!O""&10+(MATCH(Main!$E$30,Data_Sheet_15_28!$A$11:$A$900,0)))","=INDIRECT(""Data_Sheet_15_28!P""&10+(MATCH(Main!$E$30,Data_Sheet_15_28!$A$11:$A$900,0)))",,,,,,"=INDIRECT(""Data_Sheet_29_40!B""&10+(MATCH(Main!$E$30,Data_Sheet_29_40!$A$11:$A$900,0)))","=INDIRECT(""Data_Sheet_29_40!c""&10+(MATCH(Main!$E$30,Data_Sheet_29_40!$A$11:$A$900,0)))","=INDIRECT(""Data_Sheet_29_40!D""&10+(MATCH(Main!$E$30,Data_Sheet_29_40!$A$11:$A$900,0)))","=INDIRECT(""Data_Sheet_29_40!E""&10+(MATCH(Main!$E$30,Data_Sheet_29_40!$A$11:$A$900,0)))","=INDIRECT(""Data_Sheet_29_40!F""&10+(MATCH(Main!$E$30,Data_Sheet_29_40!$A$11:$A$900,0)))","=INDIRECT(""Data_Sheet_29_40!G""&10+(MATCH(Main!$E$30,Data_Sheet_29_40!$A$11:$A$900,0)))","=INDIRECT(""Data_Sheet_29_40!H""&10+(MATCH(Main!$E$30,Data_Sheet_29_40!$A$11:$A$900,0)))","=INDIRECT(""Data_Sheet_29_40!I""&10+(MATCH(Main!$E$30,Data_Sheet_29_40!$A$11:$A$900,0)))","=INDIRECT(""Data_Sheet_29_40!J""&10+(MATCH(Main!$E$30,Data_Sheet_29_40!$A$11:$A$900,0)))","=INDIRECT(""Data_Sheet_29_40!K""&10+(MATCH(Main!$E$30,Data_Sheet_29_40!$A$11:$A$900,0)))","=INDIRECT(""Data_Sheet_29_40!L""&10+(MATCH(Main!$E$30,Data_Sheet_29_40!$A$11:$A$900,0)))","=INDIRECT(""Data_Sheet_29_40!M""&10+(MATCH(Main!$E$30,Data_Sheet_29_40!$A$11:$A$900,0)))","=INDIRECT(""Data_Sheet_29_40!N""&10+(MATCH(Main!$E$30,Data_Sheet_29_40!$A$11:$A$900,0)))",,
"=INDIRECT(""Data_Sheet!B""&11+$D$5)","=INDIRECT(""Data_Sheet!C""&11+$D$5)","=INDIRECT(""Data_Sheet!D""&11+$D$5)","=INDIRECT(""Data_Sheet!E""&11+$D$5)","=INDIRECT(""Data_Sheet!F""&11+$D$5)","=INDIRECT(""Data_Sheet!G""&11+$D$5)","=INDIRECT(""Data_Sheet!H""&11+$D$5)","=INDIRECT(""Data_Sheet!I""&11+$D$5)","=INDIRECT(""Data_Sheet!J""&11+$D$5)","=INDIRECT(""Data_Sheet!K""&11+$D$5)","=INDIRECT(""Data_Sheet!L""&11+$D$5)","=INDIRECT(""Data_Sheet!M""&11+$D$5)","=INDIRECT(""Data_Sheet!N""&11+$D$5)","=INDIRECT(""Data_Sheet!O""&11+$D$5)","=INDIRECT(""Data_Sheet!P""&11+$D$5)",,,,,,"=INDIRECT(""Data_Sheet_15_28!B""&11+(MATCH(Main!$E$30,Data_Sheet_15_28!$A$11:$A$900,0)))","=INDIRECT(""Data_Sheet_15_28!c""&11+(MATCH(Main!$E$30,Data_Sheet_15_28!$A$11:$A$900,0)))","=INDIRECT(""Data_Sheet_15_28!D""&11+(MATCH(Main!$E$30,Data_Sheet_15_28!$A$11:$A$900,0)))","=INDIRECT(""Data_Sheet_15_28!E""&11+(MATCH(Main!$E$30,Data_Sheet_15_28!$A$11:$A$900,0)))","=INDIRECT(""Data_Sheet_15_28!F""&11+(MATCH(Main!$E$30,Data_Sheet_15_28!$A$11:$A$900,0)))","=INDIRECT(""Data_Sheet_15_28!G""&11+(MATCH(Main!$E$30,Data_Sheet_15_28!$A$11:$A$900,0)))","=INDIRECT(""Data_Sheet_15_28!H""&11+(MATCH(Main!$E$30,Data_Sheet_15_28!$A$11:$A$900,0)))","=INDIRECT(""Data_Sheet_15_28!I""&11+(MATCH(Main!$E$30,Data_Sheet_15_28!$A$11:$A$900,0)))","=INDIRECT(""Data_Sheet_15_28!J""&11+(MATCH(Main!$E$30,Data_Sheet_15_28!$A$11:$A$900,0)))","=INDIRECT(""Data_Sheet_15_28!K""&11+(MATCH(Main!$E$30,Data_Sheet_15_28!$A$11:$A$900,0)))","=INDIRECT(""Data_Sheet_15_28!L""&11+(MATCH(Main!$E$30,Data_Sheet_15_28!$A$11:$A$900,0)))","=INDIRECT(""Data_Sheet_15_28!M""&11+(MATCH(Main!$E$30,Data_Sheet_15_28!$A$11:$A$900,0)))","=INDIRECT(""Data_Sheet_15_28!N""&11+(MATCH(Main!$E$30,Data_Sheet_15_28!$A$11:$A$900,0)))","=INDIRECT(""Data_Sheet_15_28!O""&11+(MATCH(Main!$E$30,Data_Sheet_15_28!$A$11:$A$900,0)))","=INDIRECT(""Data_Sheet_15_28!P""&11+(MATCH(Main!$E$30,Data_Sheet_15_28!$A$11:$A$900,0)))",,,,,,"=INDIRECT(""Data_Sheet_29_40!B""&11+(MATCH(Main!$E$30,Data_Sheet_29_40!$A$11:$A$900,0)))","=INDIRECT(""Data_Sheet_29_40!c""&11+(MATCH(Main!$E$30,Data_Sheet_29_40!$A$11:$A$900,0)))","=INDIRECT(""Data_Sheet_29_40!D""&11+(MATCH(Main!$E$30,Data_Sheet_29_40!$A$11:$A$900,0)))","=INDIRECT(""Data_Sheet_29_40!E""&11+(MATCH(Main!$E$30,Data_Sheet_29_40!$A$11:$A$900,0)))","=INDIRECT(""Data_Sheet_29_40!F""&11+(MATCH(Main!$E$30,Data_Sheet_29_40!$A$11:$A$900,0)))","=INDIRECT(""Data_Sheet_29_40!G""&11+(MATCH(Main!$E$30,Data_Sheet_29_40!$A$11:$A$900,0)))","=INDIRECT(""Data_Sheet_29_40!H""&11+(MATCH(Main!$E$30,Data_Sheet_29_40!$A$11:$A$900,0)))","=INDIRECT(""Data_Sheet_29_40!I""&11+(MATCH(Main!$E$30,Data_Sheet_29_40!$A$11:$A$900,0)))","=INDIRECT(""Data_Sheet_29_40!J""&11+(MATCH(Main!$E$30,Data_Sheet_29_40!$A$11:$A$900,0)))","=INDIRECT(""Data_Sheet_29_40!K""&11+(MATCH(Main!$E$30,Data_Sheet_29_40!$A$11:$A$900,0)))","=INDIRECT(""Data_Sheet_29_40!L""&11+(MATCH(Main!$E$30,Data_Sheet_29_40!$A$11:$A$900,0)))","=INDIRECT(""Data_Sheet_29_40!M""&11+(MATCH(Main!$E$30,Data_Sheet_29_40!$A$11:$A$900,0)))","=INDIRECT(""Data_Sheet_29_40!N""&11+(MATCH(Main!$E$30,Data_Sheet_29_40!$A$11:$A$900,0)))",,
"=INDIRECT(""Data_Sheet!B""&12+$D$5)","=INDIRECT(""Data_Sheet!C""&12+$D$5)","=INDIRECT(""Data_Sheet!D""&12+$D$5)","=INDIRECT(""Data_Sheet!E""&12+$D$5)","=INDIRECT(""Data_Sheet!F""&12+$D$5)","=INDIRECT(""Data_Sheet!G""&12+$D$5)","=INDIRECT(""Data_Sheet!H""&12+$D$5)","=INDIRECT(""Data_Sheet!I""&12+$D$5)","=INDIRECT(""Data_Sheet!J""&12+$D$5)","=INDIRECT(""Data_Sheet!K""&12+$D$5)","=INDIRECT(""Data_Sheet!L""&12+$D$5)","=INDIRECT(""Data_Sheet!M""&12+$D$5)","=INDIRECT(""Data_Sheet!N""&12+$D$5)","=INDIRECT(""Data_Sheet!O""&12+$D$5)","=INDIRECT(""Data_Sheet!P""&12+$D$5)",,,,,,"=INDIRECT(""Data_Sheet_15_28!B""&12+(MATCH(Main!$E$30,Data_Sheet_15_28!$A$11:$A$900,0)))","=INDIRECT(""Data_Sheet_15_28!c""&12+(MATCH(Main!$E$30,Data_Sheet_15_28!$A$11:$A$900,0)))","=INDIRECT(""Data_Sheet_15_28!D""&12+(MATCH(Main!$E$30,Data_Sheet_15_28!$A$11:$A$900,0)))","=INDIRECT(""Data_Sheet_15_28!E""&12+(MATCH(Main!$E$30,Data_Sheet_15_28!$A$11:$A$900,0)))","=INDIRECT(""Data_Sheet_15_28!F""&12+(MATCH(Main!$E$30,Data_Sheet_15_28!$A$11:$A$900,0)))","=INDIRECT(""Data_Sheet_15_28!G""&12+(MATCH(Main!$E$30,Data_Sheet_15_28!$A$11:$A$900,0)))","=INDIRECT(""Data_Sheet_15_28!H""&12+(MATCH(Main!$E$30,Data_Sheet_15_28!$A$11:$A$900,0)))","=INDIRECT(""Data_Sheet_15_28!I""&12+(MATCH(Main!$E$30,Data_Sheet_15_28!$A$11:$A$900,0)))","=INDIRECT(""Data_Sheet_15_28!J""&12+(MATCH(Main!$E$30,Data_Sheet_15_28!$A$11:$A$900,0)))","=INDIRECT(""Data_Sheet_15_28!K""&12+(MATCH(Main!$E$30,Data_Sheet_15_28!$A$11:$A$900,0)))","=INDIRECT(""Data_Sheet_15_28!L""&12+(MATCH(Main!$E$30,Data_Sheet_15_28!$A$11:$A$900,0)))","=INDIRECT(""Data_Sheet_15_28!M""&12+(MATCH(Main!$E$30,Data_Sheet_15_28!$A$11:$A$900,0)))","=INDIRECT(""Data_Sheet_15_28!N""&12+(MATCH(Main!$E$30,Data_Sheet_15_28!$A$11:$A$900,0)))","=INDIRECT(""Data_Sheet_15_28!O""&12+(MATCH(Main!$E$30,Data_Sheet_15_28!$A$11:$A$900,0)))","=INDIRECT(""Data_Sheet_15_28!P""&12+(MATCH(Main!$E$30,Data_Sheet_15_28!$A$11:$A$900,0)))",,,,,,"=INDIRECT(""Data_Sheet_29_40!B""&12+(MATCH(Main!$E$30,Data_Sheet_29_40!$A$11:$A$900,0)))","=INDIRECT(""Data_Sheet_29_40!c""&12+(MATCH(Main!$E$30,Data_Sheet_29_40!$A$11:$A$900,0)))","=INDIRECT(""Data_Sheet_29_40!D""&12+(MATCH(Main!$E$30,Data_Sheet_29_40!$A$11:$A$900,0)))","=INDIRECT(""Data_Sheet_29_40!E""&12+(MATCH(Main!$E$30,Data_Sheet_29_40!$A$11:$A$900,0)))","=INDIRECT(""Data_Sheet_29_40!F""&12+(MATCH(Main!$E$30,Data_Sheet_29_40!$A$11:$A$900,0)))","=INDIRECT(""Data_Sheet_29_40!G""&12+(MATCH(Main!$E$30,Data_Sheet_29_40!$A$11:$A$900,0)))","=INDIRECT(""Data_Sheet_29_40!H""&12+(MATCH(Main!$E$30,Data_Sheet_29_40!$A$11:$A$900,0)))","=INDIRECT(""Data_Sheet_29_40!I""&12+(MATCH(Main!$E$30,Data_Sheet_29_40!$A$11:$A$900,0)))","=INDIRECT(""Data_Sheet_29_40!J""&12+(MATCH(Main!$E$30,Data_Sheet_29_40!$A$11:$A$900,0)))","=INDIRECT(""Data_Sheet_29_40!K""&12+(MATCH(Main!$E$30,Data_Sheet_29_40!$A$11:$A$900,0)))","=INDIRECT(""Data_Sheet_29_40!L""&12+(MATCH(Main!$E$30,Data_Sheet_29_40!$A$11:$A$900,0)))","=INDIRECT(""Data_Sheet_29_40!M""&12+(MATCH(Main!$E$30,Data_Sheet_29_40!$A$11:$A$900,0)))","=INDIRECT(""Data_Sheet_29_40!N""&12+(MATCH(Main!$E$30,Data_Sheet_29_40!$A$11:$A$900,0)))",,
"=INDIRECT(""Data_Sheet!B""&13+$D$5)","=INDIRECT(""Data_Sheet!C""&13+$D$5)","=INDIRECT(""Data_Sheet!D""&13+$D$5)","=INDIRECT(""Data_Sheet!E""&13+$D$5)","=INDIRECT(""Data_Sheet!F""&13+$D$5)","=INDIRECT(""Data_Sheet!G""&13+$D$5)","=INDIRECT(""Data_Sheet!H""&13+$D$5)","=INDIRECT(""Data_Sheet!I""&13+$D$5)","=INDIRECT(""Data_Sheet!J""&13+$D$5)","=INDIRECT(""Data_Sheet!K""&13+$D$5)","=INDIRECT(""Data_Sheet!L""&13+$D$5)","=INDIRECT(""Data_Sheet!M""&13+$D$5)","=INDIRECT(""Data_Sheet!N""&13+$D$5)","=INDIRECT(""Data_Sheet!O""&13+$D$5)","=INDIRECT(""Data_Sheet!P""&13+$D$5)",,,,,,"=INDIRECT(""Data_Sheet_15_28!B""&13+(MATCH(Main!$E$30,Data_Sheet_15_28!$A$11:$A$900,0)))","=INDIRECT(""Data_Sheet_15_28!C""&13+(MATCH(Main!$E$30,Data_Sheet_15_28!$A$11:$A$900,0)))","=INDIRECT(""Data_Sheet_15_28!D""&13+(MATCH(Main!$E$30,Data_Sheet_15_28!$A$11:$A$900,0)))","=INDIRECT(""Data_Sheet_15_28!E""&13+(MATCH(Main!$E$30,Data_Sheet_15_28!$A$11:$A$900,0)))","=INDIRECT(""Data_Sheet_15_28!F""&13+(MATCH(Main!$E$30,Data_Sheet_15_28!$A$11:$A$900,0)))","=INDIRECT(""Data_Sheet_15_28!G""&13+(MATCH(Main!$E$30,Data_Sheet_15_28!$A$11:$A$900,0)))","=INDIRECT(""Data_Sheet_15_28!H""&13+(MATCH(Main!$E$30,Data_Sheet_15_28!$A$11:$A$900,0)))","=INDIRECT(""Data_Sheet_15_28!I""&13+(MATCH(Main!$E$30,Data_Sheet_15_28!$A$11:$A$900,0)))","=INDIRECT(""Data_Sheet_15_28!J""&13+(MATCH(Main!$E$30,Data_Sheet_15_28!$A$11:$A$900,0)))","=INDIRECT(""Data_Sheet_15_28!K""&13+(MATCH(Main!$E$30,Data_Sheet_15_28!$A$11:$A$900,0)))","=INDIRECT(""Data_Sheet_15_28!L""&13+(MATCH(Main!$E$30,Data_Sheet_15_28!$A$11:$A$900,0)))","=INDIRECT(""Data_Sheet_15_28!M""&13+(MATCH(Main!$E$30,Data_Sheet_15_28!$A$11:$A$900,0)))","=INDIRECT(""Data_Sheet_15_28!N""&13+(MATCH(Main!$E$30,Data_Sheet_15_28!$A$11:$A$900,0)))","=INDIRECT(""Data_Sheet_15_28!O""&13+(MATCH(Main!$E$30,Data_Sheet_15_28!$A$11:$A$900,0)))","=INDIRECT(""Data_Sheet_15_28!P""&13+(MATCH(Main!$E$30,Data_Sheet_15_28!$A$11:$A$900,0)))",,,,,,"=INDIRECT(""Data_Sheet_29_40!B""&13+(MATCH(Main!$E$30,Data_Sheet_29_40!$A$11:$A$900,0)))","=INDIRECT(""Data_Sheet_29_40!C""&13+(MATCH(Main!$E$30,Data_Sheet_29_40!$A$11:$A$900,0)))","=INDIRECT(""Data_Sheet_29_40!D""&13+(MATCH(Main!$E$30,Data_Sheet_29_40!$A$11:$A$900,0)))","=INDIRECT(""Data_Sheet_29_40!E""&13+(MATCH(Main!$E$30,Data_Sheet_29_40!$A$11:$A$900,0)))","=INDIRECT(""Data_Sheet_29_40!F""&13+(MATCH(Main!$E$30,Data_Sheet_29_40!$A$11:$A$900,0)))","=INDIRECT(""Data_Sheet_29_40!G""&13+(MATCH(Main!$E$30,Data_Sheet_29_40!$A$11:$A$900,0)))","=INDIRECT(""Data_Sheet_29_40!H""&13+(MATCH(Main!$E$30,Data_Sheet_29_40!$A$11:$A$900,0)))","=INDIRECT(""Data_Sheet_29_40!I""&13+(MATCH(Main!$E$30,Data_Sheet_29_40!$A$11:$A$900,0)))","=INDIRECT(""Data_Sheet_29_40!J""&13+(MATCH(Main!$E$30,Data_Sheet_29_40!$A$11:$A$900,0)))","=INDIRECT(""Data_Sheet_29_40!K""&13+(MATCH(Main!$E$30,Data_Sheet_29_40!$A$11:$A$900,0)))","=INDIRECT(""Data_Sheet_29_40!L""&13+(MATCH(Main!$E$30,Data_Sheet_29_40!$A$11:$A$900,0)))","=INDIRECT(""Data_Sheet_29_40!M""&13+(MATCH(Main!$E$30,Data_Sheet_29_40!$A$11:$A$900,0)))","=INDIRECT(""Data_Sheet_29_40!N""&13+(MATCH(Main!$E$30,Data_Sheet_29_40!$A$11:$A$900,0)))",,
"=INDIRECT(""Data_Sheet!B""&14+$D$5)","=INDIRECT(""Data_Sheet!C""&14+$D$5)","=INDIRECT(""Data_Sheet!D""&14+$D$5)","=INDIRECT(""Data_Sheet!E""&14+$D$5)","=INDIRECT(""Data_Sheet!F""&14+$D$5)","=INDIRECT(""Data_Sheet!G""&14+$D$5)","=INDIRECT(""Data_Sheet!H""&14+$D$5)","=INDIRECT(""Data_Sheet!I""&14+$D$5)","=INDIRECT(""Data_Sheet!J""&14+$D$5)","=INDIRECT(""Data_Sheet!K""&14+$D$5)","=INDIRECT(""Data_Sheet!L""&14+$D$5)","=INDIRECT(""Data_Sheet!M""&14+$D$5)","=INDIRECT(""Data_Sheet!N""&14+$D$5)","=INDIRECT(""Data_Sheet!O""&14+$D$5)","=INDIRECT(""Data_Sheet!P""&14+$D$5)",,,,,,"=INDIRECT(""Data_Sheet_15_28!B""&14+(MATCH(Main!$E$30,Data_Sheet_15_28!$A$11:$A$900,0)))","=INDIRECT(""Data_Sheet_15_28!C""&14+(MATCH(Main!$E$30,Data_Sheet_15_28!$A$11:$A$900,0)))","=INDIRECT(""Data_Sheet_15_28!D""&14+(MATCH(Main!$E$30,Data_Sheet_15_28!$A$11:$A$900,0)))","=INDIRECT(""Data_Sheet_15_28!E""&14+(MATCH(Main!$E$30,Data_Sheet_15_28!$A$11:$A$900,0)))","=INDIRECT(""Data_Sheet_15_28!F""&14+(MATCH(Main!$E$30,Data_Sheet_15_28!$A$11:$A$900,0)))","=INDIRECT(""Data_Sheet_15_28!G""&14+(MATCH(Main!$E$30,Data_Sheet_15_28!$A$11:$A$900,0)))","=INDIRECT(""Data_Sheet_15_28!H""&14+(MATCH(Main!$E$30,Data_Sheet_15_28!$A$11:$A$900,0)))","=INDIRECT(""Data_Sheet_15_28!I""&14+(MATCH(Main!$E$30,Data_Sheet_15_28!$A$11:$A$900,0)))","=INDIRECT(""Data_Sheet_15_28!J""&14+(MATCH(Main!$E$30,Data_Sheet_15_28!$A$11:$A$900,0)))","=INDIRECT(""Data_Sheet_15_28!K""&14+(MATCH(Main!$E$30,Data_Sheet_15_28!$A$11:$A$900,0)))","=INDIRECT(""Data_Sheet_15_28!L""&14+(MATCH(Main!$E$30,Data_Sheet_15_28!$A$11:$A$900,0)))","=INDIRECT(""Data_Sheet_15_28!M""&14+(MATCH(Main!$E$30,Data_Sheet_15_28!$A$11:$A$900,0)))","=INDIRECT(""Data_Sheet_15_28!N""&14+(MATCH(Main!$E$30,Data_Sheet_15_28!$A$11:$A$900,0)))","=INDIRECT(""Data_Sheet_15_28!O""&14+(MATCH(Main!$E$30,Data_Sheet_15_28!$A$11:$A$900,0)))","=INDIRECT(""Data_Sheet_15_28!P""&14+(MATCH(Main!$E$30,Data_Sheet_15_28!$A$11:$A$900,0)))",,,,,,"=INDIRECT(""Data_Sheet_29_40!B""&14+(MATCH(Main!$E$30,Data_Sheet_29_40!$A$11:$A$900,0)))","=INDIRECT(""Data_Sheet_29_40!C""&14+(MATCH(Main!$E$30,Data_Sheet_29_40!$A$11:$A$900,0)))","=INDIRECT(""Data_Sheet_29_40!D""&14+(MATCH(Main!$E$30,Data_Sheet_29_40!$A$11:$A$900,0)))","=INDIRECT(""Data_Sheet_29_40!E""&14+(MATCH(Main!$E$30,Data_Sheet_29_40!$A$11:$A$900,0)))","=INDIRECT(""Data_Sheet_29_40!F""&14+(MATCH(Main!$E$30,Data_Sheet_29_40!$A$11:$A$900,0)))","=INDIRECT(""Data_Sheet_29_40!G""&14+(MATCH(Main!$E$30,Data_Sheet_29_40!$A$11:$A$900,0)))","=INDIRECT(""Data_Sheet_29_40!H""&14+(MATCH(Main!$E$30,Data_Sheet_29_40!$A$11:$A$900,0)))","=INDIRECT(""Data_Sheet_29_40!I""&14+(MATCH(Main!$E$30,Data_Sheet_29_40!$A$11:$A$900,0)))","=INDIRECT(""Data_Sheet_29_40!J""&14+(MATCH(Main!$E$30,Data_Sheet_29_40!$A$11:$A$900,0)))","=INDIRECT(""Data_Sheet_29_40!K""&14+(MATCH(Main!$E$30,Data_Sheet_29_40!$A$11:$A$900,0)))","=INDIRECT(""Data_Sheet_29_40!L""&14+(MATCH(Main!$E$30,Data_Sheet_29_40!$A$11:$A$900,0)))","=INDIRECT(""Data_Sheet_29_40!M""&14+(MATCH(Main!$E$30,Data_Sheet_29_40!$A$11:$A$900,0)))","=INDIRECT(""Data_Sheet_29_40!N""&14+(MATCH(Main!$E$30,Data_Sheet_29_40!$A$11:$A$900,0)))",,
"=INDIRECT(""Data_Sheet!B""&15+$D$5)","=INDIRECT(""Data_Sheet!C""&15+$D$5)","=INDIRECT(""Data_Sheet!D""&15+$D$5)","=INDIRECT(""Data_Sheet!E""&15+$D$5)","=INDIRECT(""Data_Sheet!F""&15+$D$5)","=INDIRECT(""Data_Sheet!G""&15+$D$5)","=INDIRECT(""Data_Sheet!H""&15+$D$5)","=INDIRECT(""Data_Sheet!I""&15+$D$5)","=INDIRECT(""Data_Sheet!J""&15+$D$5)","=INDIRECT(""Data_Sheet!K""&15+$D$5)","=INDIRECT(""Data_Sheet!L""&15+$D$5)","=INDIRECT(""Data_Sheet!M""&15+$D$5)","=INDIRECT(""Data_Sheet!N""&15+$D$5)","=INDIRECT(""Data_Sheet!O""&15+$D$5)","=INDIRECT(""Data_Sheet!P""&15+$D$5)",,,,,,"=INDIRECT(""Data_Sheet_15_28!B""&15+(MATCH(Main!$E$30,Data_Sheet_15_28!$A$11:$A$900,0)))","=INDIRECT(""Data_Sheet_15_28!C""&15+(MATCH(Main!$E$30,Data_Sheet_15_28!$A$11:$A$900,0)))","=INDIRECT(""Data_Sheet_15_28!D""&15+(MATCH(Main!$E$30,Data_Sheet_15_28!$A$11:$A$900,0)))","=INDIRECT(""Data_Sheet_15_28!E""&15+(MATCH(Main!$E$30,Data_Sheet_15_28!$A$11:$A$900,0)))","=INDIRECT(""Data_Sheet_15_28!F""&15+(MATCH(Main!$E$30,Data_Sheet_15_28!$A$11:$A$900,0)))","=INDIRECT(""Data_Sheet_15_28!G""&15+(MATCH(Main!$E$30,Data_Sheet_15_28!$A$11:$A$900,0)))","=INDIRECT(""Data_Sheet_15_28!H""&15+(MATCH(Main!$E$30,Data_Sheet_15_28!$A$11:$A$900,0)))","=INDIRECT(""Data_Sheet_15_28!I""&15+(MATCH(Main!$E$30,Data_Sheet_15_28!$A$11:$A$900,0)))","=INDIRECT(""Data_Sheet_15_28!J""&15+(MATCH(Main!$E$30,Data_Sheet_15_28!$A$11:$A$900,0)))","=INDIRECT(""Data_Sheet_15_28!K""&15+(MATCH(Main!$E$30,Data_Sheet_15_28!$A$11:$A$900,0)))","=INDIRECT(""Data_Sheet_15_28!L""&15+(MATCH(Main!$E$30,Data_Sheet_15_28!$A$11:$A$900,0)))","=INDIRECT(""Data_Sheet_15_28!M""&15+(MATCH(Main!$E$30,Data_Sheet_15_28!$A$11:$A$900,0)))","=INDIRECT(""Data_Sheet_15_28!N""&15+(MATCH(Main!$E$30,Data_Sheet_15_28!$A$11:$A$900,0)))","=INDIRECT(""Data_Sheet_15_28!O""&15+(MATCH(Main!$E$30,Data_Sheet_15_28!$A$11:$A$900,0)))","=INDIRECT(""Data_Sheet_15_28!P""&15+(MATCH(Main!$E$30,Data_Sheet_15_28!$A$11:$A$900,0)))",,,,,,"=INDIRECT(""Data_Sheet_29_40!B""&15+(MATCH(Main!$E$30,Data_Sheet_29_40!$A$11:$A$900,0)))","=INDIRECT(""Data_Sheet_29_40!C""&15+(MATCH(Main!$E$30,Data_Sheet_29_40!$A$11:$A$900,0)))","=INDIRECT(""Data_Sheet_29_40!D""&15+(MATCH(Main!$E$30,Data_Sheet_29_40!$A$11:$A$900,0)))","=INDIRECT(""Data_Sheet_29_40!E""&15+(MATCH(Main!$E$30,Data_Sheet_29_40!$A$11:$A$900,0)))","=INDIRECT(""Data_Sheet_29_40!F""&15+(MATCH(Main!$E$30,Data_Sheet_29_40!$A$11:$A$900,0)))","=INDIRECT(""Data_Sheet_29_40!G""&15+(MATCH(Main!$E$30,Data_Sheet_29_40!$A$11:$A$900,0)))","=INDIRECT(""Data_Sheet_29_40!H""&15+(MATCH(Main!$E$30,Data_Sheet_29_40!$A$11:$A$900,0)))","=INDIRECT(""Data_Sheet_29_40!I""&15+(MATCH(Main!$E$30,Data_Sheet_29_40!$A$11:$A$900,0)))","=INDIRECT(""Data_Sheet_29_40!J""&15+(MATCH(Main!$E$30,Data_Sheet_29_40!$A$11:$A$900,0)))","=INDIRECT(""Data_Sheet_29_40!K""&15+(MATCH(Main!$E$30,Data_Sheet_29_40!$A$11:$A$900,0)))","=INDIRECT(""Data_Sheet_29_40!L""&15+(MATCH(Main!$E$30,Data_Sheet_29_40!$A$11:$A$900,0)))","=INDIRECT(""Data_Sheet_29_40!M""&15+(MATCH(Main!$E$30,Data_Sheet_29_40!$A$11:$A$900,0)))","=INDIRECT(""Data_Sheet_29_40!N""&15+(MATCH(Main!$E$30,Data_Sheet_29_40!$A$11:$A$900,0)))",,
"=INDIRECT(""Data_Sheet!B""&16+$D$5)","=INDIRECT(""Data_Sheet!C""&16+$D$5)","=INDIRECT(""Data_Sheet!D""&16+$D$5)","=INDIRECT(""Data_Sheet!E""&16+$D$5)","=INDIRECT(""Data_Sheet!F""&16+$D$5)","=INDIRECT(""Data_Sheet!G""&16+$D$5)","=INDIRECT(""Data_Sheet!H""&16+$D$5)","=INDIRECT(""Data_Sheet!I""&16+$D$5)","=INDIRECT(""Data_Sheet!J""&16+$D$5)","=INDIRECT(""Data_Sheet!K""&16+$D$5)","=INDIRECT(""Data_Sheet!L""&16+$D$5)","=INDIRECT(""Data_Sheet!M""&16+$D$5)","=INDIRECT(""Data_Sheet!N""&16+$D$5)","=INDIRECT(""Data_Sheet!O""&16+$D$5)","=INDIRECT(""Data_Sheet!P""&16+$D$5)",,,,,,"=INDIRECT(""Data_Sheet_15_28!B""&16+(MATCH(Main!$E$30,Data_Sheet_15_28!$A$11:$A$900,0)))","=INDIRECT(""Data_Sheet_15_28!C""&16+(MATCH(Main!$E$30,Data_Sheet_15_28!$A$11:$A$900,0)))","=INDIRECT(""Data_Sheet_15_28!D""&16+(MATCH(Main!$E$30,Data_Sheet_15_28!$A$11:$A$900,0)))","=INDIRECT(""Data_Sheet_15_28!E""&16+(MATCH(Main!$E$30,Data_Sheet_15_28!$A$11:$A$900,0)))","=INDIRECT(""Data_Sheet_15_28!F""&16+(MATCH(Main!$E$30,Data_Sheet_15_28!$A$11:$A$900,0)))","=INDIRECT(""Data_Sheet_15_28!G""&16+(MATCH(Main!$E$30,Data_Sheet_15_28!$A$11:$A$900,0)))","=INDIRECT(""Data_Sheet_15_28!H""&16+(MATCH(Main!$E$30,Data_Sheet_15_28!$A$11:$A$900,0)))","=INDIRECT(""Data_Sheet_15_28!I""&16+(MATCH(Main!$E$30,Data_Sheet_15_28!$A$11:$A$900,0)))","=INDIRECT(""Data_Sheet_15_28!J""&16+(MATCH(Main!$E$30,Data_Sheet_15_28!$A$11:$A$900,0)))","=INDIRECT(""Data_Sheet_15_28!K""&16+(MATCH(Main!$E$30,Data_Sheet_15_28!$A$11:$A$900,0)))","=INDIRECT(""Data_Sheet_15_28!L""&16+(MATCH(Main!$E$30,Data_Sheet_15_28!$A$11:$A$900,0)))","=INDIRECT(""Data_Sheet_15_28!M""&16+(MATCH(Main!$E$30,Data_Sheet_15_28!$A$11:$A$900,0)))","=INDIRECT(""Data_Sheet_15_28!N""&16+(MATCH(Main!$E$30,Data_Sheet_15_28!$A$11:$A$900,0)))","=INDIRECT(""Data_Sheet_15_28!O""&16+(MATCH(Main!$E$30,Data_Sheet_15_28!$A$11:$A$900,0)))","=INDIRECT(""Data_Sheet_15_28!P""&16+(MATCH(Main!$E$30,Data_Sheet_15_28!$A$11:$A$900,0)))",,,,,,"=INDIRECT(""Data_Sheet_29_40!B""&16+(MATCH(Main!$E$30,Data_Sheet_29_40!$A$11:$A$900,0)))","=INDIRECT(""Data_Sheet_29_40!C""&16+(MATCH(Main!$E$30,Data_Sheet_29_40!$A$11:$A$900,0)))","=INDIRECT(""Data_Sheet_29_40!D""&16+(MATCH(Main!$E$30,Data_Sheet_29_40!$A$11:$A$900,0)))","=INDIRECT(""Data_Sheet_29_40!E""&16+(MATCH(Main!$E$30,Data_Sheet_29_40!$A$11:$A$900,0)))","=INDIRECT(""Data_Sheet_29_40!F""&16+(MATCH(Main!$E$30,Data_Sheet_29_40!$A$11:$A$900,0)))","=INDIRECT(""Data_Sheet_29_40!G""&16+(MATCH(Main!$E$30,Data_Sheet_29_40!$A$11:$A$900,0)))","=INDIRECT(""Data_Sheet_29_40!H""&16+(MATCH(Main!$E$30,Data_Sheet_29_40!$A$11:$A$900,0)))","=INDIRECT(""Data_Sheet_29_40!I""&16+(MATCH(Main!$E$30,Data_Sheet_29_40!$A$11:$A$900,0)))","=INDIRECT(""Data_Sheet_29_40!J""&16+(MATCH(Main!$E$30,Data_Sheet_29_40!$A$11:$A$900,0)))","=INDIRECT(""Data_Sheet_29_40!K""&16+(MATCH(Main!$E$30,Data_Sheet_29_40!$A$11:$A$900,0)))","=INDIRECT(""Data_Sheet_29_40!L""&16+(MATCH(Main!$E$30,Data_Sheet_29_40!$A$11:$A$900,0)))","=INDIRECT(""Data_Sheet_29_40!M""&16+(MATCH(Main!$E$30,Data_Sheet_29_40!$A$11:$A$900,0)))","=INDIRECT(""Data_Sheet_29_40!N""&16+(MATCH(Main!$E$30,Data_Sheet_29_40!$A$11:$A$900,0)))",,
"=INDIRECT(""Data_Sheet!B""&17+$D$5)","=INDIRECT(""Data_Sheet!C""&17+$D$5)","=INDIRECT(""Data_Sheet!D""&17+$D$5)","=INDIRECT(""Data_Sheet!E""&17+$D$5)","=INDIRECT(""Data_Sheet!F""&17+$D$5)","=INDIRECT(""Data_Sheet!G""&17+$D$5)","=INDIRECT(""Data_Sheet!H""&17+$D$5)","=INDIRECT(""Data_Sheet!I""&17+$D$5)","=INDIRECT(""Data_Sheet!J""&17+$D$5)","=INDIRECT(""Data_Sheet!K""&17+$D$5)","=INDIRECT(""Data_Sheet!L""&17+$D$5)","=INDIRECT(""Data_Sheet!M""&17+$D$5)","=INDIRECT(""Data_Sheet!N""&17+$D$5)","=INDIRECT(""Data_Sheet!O""&17+$D$5)","=INDIRECT(""Data_Sheet!P""&17+$D$5)",,,,,,"=INDIRECT(""Data_Sheet_15_28!B""&17+(MATCH(Main!$E$30,Data_Sheet_15_28!$A$11:$A$900,0)))","=INDIRECT(""Data_Sheet_15_28!C""&17+(MATCH(Main!$E$30,Data_Sheet_15_28!$A$11:$A$900,0)))","=INDIRECT(""Data_Sheet_15_28!D""&17+(MATCH(Main!$E$30,Data_Sheet_15_28!$A$11:$A$900,0)))","=INDIRECT(""Data_Sheet_15_28!E""&17+(MATCH(Main!$E$30,Data_Sheet_15_28!$A$11:$A$900,0)))","=INDIRECT(""Data_Sheet_15_28!F""&17+(MATCH(Main!$E$30,Data_Sheet_15_28!$A$11:$A$900,0)))","=INDIRECT(""Data_Sheet_15_28!G""&17+(MATCH(Main!$E$30,Data_Sheet_15_28!$A$11:$A$900,0)))","=INDIRECT(""Data_Sheet_15_28!H""&17+(MATCH(Main!$E$30,Data_Sheet_15_28!$A$11:$A$900,0)))","=INDIRECT(""Data_Sheet_15_28!I""&17+(MATCH(Main!$E$30,Data_Sheet_15_28!$A$11:$A$900,0)))","=INDIRECT(""Data_Sheet_15_28!J""&17+(MATCH(Main!$E$30,Data_Sheet_15_28!$A$11:$A$900,0)))","=INDIRECT(""Data_Sheet_15_28!K""&17+(MATCH(Main!$E$30,Data_Sheet_15_28!$A$11:$A$900,0)))","=INDIRECT(""Data_Sheet_15_28!L""&17+(MATCH(Main!$E$30,Data_Sheet_15_28!$A$11:$A$900,0)))","=INDIRECT(""Data_Sheet_15_28!M""&17+(MATCH(Main!$E$30,Data_Sheet_15_28!$A$11:$A$900,0)))","=INDIRECT(""Data_Sheet_15_28!N""&17+(MATCH(Main!$E$30,Data_Sheet_15_28!$A$11:$A$900,0)))","=INDIRECT(""Data_Sheet_15_28!O""&17+(MATCH(Main!$E$30,Data_Sheet_15_28!$A$11:$A$900,0)))","=INDIRECT(""Data_Sheet_15_28!P""&17+(MATCH(Main!$E$30,Data_Sheet_15_28!$A$11:$A$900,0)))",,,,,,"=INDIRECT(""Data_Sheet_29_40!B""&17+(MATCH(Main!$E$30,Data_Sheet_29_40!$A$11:$A$900,0)))","=INDIRECT(""Data_Sheet_29_40!C""&17+(MATCH(Main!$E$30,Data_Sheet_29_40!$A$11:$A$900,0)))","=INDIRECT(""Data_Sheet_29_40!D""&17+(MATCH(Main!$E$30,Data_Sheet_29_40!$A$11:$A$900,0)))","=INDIRECT(""Data_Sheet_29_40!E""&17+(MATCH(Main!$E$30,Data_Sheet_29_40!$A$11:$A$900,0)))","=INDIRECT(""Data_Sheet_29_40!F""&17+(MATCH(Main!$E$30,Data_Sheet_29_40!$A$11:$A$900,0)))","=INDIRECT(""Data_Sheet_29_40!G""&17+(MATCH(Main!$E$30,Data_Sheet_29_40!$A$11:$A$900,0)))","=INDIRECT(""Data_Sheet_29_40!H""&17+(MATCH(Main!$E$30,Data_Sheet_29_40!$A$11:$A$900,0)))","=INDIRECT(""Data_Sheet_29_40!I""&17+(MATCH(Main!$E$30,Data_Sheet_29_40!$A$11:$A$900,0)))","=INDIRECT(""Data_Sheet_29_40!J""&17+(MATCH(Main!$E$30,Data_Sheet_29_40!$A$11:$A$900,0)))","=INDIRECT(""Data_Sheet_29_40!K""&17+(MATCH(Main!$E$30,Data_Sheet_29_40!$A$11:$A$900,0)))","=INDIRECT(""Data_Sheet_29_40!L""&17+(MATCH(Main!$E$30,Data_Sheet_29_40!$A$11:$A$900,0)))","=INDIRECT(""Data_Sheet_29_40!M""&17+(MATCH(Main!$E$30,Data_Sheet_29_40!$A$11:$A$900,0)))","=INDIRECT(""Data_Sheet_29_40!N""&17+(MATCH(Main!$E$30,Data_Sheet_29_40!$A$11:$A$900,0)))",,
"=INDIRECT(""Data_Sheet!B""&18+$D$5)","=INDIRECT(""Data_Sheet!C""&18+$D$5)","=INDIRECT(""Data_Sheet!D""&18+$D$5)","=INDIRECT(""Data_Sheet!E""&18+$D$5)","=INDIRECT(""Data_Sheet!F""&18+$D$5)","=INDIRECT(""Data_Sheet!G""&18+$D$5)","=INDIRECT(""Data_Sheet!H""&18+$D$5)","=INDIRECT(""Data_Sheet!I""&18+$D$5)","=INDIRECT(""Data_Sheet!J""&18+$D$5)","=INDIRECT(""Data_Sheet!K""&18+$D$5)","=INDIRECT(""Data_Sheet!L""&18+$D$5)","=INDIRECT(""Data_Sheet!M""&18+$D$5)","=INDIRECT(""Data_Sheet!N""&18+$D$5)","=INDIRECT(""Data_Sheet!O""&18+$D$5)","=INDIRECT(""Data_Sheet!P""&18+$D$5)",,,,,,"=INDIRECT(""Data_Sheet_15_28!B""&18+(MATCH(Main!$E$30,Data_Sheet_15_28!$A$11:$A$900,0)))","=INDIRECT(""Data_Sheet_15_28!C""&18+(MATCH(Main!$E$30,Data_Sheet_15_28!$A$11:$A$900,0)))","=INDIRECT(""Data_Sheet_15_28!D""&18+(MATCH(Main!$E$30,Data_Sheet_15_28!$A$11:$A$900,0)))","=INDIRECT(""Data_Sheet_15_28!E""&18+(MATCH(Main!$E$30,Data_Sheet_15_28!$A$11:$A$900,0)))","=INDIRECT(""Data_Sheet_15_28!F""&18+(MATCH(Main!$E$30,Data_Sheet_15_28!$A$11:$A$900,0)))","=INDIRECT(""Data_Sheet_15_28!G""&18+(MATCH(Main!$E$30,Data_Sheet_15_28!$A$11:$A$900,0)))","=INDIRECT(""Data_Sheet_15_28!H""&18+(MATCH(Main!$E$30,Data_Sheet_15_28!$A$11:$A$900,0)))","=INDIRECT(""Data_Sheet_15_28!I""&18+(MATCH(Main!$E$30,Data_Sheet_15_28!$A$11:$A$900,0)))","=INDIRECT(""Data_Sheet_15_28!J""&18+(MATCH(Main!$E$30,Data_Sheet_15_28!$A$11:$A$900,0)))","=INDIRECT(""Data_Sheet_15_28!K""&18+(MATCH(Main!$E$30,Data_Sheet_15_28!$A$11:$A$900,0)))","=INDIRECT(""Data_Sheet_15_28!L""&18+(MATCH(Main!$E$30,Data_Sheet_15_28!$A$11:$A$900,0)))","=INDIRECT(""Data_Sheet_15_28!M""&18+(MATCH(Main!$E$30,Data_Sheet_15_28!$A$11:$A$900,0)))","=INDIRECT(""Data_Sheet_15_28!N""&18+(MATCH(Main!$E$30,Data_Sheet_15_28!$A$11:$A$900,0)))","=INDIRECT(""Data_Sheet_15_28!O""&18+(MATCH(Main!$E$30,Data_Sheet_15_28!$A$11:$A$900,0)))","=INDIRECT(""Data_Sheet_15_28!P""&18+(MATCH(Main!$E$30,Data_Sheet_15_28!$A$11:$A$900,0)))",,,,,,"=INDIRECT(""Data_Sheet_29_40!B""&18+(MATCH(Main!$E$30,Data_Sheet_29_40!$A$11:$A$900,0)))","=INDIRECT(""Data_Sheet_29_40!C""&18+(MATCH(Main!$E$30,Data_Sheet_29_40!$A$11:$A$900,0)))","=INDIRECT(""Data_Sheet_29_40!D""&18+(MATCH(Main!$E$30,Data_Sheet_29_40!$A$11:$A$900,0)))","=INDIRECT(""Data_Sheet_29_40!E""&18+(MATCH(Main!$E$30,Data_Sheet_29_40!$A$11:$A$900,0)))","=INDIRECT(""Data_Sheet_29_40!F""&18+(MATCH(Main!$E$30,Data_Sheet_29_40!$A$11:$A$900,0)))","=INDIRECT(""Data_Sheet_29_40!G""&18+(MATCH(Main!$E$30,Data_Sheet_29_40!$A$11:$A$900,0)))","=INDIRECT(""Data_Sheet_29_40!H""&18+(MATCH(Main!$E$30,Data_Sheet_29_40!$A$11:$A$900,0)))","=INDIRECT(""Data_Sheet_29_40!I""&18+(MATCH(Main!$E$30,Data_Sheet_29_40!$A$11:$A$900,0)))","=INDIRECT(""Data_Sheet_29_40!J""&18+(MATCH(Main!$E$30,Data_Sheet_29_40!$A$11:$A$900,0)))","=INDIRECT(""Data_Sheet_29_40!K""&18+(MATCH(Main!$E$30,Data_Sheet_29_40!$A$11:$A$900,0)))","=INDIRECT(""Data_Sheet_29_40!L""&18+(MATCH(Main!$E$30,Data_Sheet_29_40!$A$11:$A$900,0)))","=INDIRECT(""Data_Sheet_29_40!M""&18+(MATCH(Main!$E$30,Data_Sheet_29_40!$A$11:$A$900,0)))","=INDIRECT(""Data_Sheet_29_40!N""&18+(MATCH(Main!$E$30,Data_Sheet_29_40!$A$11:$A$900,0)))",,
"=INDIRECT(""Data_Sheet!B""&19+$D$5)","=INDIRECT(""Data_Sheet!C""&19+$D$5)","=INDIRECT(""Data_Sheet!D""&19+$D$5)","=INDIRECT(""Data_Sheet!E""&19+$D$5)","=INDIRECT(""Data_Sheet!F""&19+$D$5)","=INDIRECT(""Data_Sheet!G""&19+$D$5)","=INDIRECT(""Data_Sheet!H""&19+$D$5)","=INDIRECT(""Data_Sheet!I""&19+$D$5)","=INDIRECT(""Data_Sheet!J""&19+$D$5)","=INDIRECT(""Data_Sheet!K""&19+$D$5)","=INDIRECT(""Data_Sheet!L""&19+$D$5)","=INDIRECT(""Data_Sheet!M""&19+$D$5)","=INDIRECT(""Data_Sheet!N""&19+$D$5)","=INDIRECT(""Data_Sheet!O""&19+$D$5)","=INDIRECT(""Data_Sheet!P""&19+$D$5)",,,,,,"=INDIRECT(""Data_Sheet_15_28!B""&19+(MATCH(Main!$E$30,Data_Sheet_15_28!$A$11:$A$900,0)))","=INDIRECT(""Data_Sheet_15_28!C""&19+(MATCH(Main!$E$30,Data_Sheet_15_28!$A$11:$A$900,0)))","=INDIRECT(""Data_Sheet_15_28!D""&19+(MATCH(Main!$E$30,Data_Sheet_15_28!$A$11:$A$900,0)))","=INDIRECT(""Data_Sheet_15_28!E""&19+(MATCH(Main!$E$30,Data_Sheet_15_28!$A$11:$A$900,0)))","=INDIRECT(""Data_Sheet_15_28!F""&19+(MATCH(Main!$E$30,Data_Sheet_15_28!$A$11:$A$900,0)))","=INDIRECT(""Data_Sheet_15_28!G""&19+(MATCH(Main!$E$30,Data_Sheet_15_28!$A$11:$A$900,0)))","=INDIRECT(""Data_Sheet_15_28!H""&19+(MATCH(Main!$E$30,Data_Sheet_15_28!$A$11:$A$900,0)))","=INDIRECT(""Data_Sheet_15_28!I""&19+(MATCH(Main!$E$30,Data_Sheet_15_28!$A$11:$A$900,0)))","=INDIRECT(""Data_Sheet_15_28!J""&19+(MATCH(Main!$E$30,Data_Sheet_15_28!$A$11:$A$900,0)))","=INDIRECT(""Data_Sheet_15_28!K""&19+(MATCH(Main!$E$30,Data_Sheet_15_28!$A$11:$A$900,0)))","=INDIRECT(""Data_Sheet_15_28!L""&19+(MATCH(Main!$E$30,Data_Sheet_15_28!$A$11:$A$900,0)))","=INDIRECT(""Data_Sheet_15_28!M""&19+(MATCH(Main!$E$30,Data_Sheet_15_28!$A$11:$A$900,0)))","=INDIRECT(""Data_Sheet_15_28!N""&19+(MATCH(Main!$E$30,Data_Sheet_15_28!$A$11:$A$900,0)))","=INDIRECT(""Data_Sheet_15_28!O""&19+(MATCH(Main!$E$30,Data_Sheet_15_28!$A$11:$A$900,0)))","=INDIRECT(""Data_Sheet_15_28!P""&19+(MATCH(Main!$E$30,Data_Sheet_15_28!$A$11:$A$900,0)))",,,,,,"=INDIRECT(""Data_Sheet_29_40!B""&19+(MATCH(Main!$E$30,Data_Sheet_29_40!$A$11:$A$900,0)))","=INDIRECT(""Data_Sheet_29_40!C""&19+(MATCH(Main!$E$30,Data_Sheet_29_40!$A$11:$A$900,0)))","=INDIRECT(""Data_Sheet_29_40!D""&19+(MATCH(Main!$E$30,Data_Sheet_29_40!$A$11:$A$900,0)))","=INDIRECT(""Data_Sheet_29_40!E""&19+(MATCH(Main!$E$30,Data_Sheet_29_40!$A$11:$A$900,0)))","=INDIRECT(""Data_Sheet_29_40!F""&19+(MATCH(Main!$E$30,Data_Sheet_29_40!$A$11:$A$900,0)))","=INDIRECT(""Data_Sheet_29_40!G""&19+(MATCH(Main!$E$30,Data_Sheet_29_40!$A$11:$A$900,0)))","=INDIRECT(""Data_Sheet_29_40!H""&19+(MATCH(Main!$E$30,Data_Sheet_29_40!$A$11:$A$900,0)))","=INDIRECT(""Data_Sheet_29_40!I""&19+(MATCH(Main!$E$30,Data_Sheet_29_40!$A$11:$A$900,0)))","=INDIRECT(""Data_Sheet_29_40!J""&19+(MATCH(Main!$E$30,Data_Sheet_29_40!$A$11:$A$900,0)))","=INDIRECT(""Data_Sheet_29_40!K""&19+(MATCH(Main!$E$30,Data_Sheet_29_40!$A$11:$A$900,0)))","=INDIRECT(""Data_Sheet_29_40!L""&19+(MATCH(Main!$E$30,Data_Sheet_29_40!$A$11:$A$900,0)))","=INDIRECT(""Data_Sheet_29_40!M""&19+(MATCH(Main!$E$30,Data_Sheet_29_40!$A$11:$A$900,0)))","=INDIRECT(""Data_Sheet_29_40!N""&19+(MATCH(Main!$E$30,Data_Sheet_29_40!$A$11:$A$900,0)))",,
"=INDIRECT(""Data_Sheet!B""&20+$D$5)","=INDIRECT(""Data_Sheet!C""&20+$D$5)","=INDIRECT(""Data_Sheet!D""&20+$D$5)","=INDIRECT(""Data_Sheet!E""&20+$D$5)","=INDIRECT(""Data_Sheet!F""&20+$D$5)","=INDIRECT(""Data_Sheet!G""&20+$D$5)","=INDIRECT(""Data_Sheet!H""&20+$D$5)","=INDIRECT(""Data_Sheet!I""&20+$D$5)","=INDIRECT(""Data_Sheet!J""&20+$D$5)","=INDIRECT(""Data_Sheet!K""&20+$D$5)","=INDIRECT(""Data_Sheet!L""&20+$D$5)","=INDIRECT(""Data_Sheet!M""&20+$D$5)","=INDIRECT(""Data_Sheet!N""&20+$D$5)","=INDIRECT(""Data_Sheet!O""&20+$D$5)","=INDIRECT(""Data_Sheet!P""&20+$D$5)",,,,,,"=INDIRECT(""Data_Sheet_15_28!B""&20+(MATCH(Main!$E$30,Data_Sheet_15_28!$A$11:$A$900,0)))","=INDIRECT(""Data_Sheet_15_28!C""&20+(MATCH(Main!$E$30,Data_Sheet_15_28!$A$11:$A$900,0)))","=INDIRECT(""Data_Sheet_15_28!D""&20+(MATCH(Main!$E$30,Data_Sheet_15_28!$A$11:$A$900,0)))","=INDIRECT(""Data_Sheet_15_28!E""&20+(MATCH(Main!$E$30,Data_Sheet_15_28!$A$11:$A$900,0)))","=INDIRECT(""Data_Sheet_15_28!F""&20+(MATCH(Main!$E$30,Data_Sheet_15_28!$A$11:$A$900,0)))","=INDIRECT(""Data_Sheet_15_28!G""&20+(MATCH(Main!$E$30,Data_Sheet_15_28!$A$11:$A$900,0)))","=INDIRECT(""Data_Sheet_15_28!H""&20+(MATCH(Main!$E$30,Data_Sheet_15_28!$A$11:$A$900,0)))","=INDIRECT(""Data_Sheet_15_28!I""&20+(MATCH(Main!$E$30,Data_Sheet_15_28!$A$11:$A$900,0)))","=INDIRECT(""Data_Sheet_15_28!J""&20+(MATCH(Main!$E$30,Data_Sheet_15_28!$A$11:$A$900,0)))","=INDIRECT(""Data_Sheet_15_28!K""&20+(MATCH(Main!$E$30,Data_Sheet_15_28!$A$11:$A$900,0)))","=INDIRECT(""Data_Sheet_15_28!L""&20+(MATCH(Main!$E$30,Data_Sheet_15_28!$A$11:$A$900,0)))","=INDIRECT(""Data_Sheet_15_28!M""&20+(MATCH(Main!$E$30,Data_Sheet_15_28!$A$11:$A$900,0)))","=INDIRECT(""Data_Sheet_15_28!N""&20+(MATCH(Main!$E$30,Data_Sheet_15_28!$A$11:$A$900,0)))","=INDIRECT(""Data_Sheet_15_28!O""&20+(MATCH(Main!$E$30,Data_Sheet_15_28!$A$11:$A$900,0)))","=INDIRECT(""Data_Sheet_15_28!P""&20+(MATCH(Main!$E$30,Data_Sheet_15_28!$A$11:$A$900,0)))",,,,,,"=INDIRECT(""Data_Sheet_29_40!B""&20+(MATCH(Main!$E$30,Data_Sheet_29_40!$A$11:$A$900,0)))","=INDIRECT(""Data_Sheet_29_40!C""&20+(MATCH(Main!$E$30,Data_Sheet_29_40!$A$11:$A$900,0)))","=INDIRECT(""Data_Sheet_29_40!D""&20+(MATCH(Main!$E$30,Data_Sheet_29_40!$A$11:$A$900,0)))","=INDIRECT(""Data_Sheet_29_40!E""&20+(MATCH(Main!$E$30,Data_Sheet_29_40!$A$11:$A$900,0)))","=INDIRECT(""Data_Sheet_29_40!F""&20+(MATCH(Main!$E$30,Data_Sheet_29_40!$A$11:$A$900,0)))","=INDIRECT(""Data_Sheet_29_40!G""&20+(MATCH(Main!$E$30,Data_Sheet_29_40!$A$11:$A$900,0)))","=INDIRECT(""Data_Sheet_29_40!H""&20+(MATCH(Main!$E$30,Data_Sheet_29_40!$A$11:$A$900,0)))","=INDIRECT(""Data_Sheet_29_40!I""&20+(MATCH(Main!$E$30,Data_Sheet_29_40!$A$11:$A$900,0)))","=INDIRECT(""Data_Sheet_29_40!J""&20+(MATCH(Main!$E$30,Data_Sheet_29_40!$A$11:$A$900,0)))","=INDIRECT(""Data_Sheet_29_40!K""&20+(MATCH(Main!$E$30,Data_Sheet_29_40!$A$11:$A$900,0)))","=INDIRECT(""Data_Sheet_29_40!L""&20+(MATCH(Main!$E$30,Data_Sheet_29_40!$A$11:$A$900,0)))","=INDIRECT(""Data_Sheet_29_40!M""&20+(MATCH(Main!$E$30,Data_Sheet_29_40!$A$11:$A$900,0)))","=INDIRECT(""Data_Sheet_29_40!N""&20+(MATCH(Main!$E$30,Data_Sheet_29_40!$A$11:$A$900,0)))",,
"=INDIRECT(""Data_Sheet!B""&21+$D$5)","=INDIRECT(""Data_Sheet!C""&21+$D$5)","=INDIRECT(""Data_Sheet!D""&21+$D$5)","=INDIRECT(""Data_Sheet!E""&21+$D$5)","=INDIRECT(""Data_Sheet!F""&21+$D$5)","=INDIRECT(""Data_Sheet!G""&21+$D$5)","=INDIRECT(""Data_Sheet!H""&21+$D$5)","=INDIRECT(""Data_Sheet!I""&21+$D$5)","=INDIRECT(""Data_Sheet!J""&21+$D$5)","=INDIRECT(""Data_Sheet!K""&21+$D$5)","=INDIRECT(""Data_Sheet!L""&21+$D$5)","=INDIRECT(""Data_Sheet!M""&21+$D$5)","=INDIRECT(""Data_Sheet!N""&21+$D$5)","=INDIRECT(""Data_Sheet!O""&21+$D$5)","=INDIRECT(""Data_Sheet!P""&21+$D$5)",,,,,,"=INDIRECT(""Data_Sheet_15_28!B""&21+(MATCH(Main!$E$30,Data_Sheet_15_28!$A$11:$A$900,0)))","=INDIRECT(""Data_Sheet_15_28!C""&21+(MATCH(Main!$E$30,Data_Sheet_15_28!$A$11:$A$900,0)))","=INDIRECT(""Data_Sheet_15_28!D""&21+(MATCH(Main!$E$30,Data_Sheet_15_28!$A$11:$A$900,0)))","=INDIRECT(""Data_Sheet_15_28!E""&21+(MATCH(Main!$E$30,Data_Sheet_15_28!$A$11:$A$900,0)))","=INDIRECT(""Data_Sheet_15_28!F""&21+(MATCH(Main!$E$30,Data_Sheet_15_28!$A$11:$A$900,0)))","=INDIRECT(""Data_Sheet_15_28!G""&21+(MATCH(Main!$E$30,Data_Sheet_15_28!$A$11:$A$900,0)))","=INDIRECT(""Data_Sheet_15_28!H""&21+(MATCH(Main!$E$30,Data_Sheet_15_28!$A$11:$A$900,0)))","=INDIRECT(""Data_Sheet_15_28!I""&21+(MATCH(Main!$E$30,Data_Sheet_15_28!$A$11:$A$900,0)))","=INDIRECT(""Data_Sheet_15_28!J""&21+(MATCH(Main!$E$30,Data_Sheet_15_28!$A$11:$A$900,0)))","=INDIRECT(""Data_Sheet_15_28!K""&21+(MATCH(Main!$E$30,Data_Sheet_15_28!$A$11:$A$900,0)))","=INDIRECT(""Data_Sheet_15_28!L""&21+(MATCH(Main!$E$30,Data_Sheet_15_28!$A$11:$A$900,0)))","=INDIRECT(""Data_Sheet_15_28!M""&21+(MATCH(Main!$E$30,Data_Sheet_15_28!$A$11:$A$900,0)))","=INDIRECT(""Data_Sheet_15_28!N""&21+(MATCH(Main!$E$30,Data_Sheet_15_28!$A$11:$A$900,0)))","=INDIRECT(""Data_Sheet_15_28!O""&21+(MATCH(Main!$E$30,Data_Sheet_15_28!$A$11:$A$900,0)))","=INDIRECT(""Data_Sheet_15_28!P""&21+(MATCH(Main!$E$30,Data_Sheet_15_28!$A$11:$A$900,0)))",,,,,,"=INDIRECT(""Data_Sheet_29_40!B""&21+(MATCH(Main!$E$30,Data_Sheet_29_40!$A$11:$A$900,0)))","=INDIRECT(""Data_Sheet_29_40!C""&21+(MATCH(Main!$E$30,Data_Sheet_29_40!$A$11:$A$900,0)))","=INDIRECT(""Data_Sheet_29_40!D""&21+(MATCH(Main!$E$30,Data_Sheet_29_40!$A$11:$A$900,0)))","=INDIRECT(""Data_Sheet_29_40!E""&21+(MATCH(Main!$E$30,Data_Sheet_29_40!$A$11:$A$900,0)))","=INDIRECT(""Data_Sheet_29_40!F""&21+(MATCH(Main!$E$30,Data_Sheet_29_40!$A$11:$A$900,0)))","=INDIRECT(""Data_Sheet_29_40!G""&21+(MATCH(Main!$E$30,Data_Sheet_29_40!$A$11:$A$900,0)))","=INDIRECT(""Data_Sheet_29_40!H""&21+(MATCH(Main!$E$30,Data_Sheet_29_40!$A$11:$A$900,0)))","=INDIRECT(""Data_Sheet_29_40!I""&21+(MATCH(Main!$E$30,Data_Sheet_29_40!$A$11:$A$900,0)))","=INDIRECT(""Data_Sheet_29_40!J""&21+(MATCH(Main!$E$30,Data_Sheet_29_40!$A$11:$A$900,0)))","=INDIRECT(""Data_Sheet_29_40!K""&21+(MATCH(Main!$E$30,Data_Sheet_29_40!$A$11:$A$900,0)))","=INDIRECT(""Data_Sheet_29_40!L""&21+(MATCH(Main!$E$30,Data_Sheet_29_40!$A$11:$A$900,0)))","=INDIRECT(""Data_Sheet_29_40!M""&21+(MATCH(Main!$E$30,Data_Sheet_29_40!$A$11:$A$900,0)))","=INDIRECT(""Data_Sheet_29_40!N""&21+(MATCH(Main!$E$30,Data_Sheet_29_40!$A$11:$A$900,0)))",,
"=INDIRECT(""Data_Sheet!B""&22+$D$5)","=INDIRECT(""Data_Sheet!C""&22+$D$5)","=INDIRECT(""Data_Sheet!D""&22+$D$5)","=INDIRECT(""Data_Sheet!E""&22+$D$5)","=INDIRECT(""Data_Sheet!F""&22+$D$5)","=INDIRECT(""Data_Sheet!G""&22+$D$5)","=INDIRECT(""Data_Sheet!H""&22+$D$5)","=INDIRECT(""Data_Sheet!I""&22+$D$5)","=INDIRECT(""Data_Sheet!J""&22+$D$5)","=INDIRECT(""Data_Sheet!K""&22+$D$5)","=INDIRECT(""Data_Sheet!L""&22+$D$5)","=INDIRECT(""Data_Sheet!M""&22+$D$5)","=INDIRECT(""Data_Sheet!N""&22+$D$5)","=INDIRECT(""Data_Sheet!O""&22+$D$5)","=INDIRECT(""Data_Sheet!P""&22+$D$5)",,,,,,"=INDIRECT(""Data_Sheet_15_28!B""&22+(MATCH(Main!$E$30,Data_Sheet_15_28!$A$11:$A$900,0)))","=INDIRECT(""Data_Sheet_15_28!C""&22+(MATCH(Main!$E$30,Data_Sheet_15_28!$A$11:$A$900,0)))","=INDIRECT(""Data_Sheet_15_28!D""&22+(MATCH(Main!$E$30,Data_Sheet_15_28!$A$11:$A$900,0)))","=INDIRECT(""Data_Sheet_15_28!E""&22+(MATCH(Main!$E$30,Data_Sheet_15_28!$A$11:$A$900,0)))","=INDIRECT(""Data_Sheet_15_28!F""&22+(MATCH(Main!$E$30,Data_Sheet_15_28!$A$11:$A$900,0)))","=INDIRECT(""Data_Sheet_15_28!G""&22+(MATCH(Main!$E$30,Data_Sheet_15_28!$A$11:$A$900,0)))","=INDIRECT(""Data_Sheet_15_28!H""&22+(MATCH(Main!$E$30,Data_Sheet_15_28!$A$11:$A$900,0)))","=INDIRECT(""Data_Sheet_15_28!I""&22+(MATCH(Main!$E$30,Data_Sheet_15_28!$A$11:$A$900,0)))","=INDIRECT(""Data_Sheet_15_28!J""&22+(MATCH(Main!$E$30,Data_Sheet_15_28!$A$11:$A$900,0)))","=INDIRECT(""Data_Sheet_15_28!K""&22+(MATCH(Main!$E$30,Data_Sheet_15_28!$A$11:$A$900,0)))","=INDIRECT(""Data_Sheet_15_28!L""&22+(MATCH(Main!$E$30,Data_Sheet_15_28!$A$11:$A$900,0)))","=INDIRECT(""Data_Sheet_15_28!M""&22+(MATCH(Main!$E$30,Data_Sheet_15_28!$A$11:$A$900,0)))","=INDIRECT(""Data_Sheet_15_28!N""&22+(MATCH(Main!$E$30,Data_Sheet_15_28!$A$11:$A$900,0)))","=INDIRECT(""Data_Sheet_15_28!O""&22+(MATCH(Main!$E$30,Data_Sheet_15_28!$A$11:$A$900,0)))","=INDIRECT(""Data_Sheet_15_28!P""&22+(MATCH(Main!$E$30,Data_Sheet_15_28!$A$11:$A$900,0)))",,,,,,"=INDIRECT(""Data_Sheet_29_40!B""&22+(MATCH(Main!$E$30,Data_Sheet_29_40!$A$11:$A$900,0)))","=INDIRECT(""Data_Sheet_29_40!C""&22+(MATCH(Main!$E$30,Data_Sheet_29_40!$A$11:$A$900,0)))","=INDIRECT(""Data_Sheet_29_40!D""&22+(MATCH(Main!$E$30,Data_Sheet_29_40!$A$11:$A$900,0)))","=INDIRECT(""Data_Sheet_29_40!E""&22+(MATCH(Main!$E$30,Data_Sheet_29_40!$A$11:$A$900,0)))","=INDIRECT(""Data_Sheet_29_40!F""&22+(MATCH(Main!$E$30,Data_Sheet_29_40!$A$11:$A$900,0)))","=INDIRECT(""Data_Sheet_29_40!G""&22+(MATCH(Main!$E$30,Data_Sheet_29_40!$A$11:$A$900,0)))","=INDIRECT(""Data_Sheet_29_40!H""&22+(MATCH(Main!$E$30,Data_Sheet_29_40!$A$11:$A$900,0)))","=INDIRECT(""Data_Sheet_29_40!I""&22+(MATCH(Main!$E$30,Data_Sheet_29_40!$A$11:$A$900,0)))","=INDIRECT(""Data_Sheet_29_40!J""&22+(MATCH(Main!$E$30,Data_Sheet_29_40!$A$11:$A$900,0)))","=INDIRECT(""Data_Sheet_29_40!K""&22+(MATCH(Main!$E$30,Data_Sheet_29_40!$A$11:$A$900,0)))","=INDIRECT(""Data_Sheet_29_40!L""&22+(MATCH(Main!$E$30,Data_Sheet_29_40!$A$11:$A$900,0)))","=INDIRECT(""Data_Sheet_29_40!M""&22+(MATCH(Main!$E$30,Data_Sheet_29_40!$A$11:$A$900,0)))","=INDIRECT(""Data_Sheet_29_40!N""&22+(MATCH(Main!$E$30,Data_Sheet_29_40!$A$11:$A$900,0)))",,
"=INDIRECT(""Data_Sheet!B""&23+$D$5)","=INDIRECT(""Data_Sheet!C""&23+$D$5)","=INDIRECT(""Data_Sheet!D""&23+$D$5)","=INDIRECT(""Data_Sheet!E""&23+$D$5)","=INDIRECT(""Data_Sheet!F""&23+$D$5)","=INDIRECT(""Data_Sheet!G""&23+$D$5)","=INDIRECT(""Data_Sheet!H""&23+$D$5)","=INDIRECT(""Data_Sheet!I""&23+$D$5)","=INDIRECT(""Data_Sheet!J""&23+$D$5)","=INDIRECT(""Data_Sheet!K""&23+$D$5)","=INDIRECT(""Data_Sheet!L""&23+$D$5)","=INDIRECT(""Data_Sheet!M""&23+$D$5)","=INDIRECT(""Data_Sheet!N""&23+$D$5)","=INDIRECT(""Data_Sheet!O""&23+$D$5)","=INDIRECT(""Data_Sheet!P""&23+$D$5)",,,,,,"=INDIRECT(""Data_Sheet_15_28!B""&23+(MATCH(Main!$E$30,Data_Sheet_15_28!$A$11:$A$900,0)))","=INDIRECT(""Data_Sheet_15_28!C""&23+(MATCH(Main!$E$30,Data_Sheet_15_28!$A$11:$A$900,0)))","=INDIRECT(""Data_Sheet_15_28!D""&23+(MATCH(Main!$E$30,Data_Sheet_15_28!$A$11:$A$900,0)))","=INDIRECT(""Data_Sheet_15_28!E""&23+(MATCH(Main!$E$30,Data_Sheet_15_28!$A$11:$A$900,0)))","=INDIRECT(""Data_Sheet_15_28!F""&23+(MATCH(Main!$E$30,Data_Sheet_15_28!$A$11:$A$900,0)))","=INDIRECT(""Data_Sheet_15_28!G""&23+(MATCH(Main!$E$30,Data_Sheet_15_28!$A$11:$A$900,0)))","=INDIRECT(""Data_Sheet_15_28!H""&23+(MATCH(Main!$E$30,Data_Sheet_15_28!$A$11:$A$900,0)))","=INDIRECT(""Data_Sheet_15_28!I""&23+(MATCH(Main!$E$30,Data_Sheet_15_28!$A$11:$A$900,0)))","=INDIRECT(""Data_Sheet_15_28!J""&23+(MATCH(Main!$E$30,Data_Sheet_15_28!$A$11:$A$900,0)))","=INDIRECT(""Data_Sheet_15_28!K""&23+(MATCH(Main!$E$30,Data_Sheet_15_28!$A$11:$A$900,0)))","=INDIRECT(""Data_Sheet_15_28!L""&23+(MATCH(Main!$E$30,Data_Sheet_15_28!$A$11:$A$900,0)))","=INDIRECT(""Data_Sheet_15_28!M""&23+(MATCH(Main!$E$30,Data_Sheet_15_28!$A$11:$A$900,0)))","=INDIRECT(""Data_Sheet_15_28!N""&23+(MATCH(Main!$E$30,Data_Sheet_15_28!$A$11:$A$900,0)))","=INDIRECT(""Data_Sheet_15_28!O""&23+(MATCH(Main!$E$30,Data_Sheet_15_28!$A$11:$A$900,0)))","=INDIRECT(""Data_Sheet_15_28!P""&23+(MATCH(Main!$E$30,Data_Sheet_15_28!$A$11:$A$900,0)))",,,,,,"=INDIRECT(""Data_Sheet_29_40!B""&23+(MATCH(Main!$E$30,Data_Sheet_29_40!$A$11:$A$900,0)))","=INDIRECT(""Data_Sheet_29_40!C""&23+(MATCH(Main!$E$30,Data_Sheet_29_40!$A$11:$A$900,0)))","=INDIRECT(""Data_Sheet_29_40!D""&23+(MATCH(Main!$E$30,Data_Sheet_29_40!$A$11:$A$900,0)))","=INDIRECT(""Data_Sheet_29_40!E""&23+(MATCH(Main!$E$30,Data_Sheet_29_40!$A$11:$A$900,0)))","=INDIRECT(""Data_Sheet_29_40!F""&23+(MATCH(Main!$E$30,Data_Sheet_29_40!$A$11:$A$900,0)))","=INDIRECT(""Data_Sheet_29_40!G""&23+(MATCH(Main!$E$30,Data_Sheet_29_40!$A$11:$A$900,0)))","=INDIRECT(""Data_Sheet_29_40!H""&23+(MATCH(Main!$E$30,Data_Sheet_29_40!$A$11:$A$900,0)))","=INDIRECT(""Data_Sheet_29_40!I""&23+(MATCH(Main!$E$30,Data_Sheet_29_40!$A$11:$A$900,0)))","=INDIRECT(""Data_Sheet_29_40!J""&23+(MATCH(Main!$E$30,Data_Sheet_29_40!$A$11:$A$900,0)))","=INDIRECT(""Data_Sheet_29_40!K""&23+(MATCH(Main!$E$30,Data_Sheet_29_40!$A$11:$A$900,0)))","=INDIRECT(""Data_Sheet_29_40!L""&23+(MATCH(Main!$E$30,Data_Sheet_29_40!$A$11:$A$900,0)))","=INDIRECT(""Data_Sheet_29_40!M""&23+(MATCH(Main!$E$30,Data_Sheet_29_40!$A$11:$A$900,0)))","=INDIRECT(""Data_Sheet_29_40!N""&23+(MATCH(Main!$E$30,Data_Sheet_29_40!$A$11:$A$900,0)))",,
"=INDIRECT(""Data_Sheet!B""&24+$D$5)","=INDIRECT(""Data_Sheet!C""&24+$D$5)","=INDIRECT(""Data_Sheet!D""&24+$D$5)","=INDIRECT(""Data_Sheet!E""&24+$D$5)","=INDIRECT(""Data_Sheet!F""&24+$D$5)","=INDIRECT(""Data_Sheet!G""&24+$D$5)","=INDIRECT(""Data_Sheet!H""&24+$D$5)","=INDIRECT(""Data_Sheet!I""&24+$D$5)","=INDIRECT(""Data_Sheet!J""&24+$D$5)","=INDIRECT(""Data_Sheet!K""&24+$D$5)","=INDIRECT(""Data_Sheet!L""&24+$D$5)","=INDIRECT(""Data_Sheet!M""&24+$D$5)","=INDIRECT(""Data_Sheet!N""&24+$D$5)","=INDIRECT(""Data_Sheet!O""&24+$D$5)","=INDIRECT(""Data_Sheet!P""&24+$D$5)",,,,,,"=INDIRECT(""Data_Sheet_15_28!B""&24+(MATCH(Main!$E$30,Data_Sheet_15_28!$A$11:$A$900,0)))","=INDIRECT(""Data_Sheet_15_28!C""&24+(MATCH(Main!$E$30,Data_Sheet_15_28!$A$11:$A$900,0)))","=INDIRECT(""Data_Sheet_15_28!D""&24+(MATCH(Main!$E$30,Data_Sheet_15_28!$A$11:$A$900,0)))","=INDIRECT(""Data_Sheet_15_28!E""&24+(MATCH(Main!$E$30,Data_Sheet_15_28!$A$11:$A$900,0)))","=INDIRECT(""Data_Sheet_15_28!F""&24+(MATCH(Main!$E$30,Data_Sheet_15_28!$A$11:$A$900,0)))","=INDIRECT(""Data_Sheet_15_28!G""&24+(MATCH(Main!$E$30,Data_Sheet_15_28!$A$11:$A$900,0)))","=INDIRECT(""Data_Sheet_15_28!H""&24+(MATCH(Main!$E$30,Data_Sheet_15_28!$A$11:$A$900,0)))","=INDIRECT(""Data_Sheet_15_28!I""&24+(MATCH(Main!$E$30,Data_Sheet_15_28!$A$11:$A$900,0)))","=INDIRECT(""Data_Sheet_15_28!J""&24+(MATCH(Main!$E$30,Data_Sheet_15_28!$A$11:$A$900,0)))","=INDIRECT(""Data_Sheet_15_28!K""&24+(MATCH(Main!$E$30,Data_Sheet_15_28!$A$11:$A$900,0)))","=INDIRECT(""Data_Sheet_15_28!L""&24+(MATCH(Main!$E$30,Data_Sheet_15_28!$A$11:$A$900,0)))","=INDIRECT(""Data_Sheet_15_28!M""&24+(MATCH(Main!$E$30,Data_Sheet_15_28!$A$11:$A$900,0)))","=INDIRECT(""Data_Sheet_15_28!N""&24+(MATCH(Main!$E$30,Data_Sheet_15_28!$A$11:$A$900,0)))","=INDIRECT(""Data_Sheet_15_28!O""&24+(MATCH(Main!$E$30,Data_Sheet_15_28!$A$11:$A$900,0)))","=INDIRECT(""Data_Sheet_15_28!P""&24+(MATCH(Main!$E$30,Data_Sheet_15_28!$A$11:$A$900,0)))",,,,,,"=INDIRECT(""Data_Sheet_29_40!B""&24+(MATCH(Main!$E$30,Data_Sheet_29_40!$A$11:$A$900,0)))","=INDIRECT(""Data_Sheet_29_40!C""&24+(MATCH(Main!$E$30,Data_Sheet_29_40!$A$11:$A$900,0)))","=INDIRECT(""Data_Sheet_29_40!D""&24+(MATCH(Main!$E$30,Data_Sheet_29_40!$A$11:$A$900,0)))","=INDIRECT(""Data_Sheet_29_40!E""&24+(MATCH(Main!$E$30,Data_Sheet_29_40!$A$11:$A$900,0)))","=INDIRECT(""Data_Sheet_29_40!F""&24+(MATCH(Main!$E$30,Data_Sheet_29_40!$A$11:$A$900,0)))","=INDIRECT(""Data_Sheet_29_40!G""&24+(MATCH(Main!$E$30,Data_Sheet_29_40!$A$11:$A$900,0)))","=INDIRECT(""Data_Sheet_29_40!H""&24+(MATCH(Main!$E$30,Data_Sheet_29_40!$A$11:$A$900,0)))","=INDIRECT(""Data_Sheet_29_40!I""&24+(MATCH(Main!$E$30,Data_Sheet_29_40!$A$11:$A$900,0)))","=INDIRECT(""Data_Sheet_29_40!J""&24+(MATCH(Main!$E$30,Data_Sheet_29_40!$A$11:$A$900,0)))","=INDIRECT(""Data_Sheet_29_40!K""&24+(MATCH(Main!$E$30,Data_Sheet_29_40!$A$11:$A$900,0)))","=INDIRECT(""Data_Sheet_29_40!L""&24+(MATCH(Main!$E$30,Data_Sheet_29_40!$A$11:$A$900,0)))","=INDIRECT(""Data_Sheet_29_40!M""&24+(MATCH(Main!$E$30,Data_Sheet_29_40!$A$11:$A$900,0)))","=INDIRECT(""Data_Sheet_29_40!N""&24+(MATCH(Main!$E$30,Data_Sheet_29_40!$A$11:$A$900,0)))",,
"=INDIRECT(""Data_Sheet!B""&25+$D$5)","=INDIRECT(""Data_Sheet!C""&25+$D$5)","=INDIRECT(""Data_Sheet!D""&25+$D$5)","=INDIRECT(""Data_Sheet!E""&25+$D$5)","=INDIRECT(""Data_Sheet!F""&25+$D$5)","=INDIRECT(""Data_Sheet!G""&25+$D$5)","=INDIRECT(""Data_Sheet!H""&25+$D$5)","=INDIRECT(""Data_Sheet!I""&25+$D$5)","=INDIRECT(""Data_Sheet!J""&25+$D$5)","=INDIRECT(""Data_Sheet!K""&25+$D$5)","=INDIRECT(""Data_Sheet!L""&25+$D$5)","=INDIRECT(""Data_Sheet!M""&25+$D$5)","=INDIRECT(""Data_Sheet!N""&25+$D$5)","=INDIRECT(""Data_Sheet!O""&25+$D$5)","=INDIRECT(""Data_Sheet!P""&25+$D$5)",,,,,,"=INDIRECT(""Data_Sheet_15_28!B""&25+(MATCH(Main!$E$30,Data_Sheet_15_28!$A$11:$A$900,0)))","=INDIRECT(""Data_Sheet_15_28!C""&25+(MATCH(Main!$E$30,Data_Sheet_15_28!$A$11:$A$900,0)))","=INDIRECT(""Data_Sheet_15_28!D""&25+(MATCH(Main!$E$30,Data_Sheet_15_28!$A$11:$A$900,0)))","=INDIRECT(""Data_Sheet_15_28!E""&25+(MATCH(Main!$E$30,Data_Sheet_15_28!$A$11:$A$900,0)))","=INDIRECT(""Data_Sheet_15_28!F""&25+(MATCH(Main!$E$30,Data_Sheet_15_28!$A$11:$A$900,0)))","=INDIRECT(""Data_Sheet_15_28!G""&25+(MATCH(Main!$E$30,Data_Sheet_15_28!$A$11:$A$900,0)))","=INDIRECT(""Data_Sheet_15_28!H""&25+(MATCH(Main!$E$30,Data_Sheet_15_28!$A$11:$A$900,0)))","=INDIRECT(""Data_Sheet_15_28!I""&25+(MATCH(Main!$E$30,Data_Sheet_15_28!$A$11:$A$900,0)))","=INDIRECT(""Data_Sheet_15_28!J""&25+(MATCH(Main!$E$30,Data_Sheet_15_28!$A$11:$A$900,0)))","=INDIRECT(""Data_Sheet_15_28!K""&25+(MATCH(Main!$E$30,Data_Sheet_15_28!$A$11:$A$900,0)))","=INDIRECT(""Data_Sheet_15_28!L""&25+(MATCH(Main!$E$30,Data_Sheet_15_28!$A$11:$A$900,0)))","=INDIRECT(""Data_Sheet_15_28!M""&25+(MATCH(Main!$E$30,Data_Sheet_15_28!$A$11:$A$900,0)))","=INDIRECT(""Data_Sheet_15_28!N""&25+(MATCH(Main!$E$30,Data_Sheet_15_28!$A$11:$A$900,0)))","=INDIRECT(""Data_Sheet_15_28!O""&25+(MATCH(Main!$E$30,Data_Sheet_15_28!$A$11:$A$900,0)))","=INDIRECT(""Data_Sheet_15_28!P""&25+(MATCH(Main!$E$30,Data_Sheet_15_28!$A$11:$A$900,0)))",,,,,,"=INDIRECT(""Data_Sheet_29_40!B""&25+(MATCH(Main!$E$30,Data_Sheet_29_40!$A$11:$A$900,0)))","=INDIRECT(""Data_Sheet_29_40!C""&25+(MATCH(Main!$E$30,Data_Sheet_29_40!$A$11:$A$900,0)))","=INDIRECT(""Data_Sheet_29_40!D""&25+(MATCH(Main!$E$30,Data_Sheet_29_40!$A$11:$A$900,0)))","=INDIRECT(""Data_Sheet_29_40!E""&25+(MATCH(Main!$E$30,Data_Sheet_29_40!$A$11:$A$900,0)))","=INDIRECT(""Data_Sheet_29_40!F""&25+(MATCH(Main!$E$30,Data_Sheet_29_40!$A$11:$A$900,0)))","=INDIRECT(""Data_Sheet_29_40!G""&25+(MATCH(Main!$E$30,Data_Sheet_29_40!$A$11:$A$900,0)))","=INDIRECT(""Data_Sheet_29_40!H""&25+(MATCH(Main!$E$30,Data_Sheet_29_40!$A$11:$A$900,0)))","=INDIRECT(""Data_Sheet_29_40!I""&25+(MATCH(Main!$E$30,Data_Sheet_29_40!$A$11:$A$900,0)))","=INDIRECT(""Data_Sheet_29_40!J""&25+(MATCH(Main!$E$30,Data_Sheet_29_40!$A$11:$A$900,0)))","=INDIRECT(""Data_Sheet_29_40!K""&25+(MATCH(Main!$E$30,Data_Sheet_29_40!$A$11:$A$900,0)))","=INDIRECT(""Data_Sheet_29_40!L""&25+(MATCH(Main!$E$30,Data_Sheet_29_40!$A$11:$A$900,0)))","=INDIRECT(""Data_Sheet_29_40!M""&25+(MATCH(Main!$E$30,Data_Sheet_29_40!$A$11:$A$900,0)))","=INDIRECT(""Data_Sheet_29_40!N""&25+(MATCH(Main!$E$30,Data_Sheet_29_40!$A$11:$A$900,0)))",,
,,,,,,,,,,,,,,,,,,,,,,,,,,,,,,,,,,,,,,,,,,,,,,,,,,,,,,
LOW,"=IF(OR(B30>7,MIN(B10:B25)=0),"""",MIN(B10:B25))","=IF(OR(C30>7,MIN(C10:C25)=0),"""",MIN(C10:C25))","=IF(OR(D30>7,MIN(D10:D25)=0),"""",MIN(D10:D25))","=IF(OR(E30>7,MIN(E10:E25)=0),"""",MIN(E10:E25))","=IF(OR(F30>7,MIN(F10:F25)=0),"""",MIN(F10:F25))","=IF(OR(G30>7,MIN(G10:G25)=0),"""",MIN(G10:G25))","=IF(OR(H30>7,MIN(H10:H25)=0),"""",MIN(H10:H25))","=IF(OR(I30>7,MIN(I10:I25)=0),"""",MIN(I10:I25))","=IF(OR(J30>7,MIN(J10:J25)=0),"""",MIN(J10:J25))","=IF(OR(K30>7,MIN(K10:K25)=0),"""",MIN(K10:K25))","=IF(OR(L30>7,MIN(L10:L25)=0),"""",MIN(L10:L25))","=IF(OR(M30>7,MIN(M10:M25)=0),"""",MIN(M10:M25))","=IF(OR(N30>7,MIN(N10:N25)=0),"""",MIN(N10:N25))","=IF(OR(O30>7,MIN(O10:O25)=0),"""",MIN(O10:O25))",,,,,,LOW,"=IF(OR(V30>7,MIN(V10:V25)=0),"""",MIN(V10:V25))","=IF(OR(W30>7,MIN(W10:W25)=0),"""",MIN(W10:W25))","=IF(OR(X30>7,MIN(X10:X25)=0),"""",MIN(X10:X25))","=IF(OR(Y30>7,MIN(Y10:Y25)=0),"""",MIN(Y10:Y25))","=IF(OR(Z30>7,MIN(Z10:Z25)=0),"""",MIN(Z10:Z25))","=IF(OR(AA30>7,MIN(AA10:AA25)=0),"""",MIN(AA10:AA25))","=IF(OR(AB30>7,MIN(AB10:AB25)=0),"""",MIN(AB10:AB25))","=IF(OR(AC30>7,MIN(AC10:AC25)=0),"""",MIN(AC10:AC25))","=IF(OR(AD30>7,MIN(AD10:AD25)=0),"""",MIN(AD10:AD25))","=IF(OR(AE30>7,MIN(AE10:AE25)=0),"""",MIN(AE10:AE25))","=IF(OR(AF30>7,MIN(AF10:AF25)=0),"""",MIN(AF10:AF25))","=IF(OR(AG30>7,MIN(AG10:AG25)=0),"""",MIN(AG10:AG25))","=IF(OR(AH30>7,MIN(AH10:AH25)=0),"""",MIN(AH10:AH25))","=IF(OR(AI30>7,MIN(AI10:AI25)=0),"""",MIN(AI10:AI25))",,,,,,LOW,"=IF(OR(AP30>7,MIN(AP10:AP25)=0),"""",MIN(AP10:AP25))","=IF(OR(AQ30>7,MIN(AQ10:AQ25)=0),"""",MIN(AQ10:AQ25))","=IF(OR(AR30>7,MIN(AR10:AR25)=0),"""",MIN(AR10:AR25))","=IF(OR(AS30>7,MIN(AS10:AS25)=0),"""",MIN(AS10:AS25))","=IF(OR(AT30>7,MIN(AT10:AT25)=0),"""",MIN(AT10:AT25))","=IF(OR(AU30>7,MIN(AU10:AU25)=0),"""",MIN(AU10:AU25))","=IF(OR(AV30>7,MIN(AV10:AV25)=0),"""",MIN(AV10:AV25))","=IF(OR(AW30>7,MIN(AW10:AW25)=0),"""",MIN(AW10:AW25))","=IF(OR(AX30>7,MIN(AX10:AX25)=0),"""",MIN(AX10:AX25))","=IF(OR(AY30>7,MIN(AY10:AY25)=0),"""",MIN(AY10:AY25))","=IF(OR(AZ30>7,MIN(AZ10:AZ25)=0),"""",MIN(AZ10:AZ25))","=IF(OR(BA30>7,MIN(BA10:BA25)=0),"""",MIN(BA10:BA25))",,
,"=IF(B27<>"""",B27-$A$1,"""")","=IF(C27<>"""",C27-$A$1,"""")","=IF(D27<>"""",D27-$A$1,"""")","=IF(E27<>"""",E27-$A$1,"""")","=IF(F27<>"""",F27-$A$1,"""")","=IF(G27<>"""",G27-$A$1,"""")","=IF(H27<>"""",H27-$A$1,"""")","=IF(I27<>"""",I27-$A$1,"""")","=IF(J27<>"""",J27-$A$1,"""")","=IF(K27<>"""",K27-$A$1,"""")","=IF(L27<>"""",L27-$A$1,"""")","=IF(M27<>"""",M27-$A$1,"""")","=IF(N27<>"""",N27-$A$1,"""")","=IF(O27<>"""",O27-$A$1,"""")",,,,,,,"=IF(V27<>"""",V27-$A$1,"""")","=IF(W27<>"""",W27-$A$1,"""")","=IF(X27<>"""",X27-$A$1,"""")","=IF(Y27<>"""",Y27-$A$1,"""")","=IF(Z27<>"""",Z27-$A$1,"""")","=IF(AA27<>"""",AA27-$A$1,"""")","=IF(AB27<>"""",AB27-$A$1,"""")","=IF(AC27<>"""",AC27-$A$1,"""")","=IF(AD27<>"""",AD27-$A$1,"""")","=IF(AE27<>"""",AE27-$A$1,"""")","=IF(AF27<>"""",AF27-$A$1,"""")","=IF(AG27<>"""",AG27-$A$1,"""")","=IF(AH27<>"""",AH27-$A$1,"""")","=IF(AI27<>"""",AI27-$A$1,"""")",,,,,,,"=IF(AP27<>"""",AP27-$A$1,"""")","=IF(AQ27<>"""",AQ27-$A$1,"""")","=IF(AR27<>"""",AR27-$A$1,"""")","=IF(AS27<>"""",AS27-$A$1,"""")","=IF(AT27<>"""",AT27-$A$1,"""")","=IF(AU27<>"""",AU27-$A$1,"""")","=IF(AV27<>"""",AV27-$A$1,"""")","=IF(AW27<>"""",AW27-$A$1,"""")","=IF(AX27<>"""",AX27-$A$1,"""")","=IF(AY27<>"""",AY27-$A$1,"""")","=IF(AZ27<>"""",AZ27-$A$1,"""")","=IF(BA27<>"""",BA27-$A$1,"""")",,
HIGH,"=IF(OR(B30>7,B27=""""),"""",LARGE(B10:B25,B30))","=IF(OR(C30>7,C27=""""),"""",LARGE(C10:C25,C30))","=IF(OR(D30>7,D27=""""),"""",LARGE(D10:D25,D30))","=IF(OR(E30>7,E27=""""),"""",LARGE(E10:E25,E30))","=IF(OR(F30>7,F27=""""),"""",LARGE(F10:F25,F30))","=IF(OR(G30>7,G27=""""),"""",LARGE(G10:G25,G30))","=IF(OR(H30>7,H27=""""),"""",LARGE(H10:H25,H30))","=IF(OR(I30>7,I27=""""),"""",LARGE(I10:I25,I30))","=IF(OR(J30>7,J27=""""),"""",LARGE(J10:J25,J30))","=IF(OR(K30>7,K27=""""),"""",LARGE(K10:K25,K30))","=IF(OR(L30>7,L27=""""),"""",LARGE(L10:L25,L30))","=IF(OR(M30>7,M27=""""),"""",LARGE(M10:M25,M30))","=IF(OR(N30>7,N27=""""),"""",LARGE(N10:N25,N30))","=IF(OR(O30>7,O27=""""),"""",LARGE(O10:O25,O30))",,,,,,HIGH,"=IF(OR(V30>7,V27=""""),"""",LARGE(V10:V25,V30))","=IF(OR(W30>7,W27=""""),"""",LARGE(W10:W25,W30))","=IF(OR(X30>7,X27=""""),"""",LARGE(X10:X25,X30))","=IF(OR(Y30>7,Y27=""""),"""",LARGE(Y10:Y25,Y30))","=IF(OR(Z30>7,Z27=""""),"""",LARGE(Z10:Z25,Z30))","=IF(OR(AA30>7,AA27=""""),"""",LARGE(AA10:AA25,AA30))","=IF(OR(AB30>7,AB27=""""),"""",LARGE(AB10:AB25,AB30))","=IF(OR(AC30>7,AC27=""""),"""",LARGE(AC10:AC25,AC30))","=IF(OR(AD30>7,AD27=""""),"""",LARGE(AD10:AD25,AD30))","=IF(OR(AE30>7,AE27=""""),"""",LARGE(AE10:AE25,AE30))","=IF(OR(AF30>7,AF27=""""),"""",LARGE(AF10:AF25,AF30))","=IF(OR(AG30>7,AG27=""""),"""",LARGE(AG10:AG25,AG30))","=IF(OR(AH30>7,AH27=""""),"""",LARGE(AH10:AH25,AH30))","=IF(OR(AI30>7,AI27=""""),"""",LARGE(AI10:AI25,AI30))",,,,,,HIGH,"=IF(OR(AP30>7,AP27=""""),"""",LARGE(AP10:AP25,AP30))","=IF(OR(AQ30>7,AQ27=""""),"""",LARGE(AQ10:AQ25,AQ30))","=IF(OR(AR30>7,AR27=""""),"""",LARGE(AR10:AR25,AR30))","=IF(OR(AS30>7,AS27=""""),"""",LARGE(AS10:AS25,AS30))","=IF(OR(AT30>7,AT27=""""),"""",LARGE(AT10:AT25,AT30))","=IF(OR(AU30>7,AU27=""""),"""",LARGE(AU10:AU25,AU30))","=IF(OR(AV30>7,AV27=""""),"""",LARGE(AV10:AV25,AV30))","=IF(OR(AW30>7,AW27=""""),"""",LARGE(AW10:AW25,AW30))","=IF(OR(AX30>7,AX27=""""),"""",LARGE(AX10:AX25,AX30))","=IF(OR(AY30>7,AY27=""""),"""",LARGE(AY10:AY25,AY30))","=IF(OR(AZ30>7,AZ27=""""),"""",LARGE(AZ10:AZ25,AZ30))","=IF(OR(BA30>7,BA27=""""),"""",LARGE(BA10:BA25,BA30))",,
,"=COUNTIF(B10:B25,"">""&$A$1+200)+1","=COUNTIF(C10:C25,"">""&$A$1+200)+1","=COUNTIF(D10:D25,"">""&$A$1+200)+1","=COUNTIF(E10:E25,"">""&$A$1+200)+1","=COUNTIF(F10:F25,"">""&$A$1+200)+1","=COUNTIF(G10:G25,"">""&$A$1+200)+1","=COUNTIF(H10:H25,"">""&$A$1+200)+1","=COUNTIF(I10:I25,"">""&$A$1+200)+1","=COUNTIF(J10:J25,"">""&$A$1+200)+1","=COUNTIF(K10:K25,"">""&$A$1+200)+1","=COUNTIF(L10:L25,"">""&$A$1+200)+1","=COUNTIF(M10:M25,"">""&$A$1+200)+1","=COUNTIF(N10:N25,"">""&$A$1+200)+1","=COUNTIF(O10:O25,"">""&$A$1+200)+1",,,,,,,"=COUNTIF(V10:V25,"">""&$A$1+200)+1","=COUNTIF(W10:W25,"">""&$A$1+200)+1","=COUNTIF(X10:X25,"">""&$A$1+200)+1","=COUNTIF(Y10:Y25,"">""&$A$1+200)+1","=COUNTIF(Z10:Z25,"">""&$A$1+200)+1","=COUNTIF(AA10:AA25,"">""&$A$1+200)+1","=COUNTIF(AB10:AB25,"">""&$A$1+200)+1","=COUNTIF(AC10:AC25,"">""&$A$1+200)+1","=COUNTIF(AD10:AD25,"">""&$A$1+200)+1","=COUNTIF(AE10:AE25,"">""&$A$1+200)+1","=COUNTIF(AF10:AF25,"">""&$A$1+200)+1","=COUNTIF(AG10:AG25,"">""&$A$1+200)+1","=COUNTIF(AH10:AH25,"">""&$A$1+200)+1","=COUNTIF(AI10:AI25,"">""&$A$1+200)+1",,,,,,,"=COUNTIF(AP10:AP25,"">""&$A$1+200)+1","=COUNTIF(AQ10:AQ25,"">""&$A$1+200)+1","=COUNTIF(AR10:AR25,"">""&$A$1+200)+1","=COUNTIF(AS10:AS25,"">""&$A$1+200)+1","=COUNTIF(AT10:AT25,"">""&$A$1+200)+1","=COUNTIF(AU10:AU25,"">""&$A$1+200)+1","=COUNTIF(AV10:AV25,"">""&$A$1+200)+1","=COUNTIF(AW10:AW25,"">""&$A$1+200)+1","=COUNTIF(AX10:AX25,"">""&$A$1+200)+1","=COUNTIF(AY10:AY25,"">""&$A$1+200)+1","=COUNTIF(AZ10:AZ25,"">""&$A$1+200)+1","=COUNTIF(BA10:BA25,"">""&$A$1+200)+1",,
NORM,"=IF(B10="""","""",AVERAGEIF(B10:B25,""<""&$A$1+200))","=IF(C10="""","""",AVERAGEIF(C10:C25,""<""&$A$1+200))","=IF(D10="""","""",AVERAGEIF(D10:D25,""<""&$A$1+200))","=IF(E10="""","""",AVERAGEIF(E10:E25,""<""&$A$1+200))","=IF(F10="""","""",AVERAGEIF(F10:F25,""<""&$A$1+200))","=IF(G10="""","""",AVERAGEIF(G10:G25,""<""&$A$1+200))","=IF(H10="""","""",AVERAGEIF(H10:H25,""<""&$A$1+200))","=IF(I10="""","""",AVERAGEIF(I10:I25,""<""&$A$1+200))","=IF(J10="""","""",AVERAGEIF(J10:J25,""<""&$A$1+200))","=IF(K10="""","""",AVERAGEIF(K10:K25,""<""&$A$1+200))","=IF(L10="""","""",AVERAGEIF(L10:L25,""<""&$A$1+200))","=IF(M10="""","""",AVERAGEIF(M10:M25,""<""&$A$1+200))","=IF(N10="""","""",AVERAGEIF(N10:N25,""<""&$A$1+200))","=IF(O10="""","""",AVERAGEIF(O10:O25,""<""&$A$1+200))",,,,,,NORM,"=IF(V10="""","""",AVERAGEIF(V10:V25,""<""&$A$1+200))","=IF(W10="""","""",AVERAGEIF(W10:W25,""<""&$A$1+200))","=IF(X10="""","""",AVERAGEIF(X10:X25,""<""&$A$1+200))","=IF(Y10="""","""",AVERAGEIF(Y10:Y25,""<""&$A$1+200))","=IF(Z10="""","""",AVERAGEIF(Z10:Z25,""<""&$A$1+200))","=IF(AA10="""","""",AVERAGEIF(AA10:AA25,""<""&$A$1+200))","=IF(AB10="""","""",AVERAGEIF(AB10:AB25,""<""&$A$1+200))","=IF(AC10="""","""",AVERAGEIF(AC10:AC25,""<""&$A$1+200))","=IF(AD10="""","""",AVERAGEIF(AD10:AD25,""<""&$A$1+200))","=IF(AE10="""","""",AVERAGEIF(AE10:AE25,""<""&$A$1+200))","=IF(AF10="""","""",AVERAGEIF(AF10:AF25,""<""&$A$1+200))","=IF(AG10="""","""",AVERAGEIF(AG10:AG25,""<""&$A$1+200))","=IF(AH10="""","""",AVERAGEIF(AH10:AH25,""<""&$A$1+200))","=IF(AI10="""","""",AVERAGEIF(AI10:AI25,""<""&$A$1+200))",,,,,,NORM,"=IF(AP10="""","""",AVERAGEIF(AP10:AP25,""<""&$A$1+200))","=IF(AQ10="""","""",AVERAGEIF(AQ10:AQ25,""<""&$A$1+200))","=IF(AR10="""","""",AVERAGEIF(AR10:AR25,""<""&$A$1+200))","=IF(AS10="""","""",AVERAGEIF(AS10:AS25,""<""&$A$1+200))","=IF(AT10="""","""",AVERAGEIF(AT10:AT25,""<""&$A$1+200))","=IF(AU10="""","""",AVERAGEIF(AU10:AU25,""<""&$A$1+200))","=IF(AV10="""","""",AVERAGEIF(AV10:AV25,""<""&$A$1+200))","=IF(AW10="""","""",AVERAGEIF(AW10:AW25,""<""&$A$1+200))","=IF(AX10="""","""",AVERAGEIF(AX10:AX25,""<""&$A$1+200))","=IF(AY10="""","""",AVERAGEIF(AY10:AY25,""<""&$A$1+200))","=IF(AZ10="""","""",AVERAGEIF(AZ10:AZ25,""<""&$A$1+200))","=IF(BA10="""","""",AVERAGEIF(BA10:BA25,""<""&$A$1+200))",,
,,,,,,,,,,,,,,,,,,,,,,,,,,,,,,,,,,,,,,,,,,,,,,,,,,,,,,
=MAX(B29:O29),Highest Deviation:,,"=SUM(MAX(J37:J76),-A1)",,Lowest Deviation:,,"=SUM(MIN(L37:L76),-A1)",,Uncert:,"=MAX(B40,B48)",,,,,,,,,,=MAX(V29:AI29),,,,,,,,,,,,,,,,,,,,=MAX(AP29:BA29),,,,,,,,,,,,,,
=MIN(B27:O27),,,,,"=IF(SIGN(A1)=-1,MIN(A33,IF(ISERROR(U33),0,U33),IF(ISERROR(AO33),0,AO33)),MAX(A33,IF(ISERROR(U33),0,U33),IF(ISERROR(AO33),0,AO33)))",,,,"=MIN(A34,U34)","=MIN(A34,U34,AO34)",,,,,,,,,,=MIN(V27:AI27),,,,,,,,,,,,,,,,,,,,=MIN(AP27:BA27),,,,,,,,,,,,,,
,,,,,,,Total points used,,=SUM(H36:L36),,,,,,,,,,,,,,,,,,,,,,,,,,,,,,,,,,,,,,,,,,,,,
,"=IF(B10="""","""",STDEV(B10:B25))","=IF(C10="""","""",STDEV(C10:C25))","=IF(D10="""","""",STDEV(D10:D25))","=IF(E10="""","""",STDEV(E10:E25))","=IF(F10="""","""",STDEV(F10:F25))",,"=IF(B36="""",0,1)","=IF(C36="""",0,1)","=IF(D36="""",0,1)","=IF(E36="""",0,1)","=IF(F36="""",0,1)",,,,,,,,,,,,,,,,,,,,,,,,,,,,,,,,,,,,,,,,,,,
Avg SD:,"=IF(F10="""",B36,AVERAGE(B36:F36))",,,,,,,,"=IFERROR(TRANSPOSE(B29:O29),""-"")",,"=IFERROR(TRANSPOSE(B27:O27),""-"")",,,,,,,,,,,,,,,,,,,,,,,,,,,,,,,,,,,,,,,,,,,
corrected:,=F40,,,Std Error of Mean,=B37/SQRT(5),,,,=,,=,,,,,,,,,,,,,,,,,,,,,,,,,,,,,,,,,,,,,,,,,,,
,,,,"Student ""T"" factor","=IF(J35=1,6.9,IF(J35=2,6.9,IF(J35=3,2.27,IF(J35=4,1.66,1.43))))",,,,=,,=,,,,,,,,,,,,,,,,,,,,,,,,,,,,,,,,,,,,,,,,,,,
Calc. Unc:,=(SQRT(B45)*2),,,corrected A,=(F38*F39),,,,=,,=,,,,,,,,,,,,,,,,,,,,,,,,,,,,,,,,,,,,,,,,,,,
,,,,,,,,,=,,=,,,,,,,,,,,,,,,,,,,,,,,,,,,,,,,,,,,,,,,,,,,
Base No:,"=IF($A$1<32.1,0.618,IF(A1<392.1,0.71,IF(A1<752.1,3.09,IF(A1<1200.1,1.65,IF(A1<1800.1,2.69,IF(A1<2372.1,4.08))))))",=VALUE(B42),,,,,,,=,,=,,,,,,,,,,,,,,,,,,,,,,,,,,,,,,,,,,,,,,,,,,,
,,,,,,,,,=,,=,,,,,,,,,,,,,,,,,,,,,,,,,,,,,,,,,,,,,,,,,,,
Base:,=C42/2,,,,,,,,=,,=,,,,,,,,,,,,,,,,,,,,,,,,,,,,,,,,,,,,,,,,,,,
Sum Sq:,=(B38*B38)+(B44*B44),,,,,,,,=,,=,,,,,,,,,,,,,,,,,,,,,,,,,,,,,,,,,,,,,,,,,,,
,,,,,,,,,=,,=,,,,,,,,,,,,,,,,,,,,,,,,,,,,,,,,,,,,,,,,,,,
Scope Unc.:,"=IF($A$1<392.1,1.4,IF($A$1<752.1,3.1,IF($A$1<1200.1,3.1,IF($A$1<1800.1,3.7,IF($A$1<2300.1,4.1)))))",,,,,,,,=,,=,,,,,,,,,,,,,,,,,,,,,,,,,,,,,,,,,,,,,,,,,,,
,=VALUE(B47),,,,,,,,=,,=,,,,,,,,,,,,,,,,,,,,,,,,,,,,,,,,,,,,,,,,,,,
,,,,,,,,,=,,=,,,,,,,,,,,,,,,,,,,,,,,,,,,,,,,,,,,,,,,,,,,
,,,,,,,,,=,,=,,,,,,,,,,,,,,,,,,,,,,,,,,,,,,,,,,,,,,,,,,,
,,,,,,,,,"=IFERROR(TRANSPOSE(V29:AI29),""-"")",,"=IFERROR(TRANSPOSE(V27:AI27),""-"")",,,,,,,,,,,,,,,,,,,,,,,,,,,,,,,,,,,,,,,,,,,
1.5,"=IF(COUNTIFS(Data_Sheet!$C$14:'Data_Sheet'!$P$900,"">""&B2,Data_Sheet!$C$14:'Data_Sheet'!$P$900,""<""&(B2+200))>0,1,0)","=IF(COUNTIFS(Data_Sheet_15_28!$C$14:'Data_Sheet_15_28'!$P$900,"">""&B2,Data_Sheet_15_28!$C$14:'Data_Sheet_15_28'!$P$900,""<""&(B2+200))>0,1,0)","=IF(COUNTIFS(Data_Sheet_29_40!$C$14:'Data_Sheet_29_40'!$P$900,"">""&B2,Data_Sheet_29_40!$C$14:'Data_Sheet_29_40'!$P$900,""<""&(B2+200))>0,1,0)",,,,,,=,,=,,,,,,,,,,,,,,,,,,,,,,,,,,,,,,,,,,,,,,,,,,,
,,,,,,,,,=,,=,,,,,,,,,,,,,,,,,,,,,,,,,,,,,,,,,,,,,,,,,,,
,,,,,,,,,=,,=,,,,,,,,,,,,,,,,,,,,,,,,,,,,,,,,,,,,,,,,,,,
,,,,,,,,,=,,=,,,,,,,,,,,,,,,,,,,,,,,,,,,,,,,,,,,,,,,,,,,
,,,,,,,,,=,,=,,,,,,,,,,,,,,,,,,,,,,,,,,,,,,,,,,,,,,,,,,,
,,,,,,,,,=,,=,,,,,,,,,,,,,,,,,,,,,,,,,,,,,,,,,,,,,,,,,,,
,,,,,,,,,=,,=,,,,,,,,,,,,,,,,,,,,,,,,,,,,,,,,,,,,,,,,,,,
,,,,,,,,,=,,=,,,,,,,,,,,,,,,,,,,,,,,,,,,,,,,,,,,,,,,,,,,
,,,,,,,,,=,,=,,,,,,,,,,,,,,,,,,,,,,,,,,,,,,,,,,,,,,,,,,,
,,,,,,,,,=,,=,,,,,,,,,,,,,,,,,,,,,,,,,,,,,,,,,,,,,,,,,,,
,,,,,,,,,=,,=,,,,,,,,,,,,,,,,,,,,,,,,,,,,,,,,,,,,,,,,,,,
,,,,,,,,,=,,=,,,,,,,,,,,,,,,,,,,,,,,,,,,,,,,,,,,,,,,,,,,
,,,,,,,,,=,,=,,,,,,,,,,,,,,,,,,,,,,,,,,,,,,,,,,,,,,,,,,,
,,,,,,,,,"=IFERROR(TRANSPOSE(AP29:BA29),""-"")",,"=IFERROR(TRANSPOSE(AP27:BA27),""-"")",,,,,,,,,,,,,,,,,,,,,,,,,,,,,,,,,,,,,,,,,,,
,,,,,,,,,=,,=,,,,,,,,,,,,,,,,,,,,,,,,,,,,,,,,,,,,,,,,,,,
,,,,,,,,,=,,=,,,,,,,,,,,,,,,,,,,,,,,,,,,,,,,,,,,,,,,,,,,
,,,,,,,,,=,,=,,,,,,,,,,,,,,,,,,,,,,,,,,,,,,,,,,,,,,,,,,,
,,,,,,,,,=,,=,,,,,,,,,,,,,,,,,,,,,,,,,,,,,,,,,,,,,,,,,,,
,,,,,,,,,=,,=,,,,,,,,,,,,,,,,,,,,,,,,,,,,,,,,,,,,,,,,,,,
,,,,,,,,,=,,=,,,,,,,,,,,,,,,,,,,,,,,,,,,,,,,,,,,,,,,,,,,
,,,,,,,,,=,,=,,,,,,,,,,,,,,,,,,,,,,,,,,,,,,,,,,,,,,,,,,,
,,,,,,,,,=,,=,,,,,,,,,,,,,,,,,,,,,,,,,,,,,,,,,,,,,,,,,,,
,,,,,,,,,=,,=,,,,,,,,,,,,,,,,,,,,,,,,,,,,,,,,,,,,,,,,,,,
,,,,,,,,,=,,=,,,,,,,,,,,,,,,,,,,,,,,,,,,,,,,,,,,,,,,,,,,
,,,,,,,,,=,,=,,,,,,,,,,,,,,,,,,,,,,,,,,,,,,,,,,,,,,,,,,,
,,,,,,,,,,,,,,,,,,,,,,,,,,,,,,,,,,,,,,,,,,,,,,,,,,,,,,
