,=Main!$D$16,=$B$1-$B$2,,=B1-D2,Temperature Uniformity Survey: Points 29-40,,,,,,,,,,"=IF(Main!$E$30="""",""A10"",ADDRESS(13+(MATCH(Main!$E$30,Data_Sheet!$A$14:$A$903,0)),1,4))",
,=Main!$D$19,=$B$1+$B$2,=(Main!$D$19)/2,=B1+D2,,,,Below temperature values include all correction factors,,,,KEY,,,"=IF(Main!$E$30="""",""A10"",ADDRESS(13+Standards_Info!W2+(MATCH(Main!$E$30,Data_Sheet!$A$14:$A$903,0)),1,4))",
,"Johnson Gage & Inspection, Inc.",,,,,,,,,,,In Tolerence,,,,
,Temperature Uniformity Results,,,,,,,,,,,Below Tolerance(COLD),,,,
,Date:,=Main!D3,,,,,,Customer: ,=Main!D5,,,Above Tolerance (HOT),,,,
,Unit: ,=Main!D6,,,,,,Temperature: ,=Main!D16,,,In 1/2 Tolerance,,,,
,Operator:,=Main!D7,,,,,,Survey Start Time:,=Main!$D$30,,,Survey is Underlined,,,,
,,,,,,,,,,,,,,,,
,,,,,,,,"=IF(Main!K15=""SIM Load Hot"",Main!N59,"""")",,,,,,,,
,,,,,,,,"=IF(OR(Main!E60="""",Main!K60=""""),IF(OR(Main!E61="""",Main!K61=""""),"""",Main!N61),Main!N60)",,,,,,,,
,,,,,,,,,,,,,,,,
,=DaqBook_RAW_Data!AG2,"=IF(ISBLANK(DaqBook_RAW_Data!AH2),"""",29)","=IF(ISBLANK(DaqBook_RAW_Data!AI2),"""",30)","=IF(ISBLANK(DaqBook_RAW_Data!AJ2),"""",31)","=IF(ISBLANK(DaqBook_RAW_Data!AK2),"""",32)","=IF(ISBLANK(DaqBook_RAW_Data!AL2),"""",33)","=IF(ISBLANK(DaqBook_RAW_Data!AM2),"""",34)","=IF(ISBLANK(DaqBook_RAW_Data!AN2),"""",35)","=IF(ISBLANK(DaqBook_RAW_Data!AO2),"""",36)","=IF(ISBLANK(DaqBook_RAW_Data!AP2),"""",37)","=IF(ISBLANK(DaqBook_RAW_Data!AQ2),"""",38)","=IF(ISBLANK(DaqBook_RAW_Data!AR2),"""",39)","=IF(ISBLANK(DaqBook_RAW_Data!AS2),"""",40)",,,
,,,,,,,,,,,,"=IF(ISBLANK(DaqBook_RAW_Data!AR3),"""",DaqBook_RAW_Data!AR3)","=IF(ISBLANK(DaqBook_RAW_Data!AS3),"""",DaqBook_RAW_Data!AS3)",,,
"=TEXT(B14:B903, ""h:mm"")","=IFERROR(TIMEVALUE(DaqBook_RAW_Data!AG4),IFERROR(TIMEVALUE(DaqBook_RAW_Data!A4),""""))","=IF(DaqBook_RAW_Data!AH4="""","""",DaqBook_RAW_Data!AH4:AS893)",,,,,,,,,,,,,,
,"=IFERROR(TIMEVALUE(DaqBook_RAW_Data!AG5),IFERROR(TIMEVALUE(DaqBook_RAW_Data!A5),""""))",,,,,,,,,,,,,,,
,"=IFERROR(TIMEVALUE(DaqBook_RAW_Data!AG6),IFERROR(TIMEVALUE(DaqBook_RAW_Data!A6),""""))",,,,,,,,,,,,,,,
,"=IFERROR(TIMEVALUE(DaqBook_RAW_Data!AG7),IFERROR(TIMEVALUE(DaqBook_RAW_Data!A7),""""))",,,,,,,,,,,,,,,
,"=IFERROR(TIMEVALUE(DaqBook_RAW_Data!AG8),IFERROR(TIMEVALUE(DaqBook_RAW_Data!A8),""""))",,,,,,,,,,,,,,,
,"=IFERROR(TIMEVALUE(DaqBook_RAW_Data!AG9),IFERROR(TIMEVALUE(DaqBook_RAW_Data!A9),""""))",,,,,,,,,,,,,,,
,"=IFERROR(TIMEVALUE(DaqBook_RAW_Data!AG10),IFERROR(TIMEVALUE(DaqBook_RAW_Data!A10),""""))",,,,,,,,,,,,,,,
,"=IFERROR(TIMEVALUE(DaqBook_RAW_Data!AG11),IFERROR(TIMEVALUE(DaqBook_RAW_Data!A11),""""))",,,,,,,,,,,,,,,
,"=IFERROR(TIMEVALUE(DaqBook_RAW_Data!AG12),IFERROR(TIMEVALUE(DaqBook_RAW_Data!A12),""""))",,,,,,,,,,,,,,,
,"=IFERROR(TIMEVALUE(DaqBook_RAW_Data!AG13),IFERROR(TIMEVALUE(DaqBook_RAW_Data!A13),""""))",,,,,,,,,,,,,,,
,"=IFERROR(TIMEVALUE(DaqBook_RAW_Data!AG14),IFERROR(TIMEVALUE(DaqBook_RAW_Data!A14),""""))",,,,,,,,,,,,,,,
,"=IFERROR(TIMEVALUE(DaqBook_RAW_Data!AG15),IFERROR(TIMEVALUE(DaqBook_RAW_Data!A15),""""))",,,,,,,,,,,,,,,
,"=IFERROR(TIMEVALUE(DaqBook_RAW_Data!AG16),IFERROR(TIMEVALUE(DaqBook_RAW_Data!A16),""""))",,,,,,,,,,,,,,,
,"=IFERROR(TIMEVALUE(DaqBook_RAW_Data!AG17),IFERROR(TIMEVALUE(DaqBook_RAW_Data!A17),""""))",,,,,,,,,,,,,,,
,"=IFERROR(TIMEVALUE(DaqBook_RAW_Data!AG18),IFERROR(TIMEVALUE(DaqBook_RAW_Data!A18),""""))",,,,,,,,,,,,,,,
,"=IFERROR(TIMEVALUE(DaqBook_RAW_Data!AG19),IFERROR(TIMEVALUE(DaqBook_RAW_Data!A19),""""))",,,,,,,,,,,,,,,
,"=IFERROR(TIMEVALUE(DaqBook_RAW_Data!AG20),IFERROR(TIMEVALUE(DaqBook_RAW_Data!A20),""""))",,,,,,,,,,,,,,,
,"=IFERROR(TIMEVALUE(DaqBook_RAW_Data!AG21),IFERROR(TIMEVALUE(DaqBook_RAW_Data!A21),""""))",,,,,,,,,,,,,,,
,"=IFERROR(TIMEVALUE(DaqBook_RAW_Data!AG22),IFERROR(TIMEVALUE(DaqBook_RAW_Data!A22),""""))",,,,,,,,,,,,,,,
,"=IFERROR(TIMEVALUE(DaqBook_RAW_Data!AG23),IFERROR(TIMEVALUE(DaqBook_RAW_Data!A23),""""))",,,,,,,,,,,,,,,
,"=IFERROR(TIMEVALUE(DaqBook_RAW_Data!AG24),IFERROR(TIMEVALUE(DaqBook_RAW_Data!A24),""""))",,,,,,,,,,,,,,,
,"=IFERROR(TIMEVALUE(DaqBook_RAW_Data!AG25),IFERROR(TIMEVALUE(DaqBook_RAW_Data!A25),""""))",,,,,,,,,,,,,,,
,"=IFERROR(TIMEVALUE(DaqBook_RAW_Data!AG26),IFERROR(TIMEVALUE(DaqBook_RAW_Data!A26),""""))",,,,,,,,,,,,,,,
,"=IFERROR(TIMEVALUE(DaqBook_RAW_Data!AG27),IFERROR(TIMEVALUE(DaqBook_RAW_Data!A27),""""))",,,,,,,,,,,,,,,
,"=IFERROR(TIMEVALUE(DaqBook_RAW_Data!AG28),IFERROR(TIMEVALUE(DaqBook_RAW_Data!A28),""""))",,,,,,,,,,,,,,,
,"=IFERROR(TIMEVALUE(DaqBook_RAW_Data!AG29),IFERROR(TIMEVALUE(DaqBook_RAW_Data!A29),""""))",,,,,,,,,,,,,,,
,"=IFERROR(TIMEVALUE(DaqBook_RAW_Data!AG30),IFERROR(TIMEVALUE(DaqBook_RAW_Data!A30),""""))",,,,,,,,,,,,,,,
,"=IFERROR(TIMEVALUE(DaqBook_RAW_Data!AG31),IFERROR(TIMEVALUE(DaqBook_RAW_Data!A31),""""))",,,,,,,,,,,,,,,
,"=IFERROR(TIMEVALUE(DaqBook_RAW_Data!AG32),IFERROR(TIMEVALUE(DaqBook_RAW_Data!A32),""""))",,,,,,,,,,,,,,,
,"=IFERROR(TIMEVALUE(DaqBook_RAW_Data!AG33),IFERROR(TIMEVALUE(DaqBook_RAW_Data!A33),""""))",,,,,,,,,,,,,,,
,"=IFERROR(TIMEVALUE(DaqBook_RAW_Data!AG34),IFERROR(TIMEVALUE(DaqBook_RAW_Data!A34),""""))",,,,,,,,,,,,,,,
,"=IFERROR(TIMEVALUE(DaqBook_RAW_Data!AG35),IFERROR(TIMEVALUE(DaqBook_RAW_Data!A35),""""))",,,,,,,,,,,,,,,
,"=IFERROR(TIMEVALUE(DaqBook_RAW_Data!AG36),IFERROR(TIMEVALUE(DaqBook_RAW_Data!A36),""""))",,,,,,,,,,,,,,,
,"=IFERROR(TIMEVALUE(DaqBook_RAW_Data!AG37),IFERROR(TIMEVALUE(DaqBook_RAW_Data!A37),""""))",,,,,,,,,,,,,,,
,"=IFERROR(TIMEVALUE(DaqBook_RAW_Data!AG38),IFERROR(TIMEVALUE(DaqBook_RAW_Data!A38),""""))",,,,,,,,,,,,,,,
,"=IFERROR(TIMEVALUE(DaqBook_RAW_Data!AG39),IFERROR(TIMEVALUE(DaqBook_RAW_Data!A39),""""))",,,,,,,,,,,,,,,
,"=IFERROR(TIMEVALUE(DaqBook_RAW_Data!AG40),IFERROR(TIMEVALUE(DaqBook_RAW_Data!A40),""""))",,,,,,,,,,,,,,,
,"=IFERROR(TIMEVALUE(DaqBook_RAW_Data!AG41),IFERROR(TIMEVALUE(DaqBook_RAW_Data!A41),""""))",,,,,,,,,,,,,,,
,"=IFERROR(TIMEVALUE(DaqBook_RAW_Data!AG42),IFERROR(TIMEVALUE(DaqBook_RAW_Data!A42),""""))",,,,,,,,,,,,,,,
,"=IFERROR(TIMEVALUE(DaqBook_RAW_Data!AG43),IFERROR(TIMEVALUE(DaqBook_RAW_Data!A43),""""))",,,,,,,,,,,,,,,
,"=IFERROR(TIMEVALUE(DaqBook_RAW_Data!AG44),IFERROR(TIMEVALUE(DaqBook_RAW_Data!A44),""""))",,,,,,,,,,,,,,,
,"=IFERROR(TIMEVALUE(DaqBook_RAW_Data!AG45),IFERROR(TIMEVALUE(DaqBook_RAW_Data!A45),""""))",,,,,,,,,,,,,,,
,"=IFERROR(TIMEVALUE(DaqBook_RAW_Data!AG46),IFERROR(TIMEVALUE(DaqBook_RAW_Data!A46),""""))",,,,,,,,,,,,,,,
,"=IFERROR(TIMEVALUE(DaqBook_RAW_Data!AG47),IFERROR(TIMEVALUE(DaqBook_RAW_Data!A47),""""))",,,,,,,,,,,,,,,
,"=IFERROR(TIMEVALUE(DaqBook_RAW_Data!AG48),IFERROR(TIMEVALUE(DaqBook_RAW_Data!A48),""""))",,,,,,,,,,,,,,,
,"=IFERROR(TIMEVALUE(DaqBook_RAW_Data!AG49),IFERROR(TIMEVALUE(DaqBook_RAW_Data!A49),""""))",,,,,,,,,,,,,,,
,"=IFERROR(TIMEVALUE(DaqBook_RAW_Data!AG50),IFERROR(TIMEVALUE(DaqBook_RAW_Data!A50),""""))",,,,,,,,,,,,,,,
,"=IFERROR(TIMEVALUE(DaqBook_RAW_Data!AG51),IFERROR(TIMEVALUE(DaqBook_RAW_Data!A51),""""))",,,,,,,,,,,,,,,
,"=IFERROR(TIMEVALUE(DaqBook_RAW_Data!AG52),IFERROR(TIMEVALUE(DaqBook_RAW_Data!A52),""""))",,,,,,,,,,,,,,,
,"=IFERROR(TIMEVALUE(DaqBook_RAW_Data!AG53),IFERROR(TIMEVALUE(DaqBook_RAW_Data!A53),""""))",,,,,,,,,,,,,,,
,"=IFERROR(TIMEVALUE(DaqBook_RAW_Data!AG54),IFERROR(TIMEVALUE(DaqBook_RAW_Data!A54),""""))",,,,,,,,,,,,,,,
,"=IFERROR(TIMEVALUE(DaqBook_RAW_Data!AG55),IFERROR(TIMEVALUE(DaqBook_RAW_Data!A55),""""))",,,,,,,,,,,,,,,
,"=IFERROR(TIMEVALUE(DaqBook_RAW_Data!AG56),IFERROR(TIMEVALUE(DaqBook_RAW_Data!A56),""""))",,,,,,,,,,,,,,,
,"=IFERROR(TIMEVALUE(DaqBook_RAW_Data!AG57),IFERROR(TIMEVALUE(DaqBook_RAW_Data!A57),""""))",,,,,,,,,,,,,,,
,"=IFERROR(TIMEVALUE(DaqBook_RAW_Data!AG58),IFERROR(TIMEVALUE(DaqBook_RAW_Data!A58),""""))",,,,,,,,,,,,,,,
,"=IFERROR(TIMEVALUE(DaqBook_RAW_Data!AG59),IFERROR(TIMEVALUE(DaqBook_RAW_Data!A59),""""))",,,,,,,,,,,,,,,
,"=IFERROR(TIMEVALUE(DaqBook_RAW_Data!AG60),IFERROR(TIMEVALUE(DaqBook_RAW_Data!A60),""""))",,,,,,,,,,,,,,,
,"=IFERROR(TIMEVALUE(DaqBook_RAW_Data!AG61),IFERROR(TIMEVALUE(DaqBook_RAW_Data!A61),""""))",,,,,,,,,,,,,,,
,"=IFERROR(TIMEVALUE(DaqBook_RAW_Data!AG62),IFERROR(TIMEVALUE(DaqBook_RAW_Data!A62),""""))",,,,,,,,,,,,,,,
,"=IFERROR(TIMEVALUE(DaqBook_RAW_Data!AG63),IFERROR(TIMEVALUE(DaqBook_RAW_Data!A63),""""))",,,,,,,,,,,,,,,
,"=IFERROR(TIMEVALUE(DaqBook_RAW_Data!AG64),IFERROR(TIMEVALUE(DaqBook_RAW_Data!A64),""""))",,,,,,,,,,,,,,,
,"=IFERROR(TIMEVALUE(DaqBook_RAW_Data!AG65),IFERROR(TIMEVALUE(DaqBook_RAW_Data!A65),""""))",,,,,,,,,,,,,,,
,"=IFERROR(TIMEVALUE(DaqBook_RAW_Data!AG66),IFERROR(TIMEVALUE(DaqBook_RAW_Data!A66),""""))",,,,,,,,,,,,,,,
,"=IFERROR(TIMEVALUE(DaqBook_RAW_Data!AG67),IFERROR(TIMEVALUE(DaqBook_RAW_Data!A67),""""))",,,,,,,,,,,,,,,
,"=IFERROR(TIMEVALUE(DaqBook_RAW_Data!AG68),IFERROR(TIMEVALUE(DaqBook_RAW_Data!A68),""""))",,,,,,,,,,,,,,,
,"=IFERROR(TIMEVALUE(DaqBook_RAW_Data!AG69),IFERROR(TIMEVALUE(DaqBook_RAW_Data!A69),""""))",,,,,,,,,,,,,,,
,"=IFERROR(TIMEVALUE(DaqBook_RAW_Data!AG70),IFERROR(TIMEVALUE(DaqBook_RAW_Data!A70),""""))",,,,,,,,,,,,,,,
,"=IFERROR(TIMEVALUE(DaqBook_RAW_Data!AG71),IFERROR(TIMEVALUE(DaqBook_RAW_Data!A71),""""))",,,,,,,,,,,,,,,
,"=IFERROR(TIMEVALUE(DaqBook_RAW_Data!AG72),IFERROR(TIMEVALUE(DaqBook_RAW_Data!A72),""""))",,,,,,,,,,,,,,,
,"=IFERROR(TIMEVALUE(DaqBook_RAW_Data!AG73),IFERROR(TIMEVALUE(DaqBook_RAW_Data!A73),""""))",,,,,,,,,,,,,,,
,"=IFERROR(TIMEVALUE(DaqBook_RAW_Data!AG74),IFERROR(TIMEVALUE(DaqBook_RAW_Data!A74),""""))",,,,,,,,,,,,,,,
,"=IFERROR(TIMEVALUE(DaqBook_RAW_Data!AG75),IFERROR(TIMEVALUE(DaqBook_RAW_Data!A75),""""))",,,,,,,,,,,,,,,
,"=IFERROR(TIMEVALUE(DaqBook_RAW_Data!AG76),IFERROR(TIMEVALUE(DaqBook_RAW_Data!A76),""""))",,,,,,,,,,,,,,,
,"=IFERROR(TIMEVALUE(DaqBook_RAW_Data!AG77),IFERROR(TIMEVALUE(DaqBook_RAW_Data!A77),""""))",,,,,,,,,,,,,,,
,"=IFERROR(TIMEVALUE(DaqBook_RAW_Data!AG78),IFERROR(TIMEVALUE(DaqBook_RAW_Data!A78),""""))",,,,,,,,,,,,,,,
,"=IFERROR(TIMEVALUE(DaqBook_RAW_Data!AG79),IFERROR(TIMEVALUE(DaqBook_RAW_Data!A79),""""))",,,,,,,,,,,,,,,
,"=IFERROR(TIMEVALUE(DaqBook_RAW_Data!AG80),IFERROR(TIMEVALUE(DaqBook_RAW_Data!A80),""""))",,,,,,,,,,,,,,,
,"=IFERROR(TIMEVALUE(DaqBook_RAW_Data!AG81),IFERROR(TIMEVALUE(DaqBook_RAW_Data!A81),""""))",,,,,,,,,,,,,,,
,"=IFERROR(TIMEVALUE(DaqBook_RAW_Data!AG82),IFERROR(TIMEVALUE(DaqBook_RAW_Data!A82),""""))",,,,,,,,,,,,,,,
,"=IFERROR(TIMEVALUE(DaqBook_RAW_Data!AG83),IFERROR(TIMEVALUE(DaqBook_RAW_Data!A83),""""))",,,,,,,,,,,,,,,
,"=IFERROR(TIMEVALUE(DaqBook_RAW_Data!AG84),IFERROR(TIMEVALUE(DaqBook_RAW_Data!A84),""""))",,,,,,,,,,,,,,,
,"=IFERROR(TIMEVALUE(DaqBook_RAW_Data!AG85),IFERROR(TIMEVALUE(DaqBook_RAW_Data!A85),""""))",,,,,,,,,,,,,,,
,"=IFERROR(TIMEVALUE(DaqBook_RAW_Data!AG86),IFERROR(TIMEVALUE(DaqBook_RAW_Data!A86),""""))",,,,,,,,,,,,,,,
,"=IFERROR(TIMEVALUE(DaqBook_RAW_Data!AG87),IFERROR(TIMEVALUE(DaqBook_RAW_Data!A87),""""))",,,,,,,,,,,,,,,
,"=IFERROR(TIMEVALUE(DaqBook_RAW_Data!AG88),IFERROR(TIMEVALUE(DaqBook_RAW_Data!A88),""""))",,,,,,,,,,,,,,,
,"=IFERROR(TIMEVALUE(DaqBook_RAW_Data!AG89),IFERROR(TIMEVALUE(DaqBook_RAW_Data!A89),""""))",,,,,,,,,,,,,,,
,"=IFERROR(TIMEVALUE(DaqBook_RAW_Data!AG90),IFERROR(TIMEVALUE(DaqBook_RAW_Data!A90),""""))",,,,,,,,,,,,,,,
,"=IFERROR(TIMEVALUE(DaqBook_RAW_Data!AG91),IFERROR(TIMEVALUE(DaqBook_RAW_Data!A91),""""))",,,,,,,,,,,,,,,
,"=IFERROR(TIMEVALUE(DaqBook_RAW_Data!AG92),IFERROR(TIMEVALUE(DaqBook_RAW_Data!A92),""""))",,,,,,,,,,,,,,,
,"=IFERROR(TIMEVALUE(DaqBook_RAW_Data!AG93),IFERROR(TIMEVALUE(DaqBook_RAW_Data!A93),""""))",,,,,,,,,,,,,,,
,"=IFERROR(TIMEVALUE(DaqBook_RAW_Data!AG94),IFERROR(TIMEVALUE(DaqBook_RAW_Data!A94),""""))",,,,,,,,,,,,,,,
,"=IFERROR(TIMEVALUE(DaqBook_RAW_Data!AG95),IFERROR(TIMEVALUE(DaqBook_RAW_Data!A95),""""))",,,,,,,,,,,,,,,
,"=IFERROR(TIMEVALUE(DaqBook_RAW_Data!AG96),IFERROR(TIMEVALUE(DaqBook_RAW_Data!A96),""""))",,,,,,,,,,,,,,,
,"=IFERROR(TIMEVALUE(DaqBook_RAW_Data!AG97),IFERROR(TIMEVALUE(DaqBook_RAW_Data!A97),""""))",,,,,,,,,,,,,,,
,"=IFERROR(TIMEVALUE(DaqBook_RAW_Data!AG98),IFERROR(TIMEVALUE(DaqBook_RAW_Data!A98),""""))",,,,,,,,,,,,,,,
,"=IFERROR(TIMEVALUE(DaqBook_RAW_Data!AG99),IFERROR(TIMEVALUE(DaqBook_RAW_Data!A99),""""))",,,,,,,,,,,,,,,
,"=IFERROR(TIMEVALUE(DaqBook_RAW_Data!AG100),IFERROR(TIMEVALUE(DaqBook_RAW_Data!A100),""""))",,,,,,,,,,,,,,,
,"=IFERROR(TIMEVALUE(DaqBook_RAW_Data!AG101),IFERROR(TIMEVALUE(DaqBook_RAW_Data!A101),""""))",,,,,,,,,,,,,,,
,"=IFERROR(TIMEVALUE(DaqBook_RAW_Data!AG102),IFERROR(TIMEVALUE(DaqBook_RAW_Data!A102),""""))",,,,,,,,,,,,,,,
,"=IFERROR(TIMEVALUE(DaqBook_RAW_Data!AG103),IFERROR(TIMEVALUE(DaqBook_RAW_Data!A103),""""))",,,,,,,,,,,,,,,
,"=IFERROR(TIMEVALUE(DaqBook_RAW_Data!AG104),IFERROR(TIMEVALUE(DaqBook_RAW_Data!A104),""""))",,,,,,,,,,,,,,,
,"=IFERROR(TIMEVALUE(DaqBook_RAW_Data!AG105),IFERROR(TIMEVALUE(DaqBook_RAW_Data!A105),""""))",,,,,,,,,,,,,,,
,"=IFERROR(TIMEVALUE(DaqBook_RAW_Data!AG106),IFERROR(TIMEVALUE(DaqBook_RAW_Data!A106),""""))",,,,,,,,,,,,,,,
,"=IFERROR(TIMEVALUE(DaqBook_RAW_Data!AG107),IFERROR(TIMEVALUE(DaqBook_RAW_Data!A107),""""))",,,,,,,,,,,,,,,
,"=IFERROR(TIMEVALUE(DaqBook_RAW_Data!AG108),IFERROR(TIMEVALUE(DaqBook_RAW_Data!A108),""""))",,,,,,,,,,,,,,,
,"=IFERROR(TIMEVALUE(DaqBook_RAW_Data!AG109),IFERROR(TIMEVALUE(DaqBook_RAW_Data!A109),""""))",,,,,,,,,,,,,,,
,"=IFERROR(TIMEVALUE(DaqBook_RAW_Data!AG110),IFERROR(TIMEVALUE(DaqBook_RAW_Data!A110),""""))",,,,,,,,,,,,,,,
,"=IFERROR(TIMEVALUE(DaqBook_RAW_Data!AG111),IFERROR(TIMEVALUE(DaqBook_RAW_Data!A111),""""))",,,,,,,,,,,,,,,
,"=IFERROR(TIMEVALUE(DaqBook_RAW_Data!AG112),IFERROR(TIMEVALUE(DaqBook_RAW_Data!A112),""""))",,,,,,,,,,,,,,,
,"=IFERROR(TIMEVALUE(DaqBook_RAW_Data!AG113),IFERROR(TIMEVALUE(DaqBook_RAW_Data!A113),""""))",,,,,,,,,,,,,,,
,"=IFERROR(TIMEVALUE(DaqBook_RAW_Data!AG114),IFERROR(TIMEVALUE(DaqBook_RAW_Data!A114),""""))",,,,,,,,,,,,,,,
,"=IFERROR(TIMEVALUE(DaqBook_RAW_Data!AG115),IFERROR(TIMEVALUE(DaqBook_RAW_Data!A115),""""))",,,,,,,,,,,,,,,
,"=IFERROR(TIMEVALUE(DaqBook_RAW_Data!AG116),IFERROR(TIMEVALUE(DaqBook_RAW_Data!A116),""""))",,,,,,,,,,,,,,,
,"=IFERROR(TIMEVALUE(DaqBook_RAW_Data!AG117),IFERROR(TIMEVALUE(DaqBook_RAW_Data!A117),""""))",,,,,,,,,,,,,,,
,"=IFERROR(TIMEVALUE(DaqBook_RAW_Data!AG118),IFERROR(TIMEVALUE(DaqBook_RAW_Data!A118),""""))",,,,,,,,,,,,,,,
,"=IFERROR(TIMEVALUE(DaqBook_RAW_Data!AG119),IFERROR(TIMEVALUE(DaqBook_RAW_Data!A119),""""))",,,,,,,,,,,,,,,
,"=IFERROR(TIMEVALUE(DaqBook_RAW_Data!AG120),IFERROR(TIMEVALUE(DaqBook_RAW_Data!A120),""""))",,,,,,,,,,,,,,,
,"=IFERROR(TIMEVALUE(DaqBook_RAW_Data!AG121),IFERROR(TIMEVALUE(DaqBook_RAW_Data!A121),""""))",,,,,,,,,,,,,,,
,"=IFERROR(TIMEVALUE(DaqBook_RAW_Data!AG122),IFERROR(TIMEVALUE(DaqBook_RAW_Data!A122),""""))",,,,,,,,,,,,,,,
,"=IFERROR(TIMEVALUE(DaqBook_RAW_Data!AG123),IFERROR(TIMEVALUE(DaqBook_RAW_Data!A123),""""))",,,,,,,,,,,,,,,
,"=IFERROR(TIMEVALUE(DaqBook_RAW_Data!AG124),IFERROR(TIMEVALUE(DaqBook_RAW_Data!A124),""""))",,,,,,,,,,,,,,,
,"=IFERROR(TIMEVALUE(DaqBook_RAW_Data!AG125),IFERROR(TIMEVALUE(DaqBook_RAW_Data!A125),""""))",,,,,,,,,,,,,,,
,"=IFERROR(TIMEVALUE(DaqBook_RAW_Data!AG126),IFERROR(TIMEVALUE(DaqBook_RAW_Data!A126),""""))",,,,,,,,,,,,,,,
,"=IFERROR(TIMEVALUE(DaqBook_RAW_Data!AG127),IFERROR(TIMEVALUE(DaqBook_RAW_Data!A127),""""))",,,,,,,,,,,,,,,
,"=IFERROR(TIMEVALUE(DaqBook_RAW_Data!AG128),IFERROR(TIMEVALUE(DaqBook_RAW_Data!A128),""""))",,,,,,,,,,,,,,,
,"=IFERROR(TIMEVALUE(DaqBook_RAW_Data!AG129),IFERROR(TIMEVALUE(DaqBook_RAW_Data!A129),""""))",,,,,,,,,,,,,,,
,"=IFERROR(TIMEVALUE(DaqBook_RAW_Data!AG130),IFERROR(TIMEVALUE(DaqBook_RAW_Data!A130),""""))",,,,,,,,,,,,,,,
,"=IFERROR(TIMEVALUE(DaqBook_RAW_Data!AG131),IFERROR(TIMEVALUE(DaqBook_RAW_Data!A131),""""))",,,,,,,,,,,,,,,
,"=IFERROR(TIMEVALUE(DaqBook_RAW_Data!AG132),IFERROR(TIMEVALUE(DaqBook_RAW_Data!A132),""""))",,,,,,,,,,,,,,,
,"=IFERROR(TIMEVALUE(DaqBook_RAW_Data!AG133),IFERROR(TIMEVALUE(DaqBook_RAW_Data!A133),""""))",,,,,,,,,,,,,,,
,"=IFERROR(TIMEVALUE(DaqBook_RAW_Data!AG134),IFERROR(TIMEVALUE(DaqBook_RAW_Data!A134),""""))",,,,,,,,,,,,,,,
,"=IFERROR(TIMEVALUE(DaqBook_RAW_Data!AG135),IFERROR(TIMEVALUE(DaqBook_RAW_Data!A135),""""))",,,,,,,,,,,,,,,
,"=IFERROR(TIMEVALUE(DaqBook_RAW_Data!AG136),IFERROR(TIMEVALUE(DaqBook_RAW_Data!A136),""""))",,,,,,,,,,,,,,,
,"=IFERROR(TIMEVALUE(DaqBook_RAW_Data!AG137),IFERROR(TIMEVALUE(DaqBook_RAW_Data!A137),""""))",,,,,,,,,,,,,,,
,"=IFERROR(TIMEVALUE(DaqBook_RAW_Data!AG138),IFERROR(TIMEVALUE(DaqBook_RAW_Data!A138),""""))",,,,,,,,,,,,,,,
,"=IFERROR(TIMEVALUE(DaqBook_RAW_Data!AG139),IFERROR(TIMEVALUE(DaqBook_RAW_Data!A139),""""))",,,,,,,,,,,,,,,
,"=IFERROR(TIMEVALUE(DaqBook_RAW_Data!AG140),IFERROR(TIMEVALUE(DaqBook_RAW_Data!A140),""""))",,,,,,,,,,,,,,,
,"=IFERROR(TIMEVALUE(DaqBook_RAW_Data!AG141),IFERROR(TIMEVALUE(DaqBook_RAW_Data!A141),""""))",,,,,,,,,,,,,,,
,"=IFERROR(TIMEVALUE(DaqBook_RAW_Data!AG142),IFERROR(TIMEVALUE(DaqBook_RAW_Data!A142),""""))",,,,,,,,,,,,,,,
,"=IFERROR(TIMEVALUE(DaqBook_RAW_Data!AG143),IFERROR(TIMEVALUE(DaqBook_RAW_Data!A143),""""))",,,,,,,,,,,,,,,
,"=IFERROR(TIMEVALUE(DaqBook_RAW_Data!AG144),IFERROR(TIMEVALUE(DaqBook_RAW_Data!A144),""""))",,,,,,,,,,,,,,,
,"=IFERROR(TIMEVALUE(DaqBook_RAW_Data!AG145),IFERROR(TIMEVALUE(DaqBook_RAW_Data!A145),""""))",,,,,,,,,,,,,,,
,"=IFERROR(TIMEVALUE(DaqBook_RAW_Data!AG146),IFERROR(TIMEVALUE(DaqBook_RAW_Data!A146),""""))",,,,,,,,,,,,,,,
,"=IFERROR(TIMEVALUE(DaqBook_RAW_Data!AG147),IFERROR(TIMEVALUE(DaqBook_RAW_Data!A147),""""))",,,,,,,,,,,,,,,
,"=IFERROR(TIMEVALUE(DaqBook_RAW_Data!AG148),IFERROR(TIMEVALUE(DaqBook_RAW_Data!A148),""""))",,,,,,,,,,,,,,,
,"=IFERROR(TIMEVALUE(DaqBook_RAW_Data!AG149),IFERROR(TIMEVALUE(DaqBook_RAW_Data!A149),""""))",,,,,,,,,,,,,,,
,"=IFERROR(TIMEVALUE(DaqBook_RAW_Data!AG150),IFERROR(TIMEVALUE(DaqBook_RAW_Data!A150),""""))",,,,,,,,,,,,,,,
,"=IFERROR(TIMEVALUE(DaqBook_RAW_Data!AG151),IFERROR(TIMEVALUE(DaqBook_RAW_Data!A151),""""))",,,,,,,,,,,,,,,
,"=IFERROR(TIMEVALUE(DaqBook_RAW_Data!AG152),IFERROR(TIMEVALUE(DaqBook_RAW_Data!A152),""""))",,,,,,,,,,,,,,,
,"=IFERROR(TIMEVALUE(DaqBook_RAW_Data!AG153),IFERROR(TIMEVALUE(DaqBook_RAW_Data!A153),""""))",,,,,,,,,,,,,,,
,"=IFERROR(TIMEVALUE(DaqBook_RAW_Data!AG154),IFERROR(TIMEVALUE(DaqBook_RAW_Data!A154),""""))",,,,,,,,,,,,,,,
,"=IFERROR(TIMEVALUE(DaqBook_RAW_Data!AG155),IFERROR(TIMEVALUE(DaqBook_RAW_Data!A155),""""))",,,,,,,,,,,,,,,
,"=IFERROR(TIMEVALUE(DaqBook_RAW_Data!AG156),IFERROR(TIMEVALUE(DaqBook_RAW_Data!A156),""""))",,,,,,,,,,,,,,,
,"=IFERROR(TIMEVALUE(DaqBook_RAW_Data!AG157),IFERROR(TIMEVALUE(DaqBook_RAW_Data!A157),""""))",,,,,,,,,,,,,,,
,"=IFERROR(TIMEVALUE(DaqBook_RAW_Data!AG158),IFERROR(TIMEVALUE(DaqBook_RAW_Data!A158),""""))",,,,,,,,,,,,,,,
,"=IFERROR(TIMEVALUE(DaqBook_RAW_Data!AG159),IFERROR(TIMEVALUE(DaqBook_RAW_Data!A159),""""))",,,,,,,,,,,,,,,
,"=IFERROR(TIMEVALUE(DaqBook_RAW_Data!AG160),IFERROR(TIMEVALUE(DaqBook_RAW_Data!A160),""""))",,,,,,,,,,,,,,,
,"=IFERROR(TIMEVALUE(DaqBook_RAW_Data!AG161),IFERROR(TIMEVALUE(DaqBook_RAW_Data!A161),""""))",,,,,,,,,,,,,,,
,"=IFERROR(TIMEVALUE(DaqBook_RAW_Data!AG162),IFERROR(TIMEVALUE(DaqBook_RAW_Data!A162),""""))",,,,,,,,,,,,,,,
,"=IFERROR(TIMEVALUE(DaqBook_RAW_Data!AG163),IFERROR(TIMEVALUE(DaqBook_RAW_Data!A163),""""))",,,,,,,,,,,,,,,
,"=IFERROR(TIMEVALUE(DaqBook_RAW_Data!AG164),IFERROR(TIMEVALUE(DaqBook_RAW_Data!A164),""""))",,,,,,,,,,,,,,,
,"=IFERROR(TIMEVALUE(DaqBook_RAW_Data!AG165),IFERROR(TIMEVALUE(DaqBook_RAW_Data!A165),""""))",,,,,,,,,,,,,,,
,"=IFERROR(TIMEVALUE(DaqBook_RAW_Data!AG166),IFERROR(TIMEVALUE(DaqBook_RAW_Data!A166),""""))",,,,,,,,,,,,,,,
,"=IFERROR(TIMEVALUE(DaqBook_RAW_Data!AG167),IFERROR(TIMEVALUE(DaqBook_RAW_Data!A167),""""))",,,,,,,,,,,,,,,
,"=IFERROR(TIMEVALUE(DaqBook_RAW_Data!AG168),IFERROR(TIMEVALUE(DaqBook_RAW_Data!A168),""""))",,,,,,,,,,,,,,,
,"=IFERROR(TIMEVALUE(DaqBook_RAW_Data!AG169),IFERROR(TIMEVALUE(DaqBook_RAW_Data!A169),""""))",,,,,,,,,,,,,,,
,"=IFERROR(TIMEVALUE(DaqBook_RAW_Data!AG170),IFERROR(TIMEVALUE(DaqBook_RAW_Data!A170),""""))",,,,,,,,,,,,,,,
,"=IFERROR(TIMEVALUE(DaqBook_RAW_Data!AG171),IFERROR(TIMEVALUE(DaqBook_RAW_Data!A171),""""))",,,,,,,,,,,,,,,
,"=IFERROR(TIMEVALUE(DaqBook_RAW_Data!AG172),IFERROR(TIMEVALUE(DaqBook_RAW_Data!A172),""""))",,,,,,,,,,,,,,,
,"=IFERROR(TIMEVALUE(DaqBook_RAW_Data!AG173),IFERROR(TIMEVALUE(DaqBook_RAW_Data!A173),""""))",,,,,,,,,,,,,,,
,"=IFERROR(TIMEVALUE(DaqBook_RAW_Data!AG174),IFERROR(TIMEVALUE(DaqBook_RAW_Data!A174),""""))",,,,,,,,,,,,,,,
,"=IFERROR(TIMEVALUE(DaqBook_RAW_Data!AG175),IFERROR(TIMEVALUE(DaqBook_RAW_Data!A175),""""))",,,,,,,,,,,,,,,
,"=IFERROR(TIMEVALUE(DaqBook_RAW_Data!AG176),IFERROR(TIMEVALUE(DaqBook_RAW_Data!A176),""""))",,,,,,,,,,,,,,,
,"=IFERROR(TIMEVALUE(DaqBook_RAW_Data!AG177),IFERROR(TIMEVALUE(DaqBook_RAW_Data!A177),""""))",,,,,,,,,,,,,,,
,"=IFERROR(TIMEVALUE(DaqBook_RAW_Data!AG178),IFERROR(TIMEVALUE(DaqBook_RAW_Data!A178),""""))",,,,,,,,,,,,,,,
,"=IFERROR(TIMEVALUE(DaqBook_RAW_Data!AG179),IFERROR(TIMEVALUE(DaqBook_RAW_Data!A179),""""))",,,,,,,,,,,,,,,
,"=IFERROR(TIMEVALUE(DaqBook_RAW_Data!AG180),IFERROR(TIMEVALUE(DaqBook_RAW_Data!A180),""""))",,,,,,,,,,,,,,,
,"=IFERROR(TIMEVALUE(DaqBook_RAW_Data!AG181),IFERROR(TIMEVALUE(DaqBook_RAW_Data!A181),""""))",,,,,,,,,,,,,,,
,"=IFERROR(TIMEVALUE(DaqBook_RAW_Data!AG182),IFERROR(TIMEVALUE(DaqBook_RAW_Data!A182),""""))",,,,,,,,,,,,,,,
,"=IFERROR(TIMEVALUE(DaqBook_RAW_Data!AG183),IFERROR(TIMEVALUE(DaqBook_RAW_Data!A183),""""))",,,,,,,,,,,,,,,
,"=IFERROR(TIMEVALUE(DaqBook_RAW_Data!AG184),IFERROR(TIMEVALUE(DaqBook_RAW_Data!A184),""""))",,,,,,,,,,,,,,,
,"=IFERROR(TIMEVALUE(DaqBook_RAW_Data!AG185),IFERROR(TIMEVALUE(DaqBook_RAW_Data!A185),""""))",,,,,,,,,,,,,,,
,"=IFERROR(TIMEVALUE(DaqBook_RAW_Data!AG186),IFERROR(TIMEVALUE(DaqBook_RAW_Data!A186),""""))",,,,,,,,,,,,,,,
,"=IFERROR(TIMEVALUE(DaqBook_RAW_Data!AG187),IFERROR(TIMEVALUE(DaqBook_RAW_Data!A187),""""))",,,,,,,,,,,,,,,
,"=IFERROR(TIMEVALUE(DaqBook_RAW_Data!AG188),IFERROR(TIMEVALUE(DaqBook_RAW_Data!A188),""""))",,,,,,,,,,,,,,,
,"=IFERROR(TIMEVALUE(DaqBook_RAW_Data!AG189),IFERROR(TIMEVALUE(DaqBook_RAW_Data!A189),""""))",,,,,,,,,,,,,,,
,"=IFERROR(TIMEVALUE(DaqBook_RAW_Data!AG190),IFERROR(TIMEVALUE(DaqBook_RAW_Data!A190),""""))",,,,,,,,,,,,,,,
,"=IFERROR(TIMEVALUE(DaqBook_RAW_Data!AG191),IFERROR(TIMEVALUE(DaqBook_RAW_Data!A191),""""))",,,,,,,,,,,,,,,
,"=IFERROR(TIMEVALUE(DaqBook_RAW_Data!AG192),IFERROR(TIMEVALUE(DaqBook_RAW_Data!A192),""""))",,,,,,,,,,,,,,,
,"=IFERROR(TIMEVALUE(DaqBook_RAW_Data!AG193),IFERROR(TIMEVALUE(DaqBook_RAW_Data!A193),""""))",,,,,,,,,,,,,,,
,"=IFERROR(TIMEVALUE(DaqBook_RAW_Data!AG194),IFERROR(TIMEVALUE(DaqBook_RAW_Data!A194),""""))",,,,,,,,,,,,,,,
,"=IFERROR(TIMEVALUE(DaqBook_RAW_Data!AG195),IFERROR(TIMEVALUE(DaqBook_RAW_Data!A195),""""))",,,,,,,,,,,,,,,
,"=IFERROR(TIMEVALUE(DaqBook_RAW_Data!AG196),IFERROR(TIMEVALUE(DaqBook_RAW_Data!A196),""""))",,,,,,,,,,,,,,,
,"=IFERROR(TIMEVALUE(DaqBook_RAW_Data!AG197),IFERROR(TIMEVALUE(DaqBook_RAW_Data!A197),""""))",,,,,,,,,,,,,,,
,"=IFERROR(TIMEVALUE(DaqBook_RAW_Data!AG198),IFERROR(TIMEVALUE(DaqBook_RAW_Data!A198),""""))",,,,,,,,,,,,,,,
,"=IFERROR(TIMEVALUE(DaqBook_RAW_Data!AG199),IFERROR(TIMEVALUE(DaqBook_RAW_Data!A199),""""))",,,,,,,,,,,,,,,
,"=IFERROR(TIMEVALUE(DaqBook_RAW_Data!AG200),IFERROR(TIMEVALUE(DaqBook_RAW_Data!A200),""""))",,,,,,,,,,,,,,,
,"=IFERROR(TIMEVALUE(DaqBook_RAW_Data!AG201),IFERROR(TIMEVALUE(DaqBook_RAW_Data!A201),""""))",,,,,,,,,,,,,,,
,"=IFERROR(TIMEVALUE(DaqBook_RAW_Data!AG202),IFERROR(TIMEVALUE(DaqBook_RAW_Data!A202),""""))",,,,,,,,,,,,,,,
,"=IFERROR(TIMEVALUE(DaqBook_RAW_Data!AG203),IFERROR(TIMEVALUE(DaqBook_RAW_Data!A203),""""))",,,,,,,,,,,,,,,
,"=IFERROR(TIMEVALUE(DaqBook_RAW_Data!AG204),IFERROR(TIMEVALUE(DaqBook_RAW_Data!A204),""""))",,,,,,,,,,,,,,,
,"=IFERROR(TIMEVALUE(DaqBook_RAW_Data!AG205),IFERROR(TIMEVALUE(DaqBook_RAW_Data!A205),""""))",,,,,,,,,,,,,,,
,"=IFERROR(TIMEVALUE(DaqBook_RAW_Data!AG206),IFERROR(TIMEVALUE(DaqBook_RAW_Data!A206),""""))",,,,,,,,,,,,,,,
,"=IFERROR(TIMEVALUE(DaqBook_RAW_Data!AG207),IFERROR(TIMEVALUE(DaqBook_RAW_Data!A207),""""))",,,,,,,,,,,,,,,
,"=IFERROR(TIMEVALUE(DaqBook_RAW_Data!AG208),IFERROR(TIMEVALUE(DaqBook_RAW_Data!A208),""""))",,,,,,,,,,,,,,,
,"=IFERROR(TIMEVALUE(DaqBook_RAW_Data!AG209),IFERROR(TIMEVALUE(DaqBook_RAW_Data!A209),""""))",,,,,,,,,,,,,,,
,"=IFERROR(TIMEVALUE(DaqBook_RAW_Data!AG210),IFERROR(TIMEVALUE(DaqBook_RAW_Data!A210),""""))",,,,,,,,,,,,,,,
,"=IFERROR(TIMEVALUE(DaqBook_RAW_Data!AG211),IFERROR(TIMEVALUE(DaqBook_RAW_Data!A211),""""))",,,,,,,,,,,,,,,
,"=IFERROR(TIMEVALUE(DaqBook_RAW_Data!AG212),IFERROR(TIMEVALUE(DaqBook_RAW_Data!A212),""""))",,,,,,,,,,,,,,,
,"=IFERROR(TIMEVALUE(DaqBook_RAW_Data!AG213),IFERROR(TIMEVALUE(DaqBook_RAW_Data!A213),""""))",,,,,,,,,,,,,,,
,"=IFERROR(TIMEVALUE(DaqBook_RAW_Data!AG214),IFERROR(TIMEVALUE(DaqBook_RAW_Data!A214),""""))",,,,,,,,,,,,,,,
,"=IFERROR(TIMEVALUE(DaqBook_RAW_Data!AG215),IFERROR(TIMEVALUE(DaqBook_RAW_Data!A215),""""))",,,,,,,,,,,,,,,
,"=IFERROR(TIMEVALUE(DaqBook_RAW_Data!AG216),IFERROR(TIMEVALUE(DaqBook_RAW_Data!A216),""""))",,,,,,,,,,,,,,,
,"=IFERROR(TIMEVALUE(DaqBook_RAW_Data!AG217),IFERROR(TIMEVALUE(DaqBook_RAW_Data!A217),""""))",,,,,,,,,,,,,,,
,"=IFERROR(TIMEVALUE(DaqBook_RAW_Data!AG218),IFERROR(TIMEVALUE(DaqBook_RAW_Data!A218),""""))",,,,,,,,,,,,,,,
,"=IFERROR(TIMEVALUE(DaqBook_RAW_Data!AG219),IFERROR(TIMEVALUE(DaqBook_RAW_Data!A219),""""))",,,,,,,,,,,,,,,
,"=IFERROR(TIMEVALUE(DaqBook_RAW_Data!AG220),IFERROR(TIMEVALUE(DaqBook_RAW_Data!A220),""""))",,,,,,,,,,,,,,,
,"=IFERROR(TIMEVALUE(DaqBook_RAW_Data!AG221),IFERROR(TIMEVALUE(DaqBook_RAW_Data!A221),""""))",,,,,,,,,,,,,,,
,"=IFERROR(TIMEVALUE(DaqBook_RAW_Data!AG222),IFERROR(TIMEVALUE(DaqBook_RAW_Data!A222),""""))",,,,,,,,,,,,,,,
,"=IFERROR(TIMEVALUE(DaqBook_RAW_Data!AG223),IFERROR(TIMEVALUE(DaqBook_RAW_Data!A223),""""))",,,,,,,,,,,,,,,
,"=IFERROR(TIMEVALUE(DaqBook_RAW_Data!AG224),IFERROR(TIMEVALUE(DaqBook_RAW_Data!A224),""""))",,,,,,,,,,,,,,,
,"=IFERROR(TIMEVALUE(DaqBook_RAW_Data!AG225),IFERROR(TIMEVALUE(DaqBook_RAW_Data!A225),""""))",,,,,,,,,,,,,,,
,"=IFERROR(TIMEVALUE(DaqBook_RAW_Data!AG226),IFERROR(TIMEVALUE(DaqBook_RAW_Data!A226),""""))",,,,,,,,,,,,,,,
,"=IFERROR(TIMEVALUE(DaqBook_RAW_Data!AG227),IFERROR(TIMEVALUE(DaqBook_RAW_Data!A227),""""))",,,,,,,,,,,,,,,
,"=IFERROR(TIMEVALUE(DaqBook_RAW_Data!AG228),IFERROR(TIMEVALUE(DaqBook_RAW_Data!A228),""""))",,,,,,,,,,,,,,,
,"=IFERROR(TIMEVALUE(DaqBook_RAW_Data!AG229),IFERROR(TIMEVALUE(DaqBook_RAW_Data!A229),""""))",,,,,,,,,,,,,,,
,"=IFERROR(TIMEVALUE(DaqBook_RAW_Data!AG230),IFERROR(TIMEVALUE(DaqBook_RAW_Data!A230),""""))",,,,,,,,,,,,,,,
,"=IFERROR(TIMEVALUE(DaqBook_RAW_Data!AG231),IFERROR(TIMEVALUE(DaqBook_RAW_Data!A231),""""))",,,,,,,,,,,,,,,
,"=IFERROR(TIMEVALUE(DaqBook_RAW_Data!AG232),IFERROR(TIMEVALUE(DaqBook_RAW_Data!A232),""""))",,,,,,,,,,,,,,,
,"=IFERROR(TIMEVALUE(DaqBook_RAW_Data!AG233),IFERROR(TIMEVALUE(DaqBook_RAW_Data!A233),""""))",,,,,,,,,,,,,,,
,"=IFERROR(TIMEVALUE(DaqBook_RAW_Data!AG234),IFERROR(TIMEVALUE(DaqBook_RAW_Data!A234),""""))",,,,,,,,,,,,,,,
,"=IFERROR(TIMEVALUE(DaqBook_RAW_Data!AG235),IFERROR(TIMEVALUE(DaqBook_RAW_Data!A235),""""))",,,,,,,,,,,,,,,
,"=IFERROR(TIMEVALUE(DaqBook_RAW_Data!AG236),IFERROR(TIMEVALUE(DaqBook_RAW_Data!A236),""""))",,,,,,,,,,,,,,,
,"=IFERROR(TIMEVALUE(DaqBook_RAW_Data!AG237),IFERROR(TIMEVALUE(DaqBook_RAW_Data!A237),""""))",,,,,,,,,,,,,,,
,"=IFERROR(TIMEVALUE(DaqBook_RAW_Data!AG238),IFERROR(TIMEVALUE(DaqBook_RAW_Data!A238),""""))",,,,,,,,,,,,,,,
,"=IFERROR(TIMEVALUE(DaqBook_RAW_Data!AG239),IFERROR(TIMEVALUE(DaqBook_RAW_Data!A239),""""))",,,,,,,,,,,,,,,
,"=IFERROR(TIMEVALUE(DaqBook_RAW_Data!AG240),IFERROR(TIMEVALUE(DaqBook_RAW_Data!A240),""""))",,,,,,,,,,,,,,,
,"=IFERROR(TIMEVALUE(DaqBook_RAW_Data!AG241),IFERROR(TIMEVALUE(DaqBook_RAW_Data!A241),""""))",,,,,,,,,,,,,,,
,"=IFERROR(TIMEVALUE(DaqBook_RAW_Data!AG242),IFERROR(TIMEVALUE(DaqBook_RAW_Data!A242),""""))",,,,,,,,,,,,,,,
,"=IFERROR(TIMEVALUE(DaqBook_RAW_Data!AG243),IFERROR(TIMEVALUE(DaqBook_RAW_Data!A243),""""))",,,,,,,,,,,,,,,
,"=IFERROR(TIMEVALUE(DaqBook_RAW_Data!AG244),IFERROR(TIMEVALUE(DaqBook_RAW_Data!A244),""""))",,,,,,,,,,,,,,,
,"=IFERROR(TIMEVALUE(DaqBook_RAW_Data!AG245),IFERROR(TIMEVALUE(DaqBook_RAW_Data!A245),""""))",,,,,,,,,,,,,,,
,"=IFERROR(TIMEVALUE(DaqBook_RAW_Data!AG246),IFERROR(TIMEVALUE(DaqBook_RAW_Data!A246),""""))",,,,,,,,,,,,,,,
,"=IFERROR(TIMEVALUE(DaqBook_RAW_Data!AG247),IFERROR(TIMEVALUE(DaqBook_RAW_Data!A247),""""))",,,,,,,,,,,,,,,
,"=IFERROR(TIMEVALUE(DaqBook_RAW_Data!AG248),IFERROR(TIMEVALUE(DaqBook_RAW_Data!A248),""""))",,,,,,,,,,,,,,,
,"=IFERROR(TIMEVALUE(DaqBook_RAW_Data!AG249),IFERROR(TIMEVALUE(DaqBook_RAW_Data!A249),""""))",,,,,,,,,,,,,,,
,"=IFERROR(TIMEVALUE(DaqBook_RAW_Data!AG250),IFERROR(TIMEVALUE(DaqBook_RAW_Data!A250),""""))",,,,,,,,,,,,,,,
,"=IFERROR(TIMEVALUE(DaqBook_RAW_Data!AG251),IFERROR(TIMEVALUE(DaqBook_RAW_Data!A251),""""))",,,,,,,,,,,,,,,
,"=IFERROR(TIMEVALUE(DaqBook_RAW_Data!AG252),IFERROR(TIMEVALUE(DaqBook_RAW_Data!A252),""""))",,,,,,,,,,,,,,,
,"=IFERROR(TIMEVALUE(DaqBook_RAW_Data!AG253),IFERROR(TIMEVALUE(DaqBook_RAW_Data!A253),""""))",,,,,,,,,,,,,,,
,"=IFERROR(TIMEVALUE(DaqBook_RAW_Data!AG254),IFERROR(TIMEVALUE(DaqBook_RAW_Data!A254),""""))",,,,,,,,,,,,,,,
,"=IFERROR(TIMEVALUE(DaqBook_RAW_Data!AG255),IFERROR(TIMEVALUE(DaqBook_RAW_Data!A255),""""))",,,,,,,,,,,,,,,
,"=IFERROR(TIMEVALUE(DaqBook_RAW_Data!AG256),IFERROR(TIMEVALUE(DaqBook_RAW_Data!A256),""""))",,,,,,,,,,,,,,,
,"=IFERROR(TIMEVALUE(DaqBook_RAW_Data!AG257),IFERROR(TIMEVALUE(DaqBook_RAW_Data!A257),""""))",,,,,,,,,,,,,,,
,"=IFERROR(TIMEVALUE(DaqBook_RAW_Data!AG258),IFERROR(TIMEVALUE(DaqBook_RAW_Data!A258),""""))",,,,,,,,,,,,,,,
,"=IFERROR(TIMEVALUE(DaqBook_RAW_Data!AG259),IFERROR(TIMEVALUE(DaqBook_RAW_Data!A259),""""))",,,,,,,,,,,,,,,
,"=IFERROR(TIMEVALUE(DaqBook_RAW_Data!AG260),IFERROR(TIMEVALUE(DaqBook_RAW_Data!A260),""""))",,,,,,,,,,,,,,,
,"=IFERROR(TIMEVALUE(DaqBook_RAW_Data!AG261),IFERROR(TIMEVALUE(DaqBook_RAW_Data!A261),""""))",,,,,,,,,,,,,,,
,"=IFERROR(TIMEVALUE(DaqBook_RAW_Data!AG262),IFERROR(TIMEVALUE(DaqBook_RAW_Data!A262),""""))",,,,,,,,,,,,,,,
,"=IFERROR(TIMEVALUE(DaqBook_RAW_Data!AG263),IFERROR(TIMEVALUE(DaqBook_RAW_Data!A263),""""))",,,,,,,,,,,,,,,
,"=IFERROR(TIMEVALUE(DaqBook_RAW_Data!AG264),IFERROR(TIMEVALUE(DaqBook_RAW_Data!A264),""""))",,,,,,,,,,,,,,,
,"=IFERROR(TIMEVALUE(DaqBook_RAW_Data!AG265),IFERROR(TIMEVALUE(DaqBook_RAW_Data!A265),""""))",,,,,,,,,,,,,,,
,"=IFERROR(TIMEVALUE(DaqBook_RAW_Data!AG266),IFERROR(TIMEVALUE(DaqBook_RAW_Data!A266),""""))",,,,,,,,,,,,,,,
,"=IFERROR(TIMEVALUE(DaqBook_RAW_Data!AG267),IFERROR(TIMEVALUE(DaqBook_RAW_Data!A267),""""))",,,,,,,,,,,,,,,
,"=IFERROR(TIMEVALUE(DaqBook_RAW_Data!AG268),IFERROR(TIMEVALUE(DaqBook_RAW_Data!A268),""""))",,,,,,,,,,,,,,,
,"=IFERROR(TIMEVALUE(DaqBook_RAW_Data!AG269),IFERROR(TIMEVALUE(DaqBook_RAW_Data!A269),""""))",,,,,,,,,,,,,,,
,"=IFERROR(TIMEVALUE(DaqBook_RAW_Data!AG270),IFERROR(TIMEVALUE(DaqBook_RAW_Data!A270),""""))",,,,,,,,,,,,,,,
,"=IFERROR(TIMEVALUE(DaqBook_RAW_Data!AG271),IFERROR(TIMEVALUE(DaqBook_RAW_Data!A271),""""))",,,,,,,,,,,,,,,
,"=IFERROR(TIMEVALUE(DaqBook_RAW_Data!AG272),IFERROR(TIMEVALUE(DaqBook_RAW_Data!A272),""""))",,,,,,,,,,,,,,,
,"=IFERROR(TIMEVALUE(DaqBook_RAW_Data!AG273),IFERROR(TIMEVALUE(DaqBook_RAW_Data!A273),""""))",,,,,,,,,,,,,,,
,"=IFERROR(TIMEVALUE(DaqBook_RAW_Data!AG274),IFERROR(TIMEVALUE(DaqBook_RAW_Data!A274),""""))",,,,,,,,,,,,,,,
,"=IFERROR(TIMEVALUE(DaqBook_RAW_Data!AG275),IFERROR(TIMEVALUE(DaqBook_RAW_Data!A275),""""))",,,,,,,,,,,,,,,
,"=IFERROR(TIMEVALUE(DaqBook_RAW_Data!AG276),IFERROR(TIMEVALUE(DaqBook_RAW_Data!A276),""""))",,,,,,,,,,,,,,,
,"=IFERROR(TIMEVALUE(DaqBook_RAW_Data!AG277),IFERROR(TIMEVALUE(DaqBook_RAW_Data!A277),""""))",,,,,,,,,,,,,,,
,"=IFERROR(TIMEVALUE(DaqBook_RAW_Data!AG278),IFERROR(TIMEVALUE(DaqBook_RAW_Data!A278),""""))",,,,,,,,,,,,,,,
,"=IFERROR(TIMEVALUE(DaqBook_RAW_Data!AG279),IFERROR(TIMEVALUE(DaqBook_RAW_Data!A279),""""))",,,,,,,,,,,,,,,
,"=IFERROR(TIMEVALUE(DaqBook_RAW_Data!AG280),IFERROR(TIMEVALUE(DaqBook_RAW_Data!A280),""""))",,,,,,,,,,,,,,,
,"=IFERROR(TIMEVALUE(DaqBook_RAW_Data!AG281),IFERROR(TIMEVALUE(DaqBook_RAW_Data!A281),""""))",,,,,,,,,,,,,,,
,"=IFERROR(TIMEVALUE(DaqBook_RAW_Data!AG282),IFERROR(TIMEVALUE(DaqBook_RAW_Data!A282),""""))",,,,,,,,,,,,,,,
,"=IFERROR(TIMEVALUE(DaqBook_RAW_Data!AG283),IFERROR(TIMEVALUE(DaqBook_RAW_Data!A283),""""))",,,,,,,,,,,,,,,
,"=IFERROR(TIMEVALUE(DaqBook_RAW_Data!AG284),IFERROR(TIMEVALUE(DaqBook_RAW_Data!A284),""""))",,,,,,,,,,,,,,,
,"=IFERROR(TIMEVALUE(DaqBook_RAW_Data!AG285),IFERROR(TIMEVALUE(DaqBook_RAW_Data!A285),""""))",,,,,,,,,,,,,,,
,"=IFERROR(TIMEVALUE(DaqBook_RAW_Data!AG286),IFERROR(TIMEVALUE(DaqBook_RAW_Data!A286),""""))",,,,,,,,,,,,,,,
,"=IFERROR(TIMEVALUE(DaqBook_RAW_Data!AG287),IFERROR(TIMEVALUE(DaqBook_RAW_Data!A287),""""))",,,,,,,,,,,,,,,
,"=IFERROR(TIMEVALUE(DaqBook_RAW_Data!AG288),IFERROR(TIMEVALUE(DaqBook_RAW_Data!A288),""""))",,,,,,,,,,,,,,,
,"=IFERROR(TIMEVALUE(DaqBook_RAW_Data!AG289),IFERROR(TIMEVALUE(DaqBook_RAW_Data!A289),""""))",,,,,,,,,,,,,,,
,"=IFERROR(TIMEVALUE(DaqBook_RAW_Data!AG290),IFERROR(TIMEVALUE(DaqBook_RAW_Data!A290),""""))",,,,,,,,,,,,,,,
,"=IFERROR(TIMEVALUE(DaqBook_RAW_Data!AG291),IFERROR(TIMEVALUE(DaqBook_RAW_Data!A291),""""))",,,,,,,,,,,,,,,
,"=IFERROR(TIMEVALUE(DaqBook_RAW_Data!AG292),IFERROR(TIMEVALUE(DaqBook_RAW_Data!A292),""""))",,,,,,,,,,,,,,,
,"=IFERROR(TIMEVALUE(DaqBook_RAW_Data!AG293),IFERROR(TIMEVALUE(DaqBook_RAW_Data!A293),""""))",,,,,,,,,,,,,,,
,"=IFERROR(TIMEVALUE(DaqBook_RAW_Data!AG294),IFERROR(TIMEVALUE(DaqBook_RAW_Data!A294),""""))",,,,,,,,,,,,,,,
,"=IFERROR(TIMEVALUE(DaqBook_RAW_Data!AG295),IFERROR(TIMEVALUE(DaqBook_RAW_Data!A295),""""))",,,,,,,,,,,,,,,
,"=IFERROR(TIMEVALUE(DaqBook_RAW_Data!AG296),IFERROR(TIMEVALUE(DaqBook_RAW_Data!A296),""""))",,,,,,,,,,,,,,,
,"=IFERROR(TIMEVALUE(DaqBook_RAW_Data!AG297),IFERROR(TIMEVALUE(DaqBook_RAW_Data!A297),""""))",,,,,,,,,,,,,,,
,"=IFERROR(TIMEVALUE(DaqBook_RAW_Data!AG298),IFERROR(TIMEVALUE(DaqBook_RAW_Data!A298),""""))",,,,,,,,,,,,,,,
,"=IFERROR(TIMEVALUE(DaqBook_RAW_Data!AG299),IFERROR(TIMEVALUE(DaqBook_RAW_Data!A299),""""))",,,,,,,,,,,,,,,
,"=IFERROR(TIMEVALUE(DaqBook_RAW_Data!AG300),IFERROR(TIMEVALUE(DaqBook_RAW_Data!A300),""""))",,,,,,,,,,,,,,,
,"=IFERROR(TIMEVALUE(DaqBook_RAW_Data!AG301),IFERROR(TIMEVALUE(DaqBook_RAW_Data!A301),""""))",,,,,,,,,,,,,,,
,"=IFERROR(TIMEVALUE(DaqBook_RAW_Data!AG302),IFERROR(TIMEVALUE(DaqBook_RAW_Data!A302),""""))",,,,,,,,,,,,,,,
,"=IFERROR(TIMEVALUE(DaqBook_RAW_Data!AG303),IFERROR(TIMEVALUE(DaqBook_RAW_Data!A303),""""))",,,,,,,,,,,,,,,
,"=IFERROR(TIMEVALUE(DaqBook_RAW_Data!AG304),IFERROR(TIMEVALUE(DaqBook_RAW_Data!A304),""""))",,,,,,,,,,,,,,,
,"=IFERROR(TIMEVALUE(DaqBook_RAW_Data!AG305),IFERROR(TIMEVALUE(DaqBook_RAW_Data!A305),""""))",,,,,,,,,,,,,,,
,"=IFERROR(TIMEVALUE(DaqBook_RAW_Data!AG306),IFERROR(TIMEVALUE(DaqBook_RAW_Data!A306),""""))",,,,,,,,,,,,,,,
,"=IFERROR(TIMEVALUE(DaqBook_RAW_Data!AG307),IFERROR(TIMEVALUE(DaqBook_RAW_Data!A307),""""))",,,,,,,,,,,,,,,
,"=IFERROR(TIMEVALUE(DaqBook_RAW_Data!AG308),IFERROR(TIMEVALUE(DaqBook_RAW_Data!A308),""""))",,,,,,,,,,,,,,,
,"=IFERROR(TIMEVALUE(DaqBook_RAW_Data!AG309),IFERROR(TIMEVALUE(DaqBook_RAW_Data!A309),""""))",,,,,,,,,,,,,,,
,"=IFERROR(TIMEVALUE(DaqBook_RAW_Data!AG310),IFERROR(TIMEVALUE(DaqBook_RAW_Data!A310),""""))",,,,,,,,,,,,,,,
,"=IFERROR(TIMEVALUE(DaqBook_RAW_Data!AG311),IFERROR(TIMEVALUE(DaqBook_RAW_Data!A311),""""))",,,,,,,,,,,,,,,
,"=IFERROR(TIMEVALUE(DaqBook_RAW_Data!AG312),IFERROR(TIMEVALUE(DaqBook_RAW_Data!A312),""""))",,,,,,,,,,,,,,,
,"=IFERROR(TIMEVALUE(DaqBook_RAW_Data!AG313),IFERROR(TIMEVALUE(DaqBook_RAW_Data!A313),""""))",,,,,,,,,,,,,,,
,"=IFERROR(TIMEVALUE(DaqBook_RAW_Data!AG314),IFERROR(TIMEVALUE(DaqBook_RAW_Data!A314),""""))",,,,,,,,,,,,,,,
,"=IFERROR(TIMEVALUE(DaqBook_RAW_Data!AG315),IFERROR(TIMEVALUE(DaqBook_RAW_Data!A315),""""))",,,,,,,,,,,,,,,
,"=IFERROR(TIMEVALUE(DaqBook_RAW_Data!AG316),IFERROR(TIMEVALUE(DaqBook_RAW_Data!A316),""""))",,,,,,,,,,,,,,,
,"=IFERROR(TIMEVALUE(DaqBook_RAW_Data!AG317),IFERROR(TIMEVALUE(DaqBook_RAW_Data!A317),""""))",,,,,,,,,,,,,,,
,"=IFERROR(TIMEVALUE(DaqBook_RAW_Data!AG318),IFERROR(TIMEVALUE(DaqBook_RAW_Data!A318),""""))",,,,,,,,,,,,,,,
,"=IFERROR(TIMEVALUE(DaqBook_RAW_Data!AG319),IFERROR(TIMEVALUE(DaqBook_RAW_Data!A319),""""))",,,,,,,,,,,,,,,
,"=IFERROR(TIMEVALUE(DaqBook_RAW_Data!AG320),IFERROR(TIMEVALUE(DaqBook_RAW_Data!A320),""""))",,,,,,,,,,,,,,,
,"=IFERROR(TIMEVALUE(DaqBook_RAW_Data!AG321),IFERROR(TIMEVALUE(DaqBook_RAW_Data!A321),""""))",,,,,,,,,,,,,,,
,"=IFERROR(TIMEVALUE(DaqBook_RAW_Data!AG322),IFERROR(TIMEVALUE(DaqBook_RAW_Data!A322),""""))",,,,,,,,,,,,,,,
,"=IFERROR(TIMEVALUE(DaqBook_RAW_Data!AG323),IFERROR(TIMEVALUE(DaqBook_RAW_Data!A323),""""))",,,,,,,,,,,,,,,
,"=IFERROR(TIMEVALUE(DaqBook_RAW_Data!AG324),IFERROR(TIMEVALUE(DaqBook_RAW_Data!A324),""""))",,,,,,,,,,,,,,,
,"=IFERROR(TIMEVALUE(DaqBook_RAW_Data!AG325),IFERROR(TIMEVALUE(DaqBook_RAW_Data!A325),""""))",,,,,,,,,,,,,,,
,"=IFERROR(TIMEVALUE(DaqBook_RAW_Data!AG326),IFERROR(TIMEVALUE(DaqBook_RAW_Data!A326),""""))",,,,,,,,,,,,,,,
,"=IFERROR(TIMEVALUE(DaqBook_RAW_Data!AG327),IFERROR(TIMEVALUE(DaqBook_RAW_Data!A327),""""))",,,,,,,,,,,,,,,
,"=IFERROR(TIMEVALUE(DaqBook_RAW_Data!AG328),IFERROR(TIMEVALUE(DaqBook_RAW_Data!A328),""""))",,,,,,,,,,,,,,,
,"=IFERROR(TIMEVALUE(DaqBook_RAW_Data!AG329),IFERROR(TIMEVALUE(DaqBook_RAW_Data!A329),""""))",,,,,,,,,,,,,,,
,"=IFERROR(TIMEVALUE(DaqBook_RAW_Data!AG330),IFERROR(TIMEVALUE(DaqBook_RAW_Data!A330),""""))",,,,,,,,,,,,,,,
,"=IFERROR(TIMEVALUE(DaqBook_RAW_Data!AG331),IFERROR(TIMEVALUE(DaqBook_RAW_Data!A331),""""))",,,,,,,,,,,,,,,
,"=IFERROR(TIMEVALUE(DaqBook_RAW_Data!AG332),IFERROR(TIMEVALUE(DaqBook_RAW_Data!A332),""""))",,,,,,,,,,,,,,,
,"=IFERROR(TIMEVALUE(DaqBook_RAW_Data!AG333),IFERROR(TIMEVALUE(DaqBook_RAW_Data!A333),""""))",,,,,,,,,,,,,,,
,"=IFERROR(TIMEVALUE(DaqBook_RAW_Data!AG334),IFERROR(TIMEVALUE(DaqBook_RAW_Data!A334),""""))",,,,,,,,,,,,,,,
,"=IFERROR(TIMEVALUE(DaqBook_RAW_Data!AG335),IFERROR(TIMEVALUE(DaqBook_RAW_Data!A335),""""))",,,,,,,,,,,,,,,
,"=IFERROR(TIMEVALUE(DaqBook_RAW_Data!AG336),IFERROR(TIMEVALUE(DaqBook_RAW_Data!A336),""""))",,,,,,,,,,,,,,,
,"=IFERROR(TIMEVALUE(DaqBook_RAW_Data!AG337),IFERROR(TIMEVALUE(DaqBook_RAW_Data!A337),""""))",,,,,,,,,,,,,,,
,"=IFERROR(TIMEVALUE(DaqBook_RAW_Data!AG338),IFERROR(TIMEVALUE(DaqBook_RAW_Data!A338),""""))",,,,,,,,,,,,,,,
,"=IFERROR(TIMEVALUE(DaqBook_RAW_Data!AG339),IFERROR(TIMEVALUE(DaqBook_RAW_Data!A339),""""))",,,,,,,,,,,,,,,
,"=IFERROR(TIMEVALUE(DaqBook_RAW_Data!AG340),IFERROR(TIMEVALUE(DaqBook_RAW_Data!A340),""""))",,,,,,,,,,,,,,,
,"=IFERROR(TIMEVALUE(DaqBook_RAW_Data!AG341),IFERROR(TIMEVALUE(DaqBook_RAW_Data!A341),""""))",,,,,,,,,,,,,,,
,"=IFERROR(TIMEVALUE(DaqBook_RAW_Data!AG342),IFERROR(TIMEVALUE(DaqBook_RAW_Data!A342),""""))",,,,,,,,,,,,,,,
,"=IFERROR(TIMEVALUE(DaqBook_RAW_Data!AG343),IFERROR(TIMEVALUE(DaqBook_RAW_Data!A343),""""))",,,,,,,,,,,,,,,
,"=IFERROR(TIMEVALUE(DaqBook_RAW_Data!AG344),IFERROR(TIMEVALUE(DaqBook_RAW_Data!A344),""""))",,,,,,,,,,,,,,,
,"=IFERROR(TIMEVALUE(DaqBook_RAW_Data!AG345),IFERROR(TIMEVALUE(DaqBook_RAW_Data!A345),""""))",,,,,,,,,,,,,,,
,"=IFERROR(TIMEVALUE(DaqBook_RAW_Data!AG346),IFERROR(TIMEVALUE(DaqBook_RAW_Data!A346),""""))",,,,,,,,,,,,,,,
,"=IFERROR(TIMEVALUE(DaqBook_RAW_Data!AG347),IFERROR(TIMEVALUE(DaqBook_RAW_Data!A347),""""))",,,,,,,,,,,,,,,
,"=IFERROR(TIMEVALUE(DaqBook_RAW_Data!AG348),IFERROR(TIMEVALUE(DaqBook_RAW_Data!A348),""""))",,,,,,,,,,,,,,,
,"=IFERROR(TIMEVALUE(DaqBook_RAW_Data!AG349),IFERROR(TIMEVALUE(DaqBook_RAW_Data!A349),""""))",,,,,,,,,,,,,,,
,"=IFERROR(TIMEVALUE(DaqBook_RAW_Data!AG350),IFERROR(TIMEVALUE(DaqBook_RAW_Data!A350),""""))",,,,,,,,,,,,,,,
,"=IFERROR(TIMEVALUE(DaqBook_RAW_Data!AG351),IFERROR(TIMEVALUE(DaqBook_RAW_Data!A351),""""))",,,,,,,,,,,,,,,
,"=IFERROR(TIMEVALUE(DaqBook_RAW_Data!AG352),IFERROR(TIMEVALUE(DaqBook_RAW_Data!A352),""""))",,,,,,,,,,,,,,,
,"=IFERROR(TIMEVALUE(DaqBook_RAW_Data!AG353),IFERROR(TIMEVALUE(DaqBook_RAW_Data!A353),""""))",,,,,,,,,,,,,,,
,"=IFERROR(TIMEVALUE(DaqBook_RAW_Data!AG354),IFERROR(TIMEVALUE(DaqBook_RAW_Data!A354),""""))",,,,,,,,,,,,,,,
,"=IFERROR(TIMEVALUE(DaqBook_RAW_Data!AG355),IFERROR(TIMEVALUE(DaqBook_RAW_Data!A355),""""))",,,,,,,,,,,,,,,
,"=IFERROR(TIMEVALUE(DaqBook_RAW_Data!AG356),IFERROR(TIMEVALUE(DaqBook_RAW_Data!A356),""""))",,,,,,,,,,,,,,,
,"=IFERROR(TIMEVALUE(DaqBook_RAW_Data!AG357),IFERROR(TIMEVALUE(DaqBook_RAW_Data!A357),""""))",,,,,,,,,,,,,,,
,"=IFERROR(TIMEVALUE(DaqBook_RAW_Data!AG358),IFERROR(TIMEVALUE(DaqBook_RAW_Data!A358),""""))",,,,,,,,,,,,,,,
,"=IFERROR(TIMEVALUE(DaqBook_RAW_Data!AG359),IFERROR(TIMEVALUE(DaqBook_RAW_Data!A359),""""))",,,,,,,,,,,,,,,
,"=IFERROR(TIMEVALUE(DaqBook_RAW_Data!AG360),IFERROR(TIMEVALUE(DaqBook_RAW_Data!A360),""""))",,,,,,,,,,,,,,,
,"=IFERROR(TIMEVALUE(DaqBook_RAW_Data!AG361),IFERROR(TIMEVALUE(DaqBook_RAW_Data!A361),""""))",,,,,,,,,,,,,,,
,"=IFERROR(TIMEVALUE(DaqBook_RAW_Data!AG362),IFERROR(TIMEVALUE(DaqBook_RAW_Data!A362),""""))",,,,,,,,,,,,,,,
,"=IFERROR(TIMEVALUE(DaqBook_RAW_Data!AG363),IFERROR(TIMEVALUE(DaqBook_RAW_Data!A363),""""))",,,,,,,,,,,,,,,
,"=IFERROR(TIMEVALUE(DaqBook_RAW_Data!AG364),IFERROR(TIMEVALUE(DaqBook_RAW_Data!A364),""""))",,,,,,,,,,,,,,,
,"=IFERROR(TIMEVALUE(DaqBook_RAW_Data!AG365),IFERROR(TIMEVALUE(DaqBook_RAW_Data!A365),""""))",,,,,,,,,,,,,,,
,"=IFERROR(TIMEVALUE(DaqBook_RAW_Data!AG366),IFERROR(TIMEVALUE(DaqBook_RAW_Data!A366),""""))",,,,,,,,,,,,,,,
,"=IFERROR(TIMEVALUE(DaqBook_RAW_Data!AG367),IFERROR(TIMEVALUE(DaqBook_RAW_Data!A367),""""))",,,,,,,,,,,,,,,
,"=IFERROR(TIMEVALUE(DaqBook_RAW_Data!AG368),IFERROR(TIMEVALUE(DaqBook_RAW_Data!A368),""""))",,,,,,,,,,,,,,,
,"=IFERROR(TIMEVALUE(DaqBook_RAW_Data!AG369),IFERROR(TIMEVALUE(DaqBook_RAW_Data!A369),""""))",,,,,,,,,,,,,,,
,"=IFERROR(TIMEVALUE(DaqBook_RAW_Data!AG370),IFERROR(TIMEVALUE(DaqBook_RAW_Data!A370),""""))",,,,,,,,,,,,,,,
,"=IFERROR(TIMEVALUE(DaqBook_RAW_Data!AG371),IFERROR(TIMEVALUE(DaqBook_RAW_Data!A371),""""))",,,,,,,,,,,,,,,
,"=IFERROR(TIMEVALUE(DaqBook_RAW_Data!AG372),IFERROR(TIMEVALUE(DaqBook_RAW_Data!A372),""""))",,,,,,,,,,,,,,,
,"=IFERROR(TIMEVALUE(DaqBook_RAW_Data!AG373),IFERROR(TIMEVALUE(DaqBook_RAW_Data!A373),""""))",,,,,,,,,,,,,,,
,"=IFERROR(TIMEVALUE(DaqBook_RAW_Data!AG374),IFERROR(TIMEVALUE(DaqBook_RAW_Data!A374),""""))",,,,,,,,,,,,,,,
,"=IFERROR(TIMEVALUE(DaqBook_RAW_Data!AG375),IFERROR(TIMEVALUE(DaqBook_RAW_Data!A375),""""))",,,,,,,,,,,,,,,
,"=IFERROR(TIMEVALUE(DaqBook_RAW_Data!AG376),IFERROR(TIMEVALUE(DaqBook_RAW_Data!A376),""""))",,,,,,,,,,,,,,,
,"=IFERROR(TIMEVALUE(DaqBook_RAW_Data!AG377),IFERROR(TIMEVALUE(DaqBook_RAW_Data!A377),""""))",,,,,,,,,,,,,,,
,"=IFERROR(TIMEVALUE(DaqBook_RAW_Data!AG378),IFERROR(TIMEVALUE(DaqBook_RAW_Data!A378),""""))",,,,,,,,,,,,,,,
,"=IFERROR(TIMEVALUE(DaqBook_RAW_Data!AG379),IFERROR(TIMEVALUE(DaqBook_RAW_Data!A379),""""))",,,,,,,,,,,,,,,
,"=IFERROR(TIMEVALUE(DaqBook_RAW_Data!AG380),IFERROR(TIMEVALUE(DaqBook_RAW_Data!A380),""""))",,,,,,,,,,,,,,,
,"=IFERROR(TIMEVALUE(DaqBook_RAW_Data!AG381),IFERROR(TIMEVALUE(DaqBook_RAW_Data!A381),""""))",,,,,,,,,,,,,,,
,"=IFERROR(TIMEVALUE(DaqBook_RAW_Data!AG382),IFERROR(TIMEVALUE(DaqBook_RAW_Data!A382),""""))",,,,,,,,,,,,,,,
,"=IFERROR(TIMEVALUE(DaqBook_RAW_Data!AG383),IFERROR(TIMEVALUE(DaqBook_RAW_Data!A383),""""))",,,,,,,,,,,,,,,
,"=IFERROR(TIMEVALUE(DaqBook_RAW_Data!AG384),IFERROR(TIMEVALUE(DaqBook_RAW_Data!A384),""""))",,,,,,,,,,,,,,,
,"=IFERROR(TIMEVALUE(DaqBook_RAW_Data!AG385),IFERROR(TIMEVALUE(DaqBook_RAW_Data!A385),""""))",,,,,,,,,,,,,,,
,"=IFERROR(TIMEVALUE(DaqBook_RAW_Data!AG386),IFERROR(TIMEVALUE(DaqBook_RAW_Data!A386),""""))",,,,,,,,,,,,,,,
,"=IFERROR(TIMEVALUE(DaqBook_RAW_Data!AG387),IFERROR(TIMEVALUE(DaqBook_RAW_Data!A387),""""))",,,,,,,,,,,,,,,
,"=IFERROR(TIMEVALUE(DaqBook_RAW_Data!AG388),IFERROR(TIMEVALUE(DaqBook_RAW_Data!A388),""""))",,,,,,,,,,,,,,,
,"=IFERROR(TIMEVALUE(DaqBook_RAW_Data!AG389),IFERROR(TIMEVALUE(DaqBook_RAW_Data!A389),""""))",,,,,,,,,,,,,,,
,"=IFERROR(TIMEVALUE(DaqBook_RAW_Data!AG390),IFERROR(TIMEVALUE(DaqBook_RAW_Data!A390),""""))",,,,,,,,,,,,,,,
,"=IFERROR(TIMEVALUE(DaqBook_RAW_Data!AG391),IFERROR(TIMEVALUE(DaqBook_RAW_Data!A391),""""))",,,,,,,,,,,,,,,
,"=IFERROR(TIMEVALUE(DaqBook_RAW_Data!AG392),IFERROR(TIMEVALUE(DaqBook_RAW_Data!A392),""""))",,,,,,,,,,,,,,,
,"=IFERROR(TIMEVALUE(DaqBook_RAW_Data!AG393),IFERROR(TIMEVALUE(DaqBook_RAW_Data!A393),""""))",,,,,,,,,,,,,,,
,"=IFERROR(TIMEVALUE(DaqBook_RAW_Data!AG394),IFERROR(TIMEVALUE(DaqBook_RAW_Data!A394),""""))",,,,,,,,,,,,,,,
,"=IFERROR(TIMEVALUE(DaqBook_RAW_Data!AG395),IFERROR(TIMEVALUE(DaqBook_RAW_Data!A395),""""))",,,,,,,,,,,,,,,
,"=IFERROR(TIMEVALUE(DaqBook_RAW_Data!AG396),IFERROR(TIMEVALUE(DaqBook_RAW_Data!A396),""""))",,,,,,,,,,,,,,,
,"=IFERROR(TIMEVALUE(DaqBook_RAW_Data!AG397),IFERROR(TIMEVALUE(DaqBook_RAW_Data!A397),""""))",,,,,,,,,,,,,,,
,"=IFERROR(TIMEVALUE(DaqBook_RAW_Data!AG398),IFERROR(TIMEVALUE(DaqBook_RAW_Data!A398),""""))",,,,,,,,,,,,,,,
,"=IFERROR(TIMEVALUE(DaqBook_RAW_Data!AG399),IFERROR(TIMEVALUE(DaqBook_RAW_Data!A399),""""))",,,,,,,,,,,,,,,
,"=IFERROR(TIMEVALUE(DaqBook_RAW_Data!AG400),IFERROR(TIMEVALUE(DaqBook_RAW_Data!A400),""""))",,,,,,,,,,,,,,,
,"=IFERROR(TIMEVALUE(DaqBook_RAW_Data!AG401),IFERROR(TIMEVALUE(DaqBook_RAW_Data!A401),""""))",,,,,,,,,,,,,,,
,"=IFERROR(TIMEVALUE(DaqBook_RAW_Data!AG402),IFERROR(TIMEVALUE(DaqBook_RAW_Data!A402),""""))",,,,,,,,,,,,,,,
,"=IFERROR(TIMEVALUE(DaqBook_RAW_Data!AG403),IFERROR(TIMEVALUE(DaqBook_RAW_Data!A403),""""))",,,,,,,,,,,,,,,
,"=IFERROR(TIMEVALUE(DaqBook_RAW_Data!AG404),IFERROR(TIMEVALUE(DaqBook_RAW_Data!A404),""""))",,,,,,,,,,,,,,,
,"=IFERROR(TIMEVALUE(DaqBook_RAW_Data!AG405),IFERROR(TIMEVALUE(DaqBook_RAW_Data!A405),""""))",,,,,,,,,,,,,,,
,"=IFERROR(TIMEVALUE(DaqBook_RAW_Data!AG406),IFERROR(TIMEVALUE(DaqBook_RAW_Data!A406),""""))",,,,,,,,,,,,,,,
,"=IFERROR(TIMEVALUE(DaqBook_RAW_Data!AG407),IFERROR(TIMEVALUE(DaqBook_RAW_Data!A407),""""))",,,,,,,,,,,,,,,
,"=IFERROR(TIMEVALUE(DaqBook_RAW_Data!AG408),IFERROR(TIMEVALUE(DaqBook_RAW_Data!A408),""""))",,,,,,,,,,,,,,,
,"=IFERROR(TIMEVALUE(DaqBook_RAW_Data!AG409),IFERROR(TIMEVALUE(DaqBook_RAW_Data!A409),""""))",,,,,,,,,,,,,,,
,"=IFERROR(TIMEVALUE(DaqBook_RAW_Data!AG410),IFERROR(TIMEVALUE(DaqBook_RAW_Data!A410),""""))",,,,,,,,,,,,,,,
,"=IFERROR(TIMEVALUE(DaqBook_RAW_Data!AG411),IFERROR(TIMEVALUE(DaqBook_RAW_Data!A411),""""))",,,,,,,,,,,,,,,
,"=IFERROR(TIMEVALUE(DaqBook_RAW_Data!AG412),IFERROR(TIMEVALUE(DaqBook_RAW_Data!A412),""""))",,,,,,,,,,,,,,,
,"=IFERROR(TIMEVALUE(DaqBook_RAW_Data!AG413),IFERROR(TIMEVALUE(DaqBook_RAW_Data!A413),""""))",,,,,,,,,,,,,,,
,"=IFERROR(TIMEVALUE(DaqBook_RAW_Data!AG414),IFERROR(TIMEVALUE(DaqBook_RAW_Data!A414),""""))",,,,,,,,,,,,,,,
,"=IFERROR(TIMEVALUE(DaqBook_RAW_Data!AG415),IFERROR(TIMEVALUE(DaqBook_RAW_Data!A415),""""))",,,,,,,,,,,,,,,
,"=IFERROR(TIMEVALUE(DaqBook_RAW_Data!AG416),IFERROR(TIMEVALUE(DaqBook_RAW_Data!A416),""""))",,,,,,,,,,,,,,,
,"=IFERROR(TIMEVALUE(DaqBook_RAW_Data!AG417),IFERROR(TIMEVALUE(DaqBook_RAW_Data!A417),""""))",,,,,,,,,,,,,,,
,"=IFERROR(TIMEVALUE(DaqBook_RAW_Data!AG418),IFERROR(TIMEVALUE(DaqBook_RAW_Data!A418),""""))",,,,,,,,,,,,,,,
,"=IFERROR(TIMEVALUE(DaqBook_RAW_Data!AG419),IFERROR(TIMEVALUE(DaqBook_RAW_Data!A419),""""))",,,,,,,,,,,,,,,
,"=IFERROR(TIMEVALUE(DaqBook_RAW_Data!AG420),IFERROR(TIMEVALUE(DaqBook_RAW_Data!A420),""""))",,,,,,,,,,,,,,,
,"=IFERROR(TIMEVALUE(DaqBook_RAW_Data!AG421),IFERROR(TIMEVALUE(DaqBook_RAW_Data!A421),""""))",,,,,,,,,,,,,,,
,"=IFERROR(TIMEVALUE(DaqBook_RAW_Data!AG422),IFERROR(TIMEVALUE(DaqBook_RAW_Data!A422),""""))",,,,,,,,,,,,,,,
,"=IFERROR(TIMEVALUE(DaqBook_RAW_Data!AG423),IFERROR(TIMEVALUE(DaqBook_RAW_Data!A423),""""))",,,,,,,,,,,,,,,
,"=IFERROR(TIMEVALUE(DaqBook_RAW_Data!AG424),IFERROR(TIMEVALUE(DaqBook_RAW_Data!A424),""""))",,,,,,,,,,,,,,,
,"=IFERROR(TIMEVALUE(DaqBook_RAW_Data!AG425),IFERROR(TIMEVALUE(DaqBook_RAW_Data!A425),""""))",,,,,,,,,,,,,,,
,"=IFERROR(TIMEVALUE(DaqBook_RAW_Data!AG426),IFERROR(TIMEVALUE(DaqBook_RAW_Data!A426),""""))",,,,,,,,,,,,,,,
,"=IFERROR(TIMEVALUE(DaqBook_RAW_Data!AG427),IFERROR(TIMEVALUE(DaqBook_RAW_Data!A427),""""))",,,,,,,,,,,,,,,
,"=IFERROR(TIMEVALUE(DaqBook_RAW_Data!AG428),IFERROR(TIMEVALUE(DaqBook_RAW_Data!A428),""""))",,,,,,,,,,,,,,,
,"=IFERROR(TIMEVALUE(DaqBook_RAW_Data!AG429),IFERROR(TIMEVALUE(DaqBook_RAW_Data!A429),""""))",,,,,,,,,,,,,,,
,"=IFERROR(TIMEVALUE(DaqBook_RAW_Data!AG430),IFERROR(TIMEVALUE(DaqBook_RAW_Data!A430),""""))",,,,,,,,,,,,,,,
,"=IFERROR(TIMEVALUE(DaqBook_RAW_Data!AG431),IFERROR(TIMEVALUE(DaqBook_RAW_Data!A431),""""))",,,,,,,,,,,,,,,
,"=IFERROR(TIMEVALUE(DaqBook_RAW_Data!AG432),IFERROR(TIMEVALUE(DaqBook_RAW_Data!A432),""""))",,,,,,,,,,,,,,,
,"=IFERROR(TIMEVALUE(DaqBook_RAW_Data!AG433),IFERROR(TIMEVALUE(DaqBook_RAW_Data!A433),""""))",,,,,,,,,,,,,,,
,"=IFERROR(TIMEVALUE(DaqBook_RAW_Data!AG434),IFERROR(TIMEVALUE(DaqBook_RAW_Data!A434),""""))",,,,,,,,,,,,,,,
,"=IFERROR(TIMEVALUE(DaqBook_RAW_Data!AG435),IFERROR(TIMEVALUE(DaqBook_RAW_Data!A435),""""))",,,,,,,,,,,,,,,
,"=IFERROR(TIMEVALUE(DaqBook_RAW_Data!AG436),IFERROR(TIMEVALUE(DaqBook_RAW_Data!A436),""""))",,,,,,,,,,,,,,,
,"=IFERROR(TIMEVALUE(DaqBook_RAW_Data!AG437),IFERROR(TIMEVALUE(DaqBook_RAW_Data!A437),""""))",,,,,,,,,,,,,,,
,"=IFERROR(TIMEVALUE(DaqBook_RAW_Data!AG438),IFERROR(TIMEVALUE(DaqBook_RAW_Data!A438),""""))",,,,,,,,,,,,,,,
,"=IFERROR(TIMEVALUE(DaqBook_RAW_Data!AG439),IFERROR(TIMEVALUE(DaqBook_RAW_Data!A439),""""))",,,,,,,,,,,,,,,
,"=IFERROR(TIMEVALUE(DaqBook_RAW_Data!AG440),IFERROR(TIMEVALUE(DaqBook_RAW_Data!A440),""""))",,,,,,,,,,,,,,,
,"=IFERROR(TIMEVALUE(DaqBook_RAW_Data!AG441),IFERROR(TIMEVALUE(DaqBook_RAW_Data!A441),""""))",,,,,,,,,,,,,,,
,"=IFERROR(TIMEVALUE(DaqBook_RAW_Data!AG442),IFERROR(TIMEVALUE(DaqBook_RAW_Data!A442),""""))",,,,,,,,,,,,,,,
,"=IFERROR(TIMEVALUE(DaqBook_RAW_Data!AG443),IFERROR(TIMEVALUE(DaqBook_RAW_Data!A443),""""))",,,,,,,,,,,,,,,
,"=IFERROR(TIMEVALUE(DaqBook_RAW_Data!AG444),IFERROR(TIMEVALUE(DaqBook_RAW_Data!A444),""""))",,,,,,,,,,,,,,,
,"=IFERROR(TIMEVALUE(DaqBook_RAW_Data!AG445),IFERROR(TIMEVALUE(DaqBook_RAW_Data!A445),""""))",,,,,,,,,,,,,,,
,"=IFERROR(TIMEVALUE(DaqBook_RAW_Data!AG446),IFERROR(TIMEVALUE(DaqBook_RAW_Data!A446),""""))",,,,,,,,,,,,,,,
,"=IFERROR(TIMEVALUE(DaqBook_RAW_Data!AG447),IFERROR(TIMEVALUE(DaqBook_RAW_Data!A447),""""))",,,,,,,,,,,,,,,
,"=IFERROR(TIMEVALUE(DaqBook_RAW_Data!AG448),IFERROR(TIMEVALUE(DaqBook_RAW_Data!A448),""""))",,,,,,,,,,,,,,,
,"=IFERROR(TIMEVALUE(DaqBook_RAW_Data!AG449),IFERROR(TIMEVALUE(DaqBook_RAW_Data!A449),""""))",,,,,,,,,,,,,,,
,"=IFERROR(TIMEVALUE(DaqBook_RAW_Data!AG450),IFERROR(TIMEVALUE(DaqBook_RAW_Data!A450),""""))",,,,,,,,,,,,,,,
,"=IFERROR(TIMEVALUE(DaqBook_RAW_Data!AG451),IFERROR(TIMEVALUE(DaqBook_RAW_Data!A451),""""))",,,,,,,,,,,,,,,
,"=IFERROR(TIMEVALUE(DaqBook_RAW_Data!AG452),IFERROR(TIMEVALUE(DaqBook_RAW_Data!A452),""""))",,,,,,,,,,,,,,,
,"=IFERROR(TIMEVALUE(DaqBook_RAW_Data!AG453),IFERROR(TIMEVALUE(DaqBook_RAW_Data!A453),""""))",,,,,,,,,,,,,,,
,"=IFERROR(TIMEVALUE(DaqBook_RAW_Data!AG454),IFERROR(TIMEVALUE(DaqBook_RAW_Data!A454),""""))",,,,,,,,,,,,,,,
,"=IFERROR(TIMEVALUE(DaqBook_RAW_Data!AG455),IFERROR(TIMEVALUE(DaqBook_RAW_Data!A455),""""))",,,,,,,,,,,,,,,
,"=IFERROR(TIMEVALUE(DaqBook_RAW_Data!AG456),IFERROR(TIMEVALUE(DaqBook_RAW_Data!A456),""""))",,,,,,,,,,,,,,,
,"=IFERROR(TIMEVALUE(DaqBook_RAW_Data!AG457),IFERROR(TIMEVALUE(DaqBook_RAW_Data!A457),""""))",,,,,,,,,,,,,,,
,"=IFERROR(TIMEVALUE(DaqBook_RAW_Data!AG458),IFERROR(TIMEVALUE(DaqBook_RAW_Data!A458),""""))",,,,,,,,,,,,,,,
,"=IFERROR(TIMEVALUE(DaqBook_RAW_Data!AG459),IFERROR(TIMEVALUE(DaqBook_RAW_Data!A459),""""))",,,,,,,,,,,,,,,
,"=IFERROR(TIMEVALUE(DaqBook_RAW_Data!AG460),IFERROR(TIMEVALUE(DaqBook_RAW_Data!A460),""""))",,,,,,,,,,,,,,,
,"=IFERROR(TIMEVALUE(DaqBook_RAW_Data!AG461),IFERROR(TIMEVALUE(DaqBook_RAW_Data!A461),""""))",,,,,,,,,,,,,,,
,"=IFERROR(TIMEVALUE(DaqBook_RAW_Data!AG462),IFERROR(TIMEVALUE(DaqBook_RAW_Data!A462),""""))",,,,,,,,,,,,,,,
,"=IFERROR(TIMEVALUE(DaqBook_RAW_Data!AG463),IFERROR(TIMEVALUE(DaqBook_RAW_Data!A463),""""))",,,,,,,,,,,,,,,
,"=IFERROR(TIMEVALUE(DaqBook_RAW_Data!AG464),IFERROR(TIMEVALUE(DaqBook_RAW_Data!A464),""""))",,,,,,,,,,,,,,,
,"=IFERROR(TIMEVALUE(DaqBook_RAW_Data!AG465),IFERROR(TIMEVALUE(DaqBook_RAW_Data!A465),""""))",,,,,,,,,,,,,,,
,"=IFERROR(TIMEVALUE(DaqBook_RAW_Data!AG466),IFERROR(TIMEVALUE(DaqBook_RAW_Data!A466),""""))",,,,,,,,,,,,,,,
,"=IFERROR(TIMEVALUE(DaqBook_RAW_Data!AG467),IFERROR(TIMEVALUE(DaqBook_RAW_Data!A467),""""))",,,,,,,,,,,,,,,
,"=IFERROR(TIMEVALUE(DaqBook_RAW_Data!AG468),IFERROR(TIMEVALUE(DaqBook_RAW_Data!A468),""""))",,,,,,,,,,,,,,,
,"=IFERROR(TIMEVALUE(DaqBook_RAW_Data!AG469),IFERROR(TIMEVALUE(DaqBook_RAW_Data!A469),""""))",,,,,,,,,,,,,,,
,"=IFERROR(TIMEVALUE(DaqBook_RAW_Data!AG470),IFERROR(TIMEVALUE(DaqBook_RAW_Data!A470),""""))",,,,,,,,,,,,,,,
,"=IFERROR(TIMEVALUE(DaqBook_RAW_Data!AG471),IFERROR(TIMEVALUE(DaqBook_RAW_Data!A471),""""))",,,,,,,,,,,,,,,
,"=IFERROR(TIMEVALUE(DaqBook_RAW_Data!AG472),IFERROR(TIMEVALUE(DaqBook_RAW_Data!A472),""""))",,,,,,,,,,,,,,,
,"=IFERROR(TIMEVALUE(DaqBook_RAW_Data!AG473),IFERROR(TIMEVALUE(DaqBook_RAW_Data!A473),""""))",,,,,,,,,,,,,,,
,"=IFERROR(TIMEVALUE(DaqBook_RAW_Data!AG474),IFERROR(TIMEVALUE(DaqBook_RAW_Data!A474),""""))",,,,,,,,,,,,,,,
,"=IFERROR(TIMEVALUE(DaqBook_RAW_Data!AG475),IFERROR(TIMEVALUE(DaqBook_RAW_Data!A475),""""))",,,,,,,,,,,,,,,
,"=IFERROR(TIMEVALUE(DaqBook_RAW_Data!AG476),IFERROR(TIMEVALUE(DaqBook_RAW_Data!A476),""""))",,,,,,,,,,,,,,,
,"=IFERROR(TIMEVALUE(DaqBook_RAW_Data!AG477),IFERROR(TIMEVALUE(DaqBook_RAW_Data!A477),""""))",,,,,,,,,,,,,,,
,"=IFERROR(TIMEVALUE(DaqBook_RAW_Data!AG478),IFERROR(TIMEVALUE(DaqBook_RAW_Data!A478),""""))",,,,,,,,,,,,,,,
,"=IFERROR(TIMEVALUE(DaqBook_RAW_Data!AG479),IFERROR(TIMEVALUE(DaqBook_RAW_Data!A479),""""))",,,,,,,,,,,,,,,
,"=IFERROR(TIMEVALUE(DaqBook_RAW_Data!AG480),IFERROR(TIMEVALUE(DaqBook_RAW_Data!A480),""""))",,,,,,,,,,,,,,,
,"=IFERROR(TIMEVALUE(DaqBook_RAW_Data!AG481),IFERROR(TIMEVALUE(DaqBook_RAW_Data!A481),""""))",,,,,,,,,,,,,,,
,"=IFERROR(TIMEVALUE(DaqBook_RAW_Data!AG482),IFERROR(TIMEVALUE(DaqBook_RAW_Data!A482),""""))",,,,,,,,,,,,,,,
,"=IFERROR(TIMEVALUE(DaqBook_RAW_Data!AG483),IFERROR(TIMEVALUE(DaqBook_RAW_Data!A483),""""))",,,,,,,,,,,,,,,
,"=IFERROR(TIMEVALUE(DaqBook_RAW_Data!AG484),IFERROR(TIMEVALUE(DaqBook_RAW_Data!A484),""""))",,,,,,,,,,,,,,,
,"=IFERROR(TIMEVALUE(DaqBook_RAW_Data!AG485),IFERROR(TIMEVALUE(DaqBook_RAW_Data!A485),""""))",,,,,,,,,,,,,,,
,"=IFERROR(TIMEVALUE(DaqBook_RAW_Data!AG486),IFERROR(TIMEVALUE(DaqBook_RAW_Data!A486),""""))",,,,,,,,,,,,,,,
,"=IFERROR(TIMEVALUE(DaqBook_RAW_Data!AG487),IFERROR(TIMEVALUE(DaqBook_RAW_Data!A487),""""))",,,,,,,,,,,,,,,
,"=IFERROR(TIMEVALUE(DaqBook_RAW_Data!AG488),IFERROR(TIMEVALUE(DaqBook_RAW_Data!A488),""""))",,,,,,,,,,,,,,,
,"=IFERROR(TIMEVALUE(DaqBook_RAW_Data!AG489),IFERROR(TIMEVALUE(DaqBook_RAW_Data!A489),""""))",,,,,,,,,,,,,,,
,"=IFERROR(TIMEVALUE(DaqBook_RAW_Data!AG490),IFERROR(TIMEVALUE(DaqBook_RAW_Data!A490),""""))",,,,,,,,,,,,,,,
,"=IFERROR(TIMEVALUE(DaqBook_RAW_Data!AG491),IFERROR(TIMEVALUE(DaqBook_RAW_Data!A491),""""))",,,,,,,,,,,,,,,
,"=IFERROR(TIMEVALUE(DaqBook_RAW_Data!AG492),IFERROR(TIMEVALUE(DaqBook_RAW_Data!A492),""""))",,,,,,,,,,,,,,,
,"=IFERROR(TIMEVALUE(DaqBook_RAW_Data!AG493),IFERROR(TIMEVALUE(DaqBook_RAW_Data!A493),""""))",,,,,,,,,,,,,,,
,"=IFERROR(TIMEVALUE(DaqBook_RAW_Data!AG494),IFERROR(TIMEVALUE(DaqBook_RAW_Data!A494),""""))",,,,,,,,,,,,,,,
,"=IFERROR(TIMEVALUE(DaqBook_RAW_Data!AG495),IFERROR(TIMEVALUE(DaqBook_RAW_Data!A495),""""))",,,,,,,,,,,,,,,
,"=IFERROR(TIMEVALUE(DaqBook_RAW_Data!AG496),IFERROR(TIMEVALUE(DaqBook_RAW_Data!A496),""""))",,,,,,,,,,,,,,,
,"=IFERROR(TIMEVALUE(DaqBook_RAW_Data!AG497),IFERROR(TIMEVALUE(DaqBook_RAW_Data!A497),""""))",,,,,,,,,,,,,,,
,"=IFERROR(TIMEVALUE(DaqBook_RAW_Data!AG498),IFERROR(TIMEVALUE(DaqBook_RAW_Data!A498),""""))",,,,,,,,,,,,,,,
,"=IFERROR(TIMEVALUE(DaqBook_RAW_Data!AG499),IFERROR(TIMEVALUE(DaqBook_RAW_Data!A499),""""))",,,,,,,,,,,,,,,
,"=IFERROR(TIMEVALUE(DaqBook_RAW_Data!AG500),IFERROR(TIMEVALUE(DaqBook_RAW_Data!A500),""""))",,,,,,,,,,,,,,,
,"=IFERROR(TIMEVALUE(DaqBook_RAW_Data!AG501),IFERROR(TIMEVALUE(DaqBook_RAW_Data!A501),""""))",,,,,,,,,,,,,,,
,"=IFERROR(TIMEVALUE(DaqBook_RAW_Data!AG502),IFERROR(TIMEVALUE(DaqBook_RAW_Data!A502),""""))",,,,,,,,,,,,,,,
,"=IFERROR(TIMEVALUE(DaqBook_RAW_Data!AG503),IFERROR(TIMEVALUE(DaqBook_RAW_Data!A503),""""))",,,,,,,,,,,,,,,
,"=IFERROR(TIMEVALUE(DaqBook_RAW_Data!AG504),IFERROR(TIMEVALUE(DaqBook_RAW_Data!A504),""""))",,,,,,,,,,,,,,,
,"=IFERROR(TIMEVALUE(DaqBook_RAW_Data!AG505),IFERROR(TIMEVALUE(DaqBook_RAW_Data!A505),""""))",,,,,,,,,,,,,,,
,"=IFERROR(TIMEVALUE(DaqBook_RAW_Data!AG506),IFERROR(TIMEVALUE(DaqBook_RAW_Data!A506),""""))",,,,,,,,,,,,,,,
,"=IFERROR(TIMEVALUE(DaqBook_RAW_Data!AG507),IFERROR(TIMEVALUE(DaqBook_RAW_Data!A507),""""))",,,,,,,,,,,,,,,
,"=IFERROR(TIMEVALUE(DaqBook_RAW_Data!AG508),IFERROR(TIMEVALUE(DaqBook_RAW_Data!A508),""""))",,,,,,,,,,,,,,,
,"=IFERROR(TIMEVALUE(DaqBook_RAW_Data!AG509),IFERROR(TIMEVALUE(DaqBook_RAW_Data!A509),""""))",,,,,,,,,,,,,,,
,"=IFERROR(TIMEVALUE(DaqBook_RAW_Data!AG510),IFERROR(TIMEVALUE(DaqBook_RAW_Data!A510),""""))",,,,,,,,,,,,,,,
,"=IFERROR(TIMEVALUE(DaqBook_RAW_Data!AG511),IFERROR(TIMEVALUE(DaqBook_RAW_Data!A511),""""))",,,,,,,,,,,,,,,
,"=IFERROR(TIMEVALUE(DaqBook_RAW_Data!AG512),IFERROR(TIMEVALUE(DaqBook_RAW_Data!A512),""""))",,,,,,,,,,,,,,,
,"=IFERROR(TIMEVALUE(DaqBook_RAW_Data!AG513),IFERROR(TIMEVALUE(DaqBook_RAW_Data!A513),""""))",,,,,,,,,,,,,,,
,"=IFERROR(TIMEVALUE(DaqBook_RAW_Data!AG514),IFERROR(TIMEVALUE(DaqBook_RAW_Data!A514),""""))",,,,,,,,,,,,,,,
,"=IFERROR(TIMEVALUE(DaqBook_RAW_Data!AG515),IFERROR(TIMEVALUE(DaqBook_RAW_Data!A515),""""))",,,,,,,,,,,,,,,
,"=IFERROR(TIMEVALUE(DaqBook_RAW_Data!AG516),IFERROR(TIMEVALUE(DaqBook_RAW_Data!A516),""""))",,,,,,,,,,,,,,,
,"=IFERROR(TIMEVALUE(DaqBook_RAW_Data!AG517),IFERROR(TIMEVALUE(DaqBook_RAW_Data!A517),""""))",,,,,,,,,,,,,,,
,"=IFERROR(TIMEVALUE(DaqBook_RAW_Data!AG518),IFERROR(TIMEVALUE(DaqBook_RAW_Data!A518),""""))",,,,,,,,,,,,,,,
,"=IFERROR(TIMEVALUE(DaqBook_RAW_Data!AG519),IFERROR(TIMEVALUE(DaqBook_RAW_Data!A519),""""))",,,,,,,,,,,,,,,
,"=IFERROR(TIMEVALUE(DaqBook_RAW_Data!AG520),IFERROR(TIMEVALUE(DaqBook_RAW_Data!A520),""""))",,,,,,,,,,,,,,,
,"=IFERROR(TIMEVALUE(DaqBook_RAW_Data!AG521),IFERROR(TIMEVALUE(DaqBook_RAW_Data!A521),""""))",,,,,,,,,,,,,,,
,"=IFERROR(TIMEVALUE(DaqBook_RAW_Data!AG522),IFERROR(TIMEVALUE(DaqBook_RAW_Data!A522),""""))",,,,,,,,,,,,,,,
,"=IFERROR(TIMEVALUE(DaqBook_RAW_Data!AG523),IFERROR(TIMEVALUE(DaqBook_RAW_Data!A523),""""))",,,,,,,,,,,,,,,
,"=IFERROR(TIMEVALUE(DaqBook_RAW_Data!AG524),IFERROR(TIMEVALUE(DaqBook_RAW_Data!A524),""""))",,,,,,,,,,,,,,,
,"=IFERROR(TIMEVALUE(DaqBook_RAW_Data!AG525),IFERROR(TIMEVALUE(DaqBook_RAW_Data!A525),""""))",,,,,,,,,,,,,,,
,"=IFERROR(TIMEVALUE(DaqBook_RAW_Data!AG526),IFERROR(TIMEVALUE(DaqBook_RAW_Data!A526),""""))",,,,,,,,,,,,,,,
,"=IFERROR(TIMEVALUE(DaqBook_RAW_Data!AG527),IFERROR(TIMEVALUE(DaqBook_RAW_Data!A527),""""))",,,,,,,,,,,,,,,
,"=IFERROR(TIMEVALUE(DaqBook_RAW_Data!AG528),IFERROR(TIMEVALUE(DaqBook_RAW_Data!A528),""""))",,,,,,,,,,,,,,,
,"=IFERROR(TIMEVALUE(DaqBook_RAW_Data!AG529),IFERROR(TIMEVALUE(DaqBook_RAW_Data!A529),""""))",,,,,,,,,,,,,,,
,"=IFERROR(TIMEVALUE(DaqBook_RAW_Data!AG530),IFERROR(TIMEVALUE(DaqBook_RAW_Data!A530),""""))",,,,,,,,,,,,,,,
,"=IFERROR(TIMEVALUE(DaqBook_RAW_Data!AG531),IFERROR(TIMEVALUE(DaqBook_RAW_Data!A531),""""))",,,,,,,,,,,,,,,
,"=IFERROR(TIMEVALUE(DaqBook_RAW_Data!AG532),IFERROR(TIMEVALUE(DaqBook_RAW_Data!A532),""""))",,,,,,,,,,,,,,,
,"=IFERROR(TIMEVALUE(DaqBook_RAW_Data!AG533),IFERROR(TIMEVALUE(DaqBook_RAW_Data!A533),""""))",,,,,,,,,,,,,,,
,"=IFERROR(TIMEVALUE(DaqBook_RAW_Data!AG534),IFERROR(TIMEVALUE(DaqBook_RAW_Data!A534),""""))",,,,,,,,,,,,,,,
,"=IFERROR(TIMEVALUE(DaqBook_RAW_Data!AG535),IFERROR(TIMEVALUE(DaqBook_RAW_Data!A535),""""))",,,,,,,,,,,,,,,
,"=IFERROR(TIMEVALUE(DaqBook_RAW_Data!AG536),IFERROR(TIMEVALUE(DaqBook_RAW_Data!A536),""""))",,,,,,,,,,,,,,,
,"=IFERROR(TIMEVALUE(DaqBook_RAW_Data!AG537),IFERROR(TIMEVALUE(DaqBook_RAW_Data!A537),""""))",,,,,,,,,,,,,,,
,"=IFERROR(TIMEVALUE(DaqBook_RAW_Data!AG538),IFERROR(TIMEVALUE(DaqBook_RAW_Data!A538),""""))",,,,,,,,,,,,,,,
,"=IFERROR(TIMEVALUE(DaqBook_RAW_Data!AG539),IFERROR(TIMEVALUE(DaqBook_RAW_Data!A539),""""))",,,,,,,,,,,,,,,
,"=IFERROR(TIMEVALUE(DaqBook_RAW_Data!AG540),IFERROR(TIMEVALUE(DaqBook_RAW_Data!A540),""""))",,,,,,,,,,,,,,,
,"=IFERROR(TIMEVALUE(DaqBook_RAW_Data!AG541),IFERROR(TIMEVALUE(DaqBook_RAW_Data!A541),""""))",,,,,,,,,,,,,,,
,"=IFERROR(TIMEVALUE(DaqBook_RAW_Data!AG542),IFERROR(TIMEVALUE(DaqBook_RAW_Data!A542),""""))",,,,,,,,,,,,,,,
,"=IFERROR(TIMEVALUE(DaqBook_RAW_Data!AG543),IFERROR(TIMEVALUE(DaqBook_RAW_Data!A543),""""))",,,,,,,,,,,,,,,
,"=IFERROR(TIMEVALUE(DaqBook_RAW_Data!AG544),IFERROR(TIMEVALUE(DaqBook_RAW_Data!A544),""""))",,,,,,,,,,,,,,,
,"=IFERROR(TIMEVALUE(DaqBook_RAW_Data!AG545),IFERROR(TIMEVALUE(DaqBook_RAW_Data!A545),""""))",,,,,,,,,,,,,,,
,"=IFERROR(TIMEVALUE(DaqBook_RAW_Data!AG546),IFERROR(TIMEVALUE(DaqBook_RAW_Data!A546),""""))",,,,,,,,,,,,,,,
,"=IFERROR(TIMEVALUE(DaqBook_RAW_Data!AG547),IFERROR(TIMEVALUE(DaqBook_RAW_Data!A547),""""))",,,,,,,,,,,,,,,
,"=IFERROR(TIMEVALUE(DaqBook_RAW_Data!AG548),IFERROR(TIMEVALUE(DaqBook_RAW_Data!A548),""""))",,,,,,,,,,,,,,,
,"=IFERROR(TIMEVALUE(DaqBook_RAW_Data!AG549),IFERROR(TIMEVALUE(DaqBook_RAW_Data!A549),""""))",,,,,,,,,,,,,,,
,"=IFERROR(TIMEVALUE(DaqBook_RAW_Data!AG550),IFERROR(TIMEVALUE(DaqBook_RAW_Data!A550),""""))",,,,,,,,,,,,,,,
,"=IFERROR(TIMEVALUE(DaqBook_RAW_Data!AG551),IFERROR(TIMEVALUE(DaqBook_RAW_Data!A551),""""))",,,,,,,,,,,,,,,
,"=IFERROR(TIMEVALUE(DaqBook_RAW_Data!AG552),IFERROR(TIMEVALUE(DaqBook_RAW_Data!A552),""""))",,,,,,,,,,,,,,,
,"=IFERROR(TIMEVALUE(DaqBook_RAW_Data!AG553),IFERROR(TIMEVALUE(DaqBook_RAW_Data!A553),""""))",,,,,,,,,,,,,,,
,"=IFERROR(TIMEVALUE(DaqBook_RAW_Data!AG554),IFERROR(TIMEVALUE(DaqBook_RAW_Data!A554),""""))",,,,,,,,,,,,,,,
,"=IFERROR(TIMEVALUE(DaqBook_RAW_Data!AG555),IFERROR(TIMEVALUE(DaqBook_RAW_Data!A555),""""))",,,,,,,,,,,,,,,
,"=IFERROR(TIMEVALUE(DaqBook_RAW_Data!AG556),IFERROR(TIMEVALUE(DaqBook_RAW_Data!A556),""""))",,,,,,,,,,,,,,,
,"=IFERROR(TIMEVALUE(DaqBook_RAW_Data!AG557),IFERROR(TIMEVALUE(DaqBook_RAW_Data!A557),""""))",,,,,,,,,,,,,,,
,"=IFERROR(TIMEVALUE(DaqBook_RAW_Data!AG558),IFERROR(TIMEVALUE(DaqBook_RAW_Data!A558),""""))",,,,,,,,,,,,,,,
,"=IFERROR(TIMEVALUE(DaqBook_RAW_Data!AG559),IFERROR(TIMEVALUE(DaqBook_RAW_Data!A559),""""))",,,,,,,,,,,,,,,
,"=IFERROR(TIMEVALUE(DaqBook_RAW_Data!AG560),IFERROR(TIMEVALUE(DaqBook_RAW_Data!A560),""""))",,,,,,,,,,,,,,,
,"=IFERROR(TIMEVALUE(DaqBook_RAW_Data!AG561),IFERROR(TIMEVALUE(DaqBook_RAW_Data!A561),""""))",,,,,,,,,,,,,,,
,"=IFERROR(TIMEVALUE(DaqBook_RAW_Data!AG562),IFERROR(TIMEVALUE(DaqBook_RAW_Data!A562),""""))",,,,,,,,,,,,,,,
,"=IFERROR(TIMEVALUE(DaqBook_RAW_Data!AG563),IFERROR(TIMEVALUE(DaqBook_RAW_Data!A563),""""))",,,,,,,,,,,,,,,
,"=IFERROR(TIMEVALUE(DaqBook_RAW_Data!AG564),IFERROR(TIMEVALUE(DaqBook_RAW_Data!A564),""""))",,,,,,,,,,,,,,,
,"=IFERROR(TIMEVALUE(DaqBook_RAW_Data!AG565),IFERROR(TIMEVALUE(DaqBook_RAW_Data!A565),""""))",,,,,,,,,,,,,,,
,"=IFERROR(TIMEVALUE(DaqBook_RAW_Data!AG566),IFERROR(TIMEVALUE(DaqBook_RAW_Data!A566),""""))",,,,,,,,,,,,,,,
,"=IFERROR(TIMEVALUE(DaqBook_RAW_Data!AG567),IFERROR(TIMEVALUE(DaqBook_RAW_Data!A567),""""))",,,,,,,,,,,,,,,
,"=IFERROR(TIMEVALUE(DaqBook_RAW_Data!AG568),IFERROR(TIMEVALUE(DaqBook_RAW_Data!A568),""""))",,,,,,,,,,,,,,,
,"=IFERROR(TIMEVALUE(DaqBook_RAW_Data!AG569),IFERROR(TIMEVALUE(DaqBook_RAW_Data!A569),""""))",,,,,,,,,,,,,,,
,"=IFERROR(TIMEVALUE(DaqBook_RAW_Data!AG570),IFERROR(TIMEVALUE(DaqBook_RAW_Data!A570),""""))",,,,,,,,,,,,,,,
,"=IFERROR(TIMEVALUE(DaqBook_RAW_Data!AG571),IFERROR(TIMEVALUE(DaqBook_RAW_Data!A571),""""))",,,,,,,,,,,,,,,
,"=IFERROR(TIMEVALUE(DaqBook_RAW_Data!AG572),IFERROR(TIMEVALUE(DaqBook_RAW_Data!A572),""""))",,,,,,,,,,,,,,,
,"=IFERROR(TIMEVALUE(DaqBook_RAW_Data!AG573),IFERROR(TIMEVALUE(DaqBook_RAW_Data!A573),""""))",,,,,,,,,,,,,,,
,"=IFERROR(TIMEVALUE(DaqBook_RAW_Data!AG574),IFERROR(TIMEVALUE(DaqBook_RAW_Data!A574),""""))",,,,,,,,,,,,,,,
,"=IFERROR(TIMEVALUE(DaqBook_RAW_Data!AG575),IFERROR(TIMEVALUE(DaqBook_RAW_Data!A575),""""))",,,,,,,,,,,,,,,
,"=IFERROR(TIMEVALUE(DaqBook_RAW_Data!AG576),IFERROR(TIMEVALUE(DaqBook_RAW_Data!A576),""""))",,,,,,,,,,,,,,,
,"=IFERROR(TIMEVALUE(DaqBook_RAW_Data!AG577),IFERROR(TIMEVALUE(DaqBook_RAW_Data!A577),""""))",,,,,,,,,,,,,,,
,"=IFERROR(TIMEVALUE(DaqBook_RAW_Data!AG578),IFERROR(TIMEVALUE(DaqBook_RAW_Data!A578),""""))",,,,,,,,,,,,,,,
,"=IFERROR(TIMEVALUE(DaqBook_RAW_Data!AG579),IFERROR(TIMEVALUE(DaqBook_RAW_Data!A579),""""))",,,,,,,,,,,,,,,
,"=IFERROR(TIMEVALUE(DaqBook_RAW_Data!AG580),IFERROR(TIMEVALUE(DaqBook_RAW_Data!A580),""""))",,,,,,,,,,,,,,,
,"=IFERROR(TIMEVALUE(DaqBook_RAW_Data!AG581),IFERROR(TIMEVALUE(DaqBook_RAW_Data!A581),""""))",,,,,,,,,,,,,,,
,"=IFERROR(TIMEVALUE(DaqBook_RAW_Data!AG582),IFERROR(TIMEVALUE(DaqBook_RAW_Data!A582),""""))",,,,,,,,,,,,,,,
,"=IFERROR(TIMEVALUE(DaqBook_RAW_Data!AG583),IFERROR(TIMEVALUE(DaqBook_RAW_Data!A583),""""))",,,,,,,,,,,,,,,
,"=IFERROR(TIMEVALUE(DaqBook_RAW_Data!AG584),IFERROR(TIMEVALUE(DaqBook_RAW_Data!A584),""""))",,,,,,,,,,,,,,,
,"=IFERROR(TIMEVALUE(DaqBook_RAW_Data!AG585),IFERROR(TIMEVALUE(DaqBook_RAW_Data!A585),""""))",,,,,,,,,,,,,,,
,"=IFERROR(TIMEVALUE(DaqBook_RAW_Data!AG586),IFERROR(TIMEVALUE(DaqBook_RAW_Data!A586),""""))",,,,,,,,,,,,,,,
,"=IFERROR(TIMEVALUE(DaqBook_RAW_Data!AG587),IFERROR(TIMEVALUE(DaqBook_RAW_Data!A587),""""))",,,,,,,,,,,,,,,
,"=IFERROR(TIMEVALUE(DaqBook_RAW_Data!AG588),IFERROR(TIMEVALUE(DaqBook_RAW_Data!A588),""""))",,,,,,,,,,,,,,,
,"=IFERROR(TIMEVALUE(DaqBook_RAW_Data!AG589),IFERROR(TIMEVALUE(DaqBook_RAW_Data!A589),""""))",,,,,,,,,,,,,,,
,"=IFERROR(TIMEVALUE(DaqBook_RAW_Data!AG590),IFERROR(TIMEVALUE(DaqBook_RAW_Data!A590),""""))",,,,,,,,,,,,,,,
,"=IFERROR(TIMEVALUE(DaqBook_RAW_Data!AG591),IFERROR(TIMEVALUE(DaqBook_RAW_Data!A591),""""))",,,,,,,,,,,,,,,
,"=IFERROR(TIMEVALUE(DaqBook_RAW_Data!AG592),IFERROR(TIMEVALUE(DaqBook_RAW_Data!A592),""""))",,,,,,,,,,,,,,,
,"=IFERROR(TIMEVALUE(DaqBook_RAW_Data!AG593),IFERROR(TIMEVALUE(DaqBook_RAW_Data!A593),""""))",,,,,,,,,,,,,,,
,"=IFERROR(TIMEVALUE(DaqBook_RAW_Data!AG594),IFERROR(TIMEVALUE(DaqBook_RAW_Data!A594),""""))",,,,,,,,,,,,,,,
,"=IFERROR(TIMEVALUE(DaqBook_RAW_Data!AG595),IFERROR(TIMEVALUE(DaqBook_RAW_Data!A595),""""))",,,,,,,,,,,,,,,
,"=IFERROR(TIMEVALUE(DaqBook_RAW_Data!AG596),IFERROR(TIMEVALUE(DaqBook_RAW_Data!A596),""""))",,,,,,,,,,,,,,,
,"=IFERROR(TIMEVALUE(DaqBook_RAW_Data!AG597),IFERROR(TIMEVALUE(DaqBook_RAW_Data!A597),""""))",,,,,,,,,,,,,,,
,"=IFERROR(TIMEVALUE(DaqBook_RAW_Data!AG598),IFERROR(TIMEVALUE(DaqBook_RAW_Data!A598),""""))",,,,,,,,,,,,,,,
,"=IFERROR(TIMEVALUE(DaqBook_RAW_Data!AG599),IFERROR(TIMEVALUE(DaqBook_RAW_Data!A599),""""))",,,,,,,,,,,,,,,
,"=IFERROR(TIMEVALUE(DaqBook_RAW_Data!AG600),IFERROR(TIMEVALUE(DaqBook_RAW_Data!A600),""""))",,,,,,,,,,,,,,,
,"=IFERROR(TIMEVALUE(DaqBook_RAW_Data!AG601),IFERROR(TIMEVALUE(DaqBook_RAW_Data!A601),""""))",,,,,,,,,,,,,,,
,"=IFERROR(TIMEVALUE(DaqBook_RAW_Data!AG602),IFERROR(TIMEVALUE(DaqBook_RAW_Data!A602),""""))",,,,,,,,,,,,,,,
,"=IFERROR(TIMEVALUE(DaqBook_RAW_Data!AG603),IFERROR(TIMEVALUE(DaqBook_RAW_Data!A603),""""))",,,,,,,,,,,,,,,
,"=IFERROR(TIMEVALUE(DaqBook_RAW_Data!AG604),IFERROR(TIMEVALUE(DaqBook_RAW_Data!A604),""""))",,,,,,,,,,,,,,,
,"=IFERROR(TIMEVALUE(DaqBook_RAW_Data!AG605),IFERROR(TIMEVALUE(DaqBook_RAW_Data!A605),""""))",,,,,,,,,,,,,,,
,"=IFERROR(TIMEVALUE(DaqBook_RAW_Data!AG606),IFERROR(TIMEVALUE(DaqBook_RAW_Data!A606),""""))",,,,,,,,,,,,,,,
,"=IFERROR(TIMEVALUE(DaqBook_RAW_Data!AG607),IFERROR(TIMEVALUE(DaqBook_RAW_Data!A607),""""))",,,,,,,,,,,,,,,
,"=IFERROR(TIMEVALUE(DaqBook_RAW_Data!AG608),IFERROR(TIMEVALUE(DaqBook_RAW_Data!A608),""""))",,,,,,,,,,,,,,,
,"=IFERROR(TIMEVALUE(DaqBook_RAW_Data!AG609),IFERROR(TIMEVALUE(DaqBook_RAW_Data!A609),""""))",,,,,,,,,,,,,,,
,"=IFERROR(TIMEVALUE(DaqBook_RAW_Data!AG610),IFERROR(TIMEVALUE(DaqBook_RAW_Data!A610),""""))",,,,,,,,,,,,,,,
,"=IFERROR(TIMEVALUE(DaqBook_RAW_Data!AG611),IFERROR(TIMEVALUE(DaqBook_RAW_Data!A611),""""))",,,,,,,,,,,,,,,
,"=IFERROR(TIMEVALUE(DaqBook_RAW_Data!AG612),IFERROR(TIMEVALUE(DaqBook_RAW_Data!A612),""""))",,,,,,,,,,,,,,,
,"=IFERROR(TIMEVALUE(DaqBook_RAW_Data!AG613),IFERROR(TIMEVALUE(DaqBook_RAW_Data!A613),""""))",,,,,,,,,,,,,,,
,"=IFERROR(TIMEVALUE(DaqBook_RAW_Data!AG614),IFERROR(TIMEVALUE(DaqBook_RAW_Data!A614),""""))",,,,,,,,,,,,,,,
,"=IFERROR(TIMEVALUE(DaqBook_RAW_Data!AG615),IFERROR(TIMEVALUE(DaqBook_RAW_Data!A615),""""))",,,,,,,,,,,,,,,
,"=IFERROR(TIMEVALUE(DaqBook_RAW_Data!AG616),IFERROR(TIMEVALUE(DaqBook_RAW_Data!A616),""""))",,,,,,,,,,,,,,,
,"=IFERROR(TIMEVALUE(DaqBook_RAW_Data!AG617),IFERROR(TIMEVALUE(DaqBook_RAW_Data!A617),""""))",,,,,,,,,,,,,,,
,"=IFERROR(TIMEVALUE(DaqBook_RAW_Data!AG618),IFERROR(TIMEVALUE(DaqBook_RAW_Data!A618),""""))",,,,,,,,,,,,,,,
,"=IFERROR(TIMEVALUE(DaqBook_RAW_Data!AG619),IFERROR(TIMEVALUE(DaqBook_RAW_Data!A619),""""))",,,,,,,,,,,,,,,
,"=IFERROR(TIMEVALUE(DaqBook_RAW_Data!AG620),IFERROR(TIMEVALUE(DaqBook_RAW_Data!A620),""""))",,,,,,,,,,,,,,,
,"=IFERROR(TIMEVALUE(DaqBook_RAW_Data!AG621),IFERROR(TIMEVALUE(DaqBook_RAW_Data!A621),""""))",,,,,,,,,,,,,,,
,"=IFERROR(TIMEVALUE(DaqBook_RAW_Data!AG622),IFERROR(TIMEVALUE(DaqBook_RAW_Data!A622),""""))",,,,,,,,,,,,,,,
,"=IFERROR(TIMEVALUE(DaqBook_RAW_Data!AG623),IFERROR(TIMEVALUE(DaqBook_RAW_Data!A623),""""))",,,,,,,,,,,,,,,
,"=IFERROR(TIMEVALUE(DaqBook_RAW_Data!AG624),IFERROR(TIMEVALUE(DaqBook_RAW_Data!A624),""""))",,,,,,,,,,,,,,,
,"=IFERROR(TIMEVALUE(DaqBook_RAW_Data!AG625),IFERROR(TIMEVALUE(DaqBook_RAW_Data!A625),""""))",,,,,,,,,,,,,,,
,"=IFERROR(TIMEVALUE(DaqBook_RAW_Data!AG626),IFERROR(TIMEVALUE(DaqBook_RAW_Data!A626),""""))",,,,,,,,,,,,,,,
,"=IFERROR(TIMEVALUE(DaqBook_RAW_Data!AG627),IFERROR(TIMEVALUE(DaqBook_RAW_Data!A627),""""))",,,,,,,,,,,,,,,
,"=IFERROR(TIMEVALUE(DaqBook_RAW_Data!AG628),IFERROR(TIMEVALUE(DaqBook_RAW_Data!A628),""""))",,,,,,,,,,,,,,,
,"=IFERROR(TIMEVALUE(DaqBook_RAW_Data!AG629),IFERROR(TIMEVALUE(DaqBook_RAW_Data!A629),""""))",,,,,,,,,,,,,,,
,"=IFERROR(TIMEVALUE(DaqBook_RAW_Data!AG630),IFERROR(TIMEVALUE(DaqBook_RAW_Data!A630),""""))",,,,,,,,,,,,,,,
,"=IFERROR(TIMEVALUE(DaqBook_RAW_Data!AG631),IFERROR(TIMEVALUE(DaqBook_RAW_Data!A631),""""))",,,,,,,,,,,,,,,
,"=IFERROR(TIMEVALUE(DaqBook_RAW_Data!AG632),IFERROR(TIMEVALUE(DaqBook_RAW_Data!A632),""""))",,,,,,,,,,,,,,,
,"=IFERROR(TIMEVALUE(DaqBook_RAW_Data!AG633),IFERROR(TIMEVALUE(DaqBook_RAW_Data!A633),""""))",,,,,,,,,,,,,,,
,"=IFERROR(TIMEVALUE(DaqBook_RAW_Data!AG634),IFERROR(TIMEVALUE(DaqBook_RAW_Data!A634),""""))",,,,,,,,,,,,,,,
,"=IFERROR(TIMEVALUE(DaqBook_RAW_Data!AG635),IFERROR(TIMEVALUE(DaqBook_RAW_Data!A635),""""))",,,,,,,,,,,,,,,
,"=IFERROR(TIMEVALUE(DaqBook_RAW_Data!AG636),IFERROR(TIMEVALUE(DaqBook_RAW_Data!A636),""""))",,,,,,,,,,,,,,,
,"=IFERROR(TIMEVALUE(DaqBook_RAW_Data!AG637),IFERROR(TIMEVALUE(DaqBook_RAW_Data!A637),""""))",,,,,,,,,,,,,,,
,"=IFERROR(TIMEVALUE(DaqBook_RAW_Data!AG638),IFERROR(TIMEVALUE(DaqBook_RAW_Data!A638),""""))",,,,,,,,,,,,,,,
,"=IFERROR(TIMEVALUE(DaqBook_RAW_Data!AG639),IFERROR(TIMEVALUE(DaqBook_RAW_Data!A639),""""))",,,,,,,,,,,,,,,
,"=IFERROR(TIMEVALUE(DaqBook_RAW_Data!AG640),IFERROR(TIMEVALUE(DaqBook_RAW_Data!A640),""""))",,,,,,,,,,,,,,,
,"=IFERROR(TIMEVALUE(DaqBook_RAW_Data!AG641),IFERROR(TIMEVALUE(DaqBook_RAW_Data!A641),""""))",,,,,,,,,,,,,,,
,"=IFERROR(TIMEVALUE(DaqBook_RAW_Data!AG642),IFERROR(TIMEVALUE(DaqBook_RAW_Data!A642),""""))",,,,,,,,,,,,,,,
,"=IFERROR(TIMEVALUE(DaqBook_RAW_Data!AG643),IFERROR(TIMEVALUE(DaqBook_RAW_Data!A643),""""))",,,,,,,,,,,,,,,
,"=IFERROR(TIMEVALUE(DaqBook_RAW_Data!AG644),IFERROR(TIMEVALUE(DaqBook_RAW_Data!A644),""""))",,,,,,,,,,,,,,,
,"=IFERROR(TIMEVALUE(DaqBook_RAW_Data!AG645),IFERROR(TIMEVALUE(DaqBook_RAW_Data!A645),""""))",,,,,,,,,,,,,,,
,"=IFERROR(TIMEVALUE(DaqBook_RAW_Data!AG646),IFERROR(TIMEVALUE(DaqBook_RAW_Data!A646),""""))",,,,,,,,,,,,,,,
,"=IFERROR(TIMEVALUE(DaqBook_RAW_Data!AG647),IFERROR(TIMEVALUE(DaqBook_RAW_Data!A647),""""))",,,,,,,,,,,,,,,
,"=IFERROR(TIMEVALUE(DaqBook_RAW_Data!AG648),IFERROR(TIMEVALUE(DaqBook_RAW_Data!A648),""""))",,,,,,,,,,,,,,,
,"=IFERROR(TIMEVALUE(DaqBook_RAW_Data!AG649),IFERROR(TIMEVALUE(DaqBook_RAW_Data!A649),""""))",,,,,,,,,,,,,,,
,"=IFERROR(TIMEVALUE(DaqBook_RAW_Data!AG650),IFERROR(TIMEVALUE(DaqBook_RAW_Data!A650),""""))",,,,,,,,,,,,,,,
,"=IFERROR(TIMEVALUE(DaqBook_RAW_Data!AG651),IFERROR(TIMEVALUE(DaqBook_RAW_Data!A651),""""))",,,,,,,,,,,,,,,
,"=IFERROR(TIMEVALUE(DaqBook_RAW_Data!AG652),IFERROR(TIMEVALUE(DaqBook_RAW_Data!A652),""""))",,,,,,,,,,,,,,,
,"=IFERROR(TIMEVALUE(DaqBook_RAW_Data!AG653),IFERROR(TIMEVALUE(DaqBook_RAW_Data!A653),""""))",,,,,,,,,,,,,,,
,"=IFERROR(TIMEVALUE(DaqBook_RAW_Data!AG654),IFERROR(TIMEVALUE(DaqBook_RAW_Data!A654),""""))",,,,,,,,,,,,,,,
,"=IFERROR(TIMEVALUE(DaqBook_RAW_Data!AG655),IFERROR(TIMEVALUE(DaqBook_RAW_Data!A655),""""))",,,,,,,,,,,,,,,
,"=IFERROR(TIMEVALUE(DaqBook_RAW_Data!AG656),IFERROR(TIMEVALUE(DaqBook_RAW_Data!A656),""""))",,,,,,,,,,,,,,,
,"=IFERROR(TIMEVALUE(DaqBook_RAW_Data!AG657),IFERROR(TIMEVALUE(DaqBook_RAW_Data!A657),""""))",,,,,,,,,,,,,,,
,"=IFERROR(TIMEVALUE(DaqBook_RAW_Data!AG658),IFERROR(TIMEVALUE(DaqBook_RAW_Data!A658),""""))",,,,,,,,,,,,,,,
,"=IFERROR(TIMEVALUE(DaqBook_RAW_Data!AG659),IFERROR(TIMEVALUE(DaqBook_RAW_Data!A659),""""))",,,,,,,,,,,,,,,
,"=IFERROR(TIMEVALUE(DaqBook_RAW_Data!AG660),IFERROR(TIMEVALUE(DaqBook_RAW_Data!A660),""""))",,,,,,,,,,,,,,,
,"=IFERROR(TIMEVALUE(DaqBook_RAW_Data!AG661),IFERROR(TIMEVALUE(DaqBook_RAW_Data!A661),""""))",,,,,,,,,,,,,,,
,"=IFERROR(TIMEVALUE(DaqBook_RAW_Data!AG662),IFERROR(TIMEVALUE(DaqBook_RAW_Data!A662),""""))",,,,,,,,,,,,,,,
,"=IFERROR(TIMEVALUE(DaqBook_RAW_Data!AG663),IFERROR(TIMEVALUE(DaqBook_RAW_Data!A663),""""))",,,,,,,,,,,,,,,
,"=IFERROR(TIMEVALUE(DaqBook_RAW_Data!AG664),IFERROR(TIMEVALUE(DaqBook_RAW_Data!A664),""""))",,,,,,,,,,,,,,,
,"=IFERROR(TIMEVALUE(DaqBook_RAW_Data!AG665),IFERROR(TIMEVALUE(DaqBook_RAW_Data!A665),""""))",,,,,,,,,,,,,,,
,"=IFERROR(TIMEVALUE(DaqBook_RAW_Data!AG666),IFERROR(TIMEVALUE(DaqBook_RAW_Data!A666),""""))",,,,,,,,,,,,,,,
,"=IFERROR(TIMEVALUE(DaqBook_RAW_Data!AG667),IFERROR(TIMEVALUE(DaqBook_RAW_Data!A667),""""))",,,,,,,,,,,,,,,
,"=IFERROR(TIMEVALUE(DaqBook_RAW_Data!AG668),IFERROR(TIMEVALUE(DaqBook_RAW_Data!A668),""""))",,,,,,,,,,,,,,,
,"=IFERROR(TIMEVALUE(DaqBook_RAW_Data!AG669),IFERROR(TIMEVALUE(DaqBook_RAW_Data!A669),""""))",,,,,,,,,,,,,,,
,"=IFERROR(TIMEVALUE(DaqBook_RAW_Data!AG670),IFERROR(TIMEVALUE(DaqBook_RAW_Data!A670),""""))",,,,,,,,,,,,,,,
,"=IFERROR(TIMEVALUE(DaqBook_RAW_Data!AG671),IFERROR(TIMEVALUE(DaqBook_RAW_Data!A671),""""))",,,,,,,,,,,,,,,
,"=IFERROR(TIMEVALUE(DaqBook_RAW_Data!AG672),IFERROR(TIMEVALUE(DaqBook_RAW_Data!A672),""""))",,,,,,,,,,,,,,,
,"=IFERROR(TIMEVALUE(DaqBook_RAW_Data!AG673),IFERROR(TIMEVALUE(DaqBook_RAW_Data!A673),""""))",,,,,,,,,,,,,,,
,"=IFERROR(TIMEVALUE(DaqBook_RAW_Data!AG674),IFERROR(TIMEVALUE(DaqBook_RAW_Data!A674),""""))",,,,,,,,,,,,,,,
,"=IFERROR(TIMEVALUE(DaqBook_RAW_Data!AG675),IFERROR(TIMEVALUE(DaqBook_RAW_Data!A675),""""))",,,,,,,,,,,,,,,
,"=IFERROR(TIMEVALUE(DaqBook_RAW_Data!AG676),IFERROR(TIMEVALUE(DaqBook_RAW_Data!A676),""""))",,,,,,,,,,,,,,,
,"=IFERROR(TIMEVALUE(DaqBook_RAW_Data!AG677),IFERROR(TIMEVALUE(DaqBook_RAW_Data!A677),""""))",,,,,,,,,,,,,,,
,"=IFERROR(TIMEVALUE(DaqBook_RAW_Data!AG678),IFERROR(TIMEVALUE(DaqBook_RAW_Data!A678),""""))",,,,,,,,,,,,,,,
,"=IFERROR(TIMEVALUE(DaqBook_RAW_Data!AG679),IFERROR(TIMEVALUE(DaqBook_RAW_Data!A679),""""))",,,,,,,,,,,,,,,
,"=IFERROR(TIMEVALUE(DaqBook_RAW_Data!AG680),IFERROR(TIMEVALUE(DaqBook_RAW_Data!A680),""""))",,,,,,,,,,,,,,,
,"=IFERROR(TIMEVALUE(DaqBook_RAW_Data!AG681),IFERROR(TIMEVALUE(DaqBook_RAW_Data!A681),""""))",,,,,,,,,,,,,,,
,"=IFERROR(TIMEVALUE(DaqBook_RAW_Data!AG682),IFERROR(TIMEVALUE(DaqBook_RAW_Data!A682),""""))",,,,,,,,,,,,,,,
,"=IFERROR(TIMEVALUE(DaqBook_RAW_Data!AG683),IFERROR(TIMEVALUE(DaqBook_RAW_Data!A683),""""))",,,,,,,,,,,,,,,
,"=IFERROR(TIMEVALUE(DaqBook_RAW_Data!AG684),IFERROR(TIMEVALUE(DaqBook_RAW_Data!A684),""""))",,,,,,,,,,,,,,,
,"=IFERROR(TIMEVALUE(DaqBook_RAW_Data!AG685),IFERROR(TIMEVALUE(DaqBook_RAW_Data!A685),""""))",,,,,,,,,,,,,,,
,"=IFERROR(TIMEVALUE(DaqBook_RAW_Data!AG686),IFERROR(TIMEVALUE(DaqBook_RAW_Data!A686),""""))",,,,,,,,,,,,,,,
,"=IFERROR(TIMEVALUE(DaqBook_RAW_Data!AG687),IFERROR(TIMEVALUE(DaqBook_RAW_Data!A687),""""))",,,,,,,,,,,,,,,
,"=IFERROR(TIMEVALUE(DaqBook_RAW_Data!AG688),IFERROR(TIMEVALUE(DaqBook_RAW_Data!A688),""""))",,,,,,,,,,,,,,,
,"=IFERROR(TIMEVALUE(DaqBook_RAW_Data!AG689),IFERROR(TIMEVALUE(DaqBook_RAW_Data!A689),""""))",,,,,,,,,,,,,,,
,"=IFERROR(TIMEVALUE(DaqBook_RAW_Data!AG690),IFERROR(TIMEVALUE(DaqBook_RAW_Data!A690),""""))",,,,,,,,,,,,,,,
,"=IFERROR(TIMEVALUE(DaqBook_RAW_Data!AG691),IFERROR(TIMEVALUE(DaqBook_RAW_Data!A691),""""))",,,,,,,,,,,,,,,
,"=IFERROR(TIMEVALUE(DaqBook_RAW_Data!AG692),IFERROR(TIMEVALUE(DaqBook_RAW_Data!A692),""""))",,,,,,,,,,,,,,,
,"=IFERROR(TIMEVALUE(DaqBook_RAW_Data!AG693),IFERROR(TIMEVALUE(DaqBook_RAW_Data!A693),""""))",,,,,,,,,,,,,,,
,"=IFERROR(TIMEVALUE(DaqBook_RAW_Data!AG694),IFERROR(TIMEVALUE(DaqBook_RAW_Data!A694),""""))",,,,,,,,,,,,,,,
,"=IFERROR(TIMEVALUE(DaqBook_RAW_Data!AG695),IFERROR(TIMEVALUE(DaqBook_RAW_Data!A695),""""))",,,,,,,,,,,,,,,
,"=IFERROR(TIMEVALUE(DaqBook_RAW_Data!AG696),IFERROR(TIMEVALUE(DaqBook_RAW_Data!A696),""""))",,,,,,,,,,,,,,,
,"=IFERROR(TIMEVALUE(DaqBook_RAW_Data!AG697),IFERROR(TIMEVALUE(DaqBook_RAW_Data!A697),""""))",,,,,,,,,,,,,,,
,"=IFERROR(TIMEVALUE(DaqBook_RAW_Data!AG698),IFERROR(TIMEVALUE(DaqBook_RAW_Data!A698),""""))",,,,,,,,,,,,,,,
,"=IFERROR(TIMEVALUE(DaqBook_RAW_Data!AG699),IFERROR(TIMEVALUE(DaqBook_RAW_Data!A699),""""))",,,,,,,,,,,,,,,
,"=IFERROR(TIMEVALUE(DaqBook_RAW_Data!AG700),IFERROR(TIMEVALUE(DaqBook_RAW_Data!A700),""""))",,,,,,,,,,,,,,,
,"=IFERROR(TIMEVALUE(DaqBook_RAW_Data!AG701),IFERROR(TIMEVALUE(DaqBook_RAW_Data!A701),""""))",,,,,,,,,,,,,,,
,"=IFERROR(TIMEVALUE(DaqBook_RAW_Data!AG702),IFERROR(TIMEVALUE(DaqBook_RAW_Data!A702),""""))",,,,,,,,,,,,,,,
,"=IFERROR(TIMEVALUE(DaqBook_RAW_Data!AG703),IFERROR(TIMEVALUE(DaqBook_RAW_Data!A703),""""))",,,,,,,,,,,,,,,
,"=IFERROR(TIMEVALUE(DaqBook_RAW_Data!AG704),IFERROR(TIMEVALUE(DaqBook_RAW_Data!A704),""""))",,,,,,,,,,,,,,,
,"=IFERROR(TIMEVALUE(DaqBook_RAW_Data!AG705),IFERROR(TIMEVALUE(DaqBook_RAW_Data!A705),""""))",,,,,,,,,,,,,,,
,"=IFERROR(TIMEVALUE(DaqBook_RAW_Data!AG706),IFERROR(TIMEVALUE(DaqBook_RAW_Data!A706),""""))",,,,,,,,,,,,,,,
,"=IFERROR(TIMEVALUE(DaqBook_RAW_Data!AG707),IFERROR(TIMEVALUE(DaqBook_RAW_Data!A707),""""))",,,,,,,,,,,,,,,
,"=IFERROR(TIMEVALUE(DaqBook_RAW_Data!AG708),IFERROR(TIMEVALUE(DaqBook_RAW_Data!A708),""""))",,,,,,,,,,,,,,,
,"=IFERROR(TIMEVALUE(DaqBook_RAW_Data!AG709),IFERROR(TIMEVALUE(DaqBook_RAW_Data!A709),""""))",,,,,,,,,,,,,,,
,"=IFERROR(TIMEVALUE(DaqBook_RAW_Data!AG710),IFERROR(TIMEVALUE(DaqBook_RAW_Data!A710),""""))",,,,,,,,,,,,,,,
,"=IFERROR(TIMEVALUE(DaqBook_RAW_Data!AG711),IFERROR(TIMEVALUE(DaqBook_RAW_Data!A711),""""))",,,,,,,,,,,,,,,
,"=IFERROR(TIMEVALUE(DaqBook_RAW_Data!AG712),IFERROR(TIMEVALUE(DaqBook_RAW_Data!A712),""""))",,,,,,,,,,,,,,,
,"=IFERROR(TIMEVALUE(DaqBook_RAW_Data!AG713),IFERROR(TIMEVALUE(DaqBook_RAW_Data!A713),""""))",,,,,,,,,,,,,,,
,"=IFERROR(TIMEVALUE(DaqBook_RAW_Data!AG714),IFERROR(TIMEVALUE(DaqBook_RAW_Data!A714),""""))",,,,,,,,,,,,,,,
,"=IFERROR(TIMEVALUE(DaqBook_RAW_Data!AG715),IFERROR(TIMEVALUE(DaqBook_RAW_Data!A715),""""))",,,,,,,,,,,,,,,
,"=IFERROR(TIMEVALUE(DaqBook_RAW_Data!AG716),IFERROR(TIMEVALUE(DaqBook_RAW_Data!A716),""""))",,,,,,,,,,,,,,,
,"=IFERROR(TIMEVALUE(DaqBook_RAW_Data!AG717),IFERROR(TIMEVALUE(DaqBook_RAW_Data!A717),""""))",,,,,,,,,,,,,,,
,"=IFERROR(TIMEVALUE(DaqBook_RAW_Data!AG718),IFERROR(TIMEVALUE(DaqBook_RAW_Data!A718),""""))",,,,,,,,,,,,,,,
,"=IFERROR(TIMEVALUE(DaqBook_RAW_Data!AG719),IFERROR(TIMEVALUE(DaqBook_RAW_Data!A719),""""))",,,,,,,,,,,,,,,
,"=IFERROR(TIMEVALUE(DaqBook_RAW_Data!AG720),IFERROR(TIMEVALUE(DaqBook_RAW_Data!A720),""""))",,,,,,,,,,,,,,,
,"=IFERROR(TIMEVALUE(DaqBook_RAW_Data!AG721),IFERROR(TIMEVALUE(DaqBook_RAW_Data!A721),""""))",,,,,,,,,,,,,,,
,"=IFERROR(TIMEVALUE(DaqBook_RAW_Data!AG722),IFERROR(TIMEVALUE(DaqBook_RAW_Data!A722),""""))",,,,,,,,,,,,,,,
,"=IFERROR(TIMEVALUE(DaqBook_RAW_Data!AG723),IFERROR(TIMEVALUE(DaqBook_RAW_Data!A723),""""))",,,,,,,,,,,,,,,
,"=IFERROR(TIMEVALUE(DaqBook_RAW_Data!AG724),IFERROR(TIMEVALUE(DaqBook_RAW_Data!A724),""""))",,,,,,,,,,,,,,,
,"=IFERROR(TIMEVALUE(DaqBook_RAW_Data!AG725),IFERROR(TIMEVALUE(DaqBook_RAW_Data!A725),""""))",,,,,,,,,,,,,,,
,"=IFERROR(TIMEVALUE(DaqBook_RAW_Data!AG726),IFERROR(TIMEVALUE(DaqBook_RAW_Data!A726),""""))",,,,,,,,,,,,,,,
,"=IFERROR(TIMEVALUE(DaqBook_RAW_Data!AG727),IFERROR(TIMEVALUE(DaqBook_RAW_Data!A727),""""))",,,,,,,,,,,,,,,
,"=IFERROR(TIMEVALUE(DaqBook_RAW_Data!AG728),IFERROR(TIMEVALUE(DaqBook_RAW_Data!A728),""""))",,,,,,,,,,,,,,,
,"=IFERROR(TIMEVALUE(DaqBook_RAW_Data!AG729),IFERROR(TIMEVALUE(DaqBook_RAW_Data!A729),""""))",,,,,,,,,,,,,,,
,"=IFERROR(TIMEVALUE(DaqBook_RAW_Data!AG730),IFERROR(TIMEVALUE(DaqBook_RAW_Data!A730),""""))",,,,,,,,,,,,,,,
,"=IFERROR(TIMEVALUE(DaqBook_RAW_Data!AG731),IFERROR(TIMEVALUE(DaqBook_RAW_Data!A731),""""))",,,,,,,,,,,,,,,
,"=IFERROR(TIMEVALUE(DaqBook_RAW_Data!AG732),IFERROR(TIMEVALUE(DaqBook_RAW_Data!A732),""""))",,,,,,,,,,,,,,,
,"=IFERROR(TIMEVALUE(DaqBook_RAW_Data!AG733),IFERROR(TIMEVALUE(DaqBook_RAW_Data!A733),""""))",,,,,,,,,,,,,,,
,"=IFERROR(TIMEVALUE(DaqBook_RAW_Data!AG734),IFERROR(TIMEVALUE(DaqBook_RAW_Data!A734),""""))",,,,,,,,,,,,,,,
,"=IFERROR(TIMEVALUE(DaqBook_RAW_Data!AG735),IFERROR(TIMEVALUE(DaqBook_RAW_Data!A735),""""))",,,,,,,,,,,,,,,
,"=IFERROR(TIMEVALUE(DaqBook_RAW_Data!AG736),IFERROR(TIMEVALUE(DaqBook_RAW_Data!A736),""""))",,,,,,,,,,,,,,,
,"=IFERROR(TIMEVALUE(DaqBook_RAW_Data!AG737),IFERROR(TIMEVALUE(DaqBook_RAW_Data!A737),""""))",,,,,,,,,,,,,,,
,"=IFERROR(TIMEVALUE(DaqBook_RAW_Data!AG738),IFERROR(TIMEVALUE(DaqBook_RAW_Data!A738),""""))",,,,,,,,,,,,,,,
,"=IFERROR(TIMEVALUE(DaqBook_RAW_Data!AG739),IFERROR(TIMEVALUE(DaqBook_RAW_Data!A739),""""))",,,,,,,,,,,,,,,
,"=IFERROR(TIMEVALUE(DaqBook_RAW_Data!AG740),IFERROR(TIMEVALUE(DaqBook_RAW_Data!A740),""""))",,,,,,,,,,,,,,,
,"=IFERROR(TIMEVALUE(DaqBook_RAW_Data!AG741),IFERROR(TIMEVALUE(DaqBook_RAW_Data!A741),""""))",,,,,,,,,,,,,,,
,"=IFERROR(TIMEVALUE(DaqBook_RAW_Data!AG742),IFERROR(TIMEVALUE(DaqBook_RAW_Data!A742),""""))",,,,,,,,,,,,,,,
,"=IFERROR(TIMEVALUE(DaqBook_RAW_Data!AG743),IFERROR(TIMEVALUE(DaqBook_RAW_Data!A743),""""))",,,,,,,,,,,,,,,
,"=IFERROR(TIMEVALUE(DaqBook_RAW_Data!AG744),IFERROR(TIMEVALUE(DaqBook_RAW_Data!A744),""""))",,,,,,,,,,,,,,,
,"=IFERROR(TIMEVALUE(DaqBook_RAW_Data!AG745),IFERROR(TIMEVALUE(DaqBook_RAW_Data!A745),""""))",,,,,,,,,,,,,,,
,"=IFERROR(TIMEVALUE(DaqBook_RAW_Data!AG746),IFERROR(TIMEVALUE(DaqBook_RAW_Data!A746),""""))",,,,,,,,,,,,,,,
,"=IFERROR(TIMEVALUE(DaqBook_RAW_Data!AG747),IFERROR(TIMEVALUE(DaqBook_RAW_Data!A747),""""))",,,,,,,,,,,,,,,
,"=IFERROR(TIMEVALUE(DaqBook_RAW_Data!AG748),IFERROR(TIMEVALUE(DaqBook_RAW_Data!A748),""""))",,,,,,,,,,,,,,,
,"=IFERROR(TIMEVALUE(DaqBook_RAW_Data!AG749),IFERROR(TIMEVALUE(DaqBook_RAW_Data!A749),""""))",,,,,,,,,,,,,,,
,"=IFERROR(TIMEVALUE(DaqBook_RAW_Data!AG750),IFERROR(TIMEVALUE(DaqBook_RAW_Data!A750),""""))",,,,,,,,,,,,,,,
,"=IFERROR(TIMEVALUE(DaqBook_RAW_Data!AG751),IFERROR(TIMEVALUE(DaqBook_RAW_Data!A751),""""))",,,,,,,,,,,,,,,
,"=IFERROR(TIMEVALUE(DaqBook_RAW_Data!AG752),IFERROR(TIMEVALUE(DaqBook_RAW_Data!A752),""""))",,,,,,,,,,,,,,,
,"=IFERROR(TIMEVALUE(DaqBook_RAW_Data!AG753),IFERROR(TIMEVALUE(DaqBook_RAW_Data!A753),""""))",,,,,,,,,,,,,,,
,"=IFERROR(TIMEVALUE(DaqBook_RAW_Data!AG754),IFERROR(TIMEVALUE(DaqBook_RAW_Data!A754),""""))",,,,,,,,,,,,,,,
,"=IFERROR(TIMEVALUE(DaqBook_RAW_Data!AG755),IFERROR(TIMEVALUE(DaqBook_RAW_Data!A755),""""))",,,,,,,,,,,,,,,
,"=IFERROR(TIMEVALUE(DaqBook_RAW_Data!AG756),IFERROR(TIMEVALUE(DaqBook_RAW_Data!A756),""""))",,,,,,,,,,,,,,,
,"=IFERROR(TIMEVALUE(DaqBook_RAW_Data!AG757),IFERROR(TIMEVALUE(DaqBook_RAW_Data!A757),""""))",,,,,,,,,,,,,,,
,"=IFERROR(TIMEVALUE(DaqBook_RAW_Data!AG758),IFERROR(TIMEVALUE(DaqBook_RAW_Data!A758),""""))",,,,,,,,,,,,,,,
,"=IFERROR(TIMEVALUE(DaqBook_RAW_Data!AG759),IFERROR(TIMEVALUE(DaqBook_RAW_Data!A759),""""))",,,,,,,,,,,,,,,
,"=IFERROR(TIMEVALUE(DaqBook_RAW_Data!AG760),IFERROR(TIMEVALUE(DaqBook_RAW_Data!A760),""""))",,,,,,,,,,,,,,,
,"=IFERROR(TIMEVALUE(DaqBook_RAW_Data!AG761),IFERROR(TIMEVALUE(DaqBook_RAW_Data!A761),""""))",,,,,,,,,,,,,,,
,"=IFERROR(TIMEVALUE(DaqBook_RAW_Data!AG762),IFERROR(TIMEVALUE(DaqBook_RAW_Data!A762),""""))",,,,,,,,,,,,,,,
,"=IFERROR(TIMEVALUE(DaqBook_RAW_Data!AG763),IFERROR(TIMEVALUE(DaqBook_RAW_Data!A763),""""))",,,,,,,,,,,,,,,
,"=IFERROR(TIMEVALUE(DaqBook_RAW_Data!AG764),IFERROR(TIMEVALUE(DaqBook_RAW_Data!A764),""""))",,,,,,,,,,,,,,,
,"=IFERROR(TIMEVALUE(DaqBook_RAW_Data!AG765),IFERROR(TIMEVALUE(DaqBook_RAW_Data!A765),""""))",,,,,,,,,,,,,,,
,"=IFERROR(TIMEVALUE(DaqBook_RAW_Data!AG766),IFERROR(TIMEVALUE(DaqBook_RAW_Data!A766),""""))",,,,,,,,,,,,,,,
,"=IFERROR(TIMEVALUE(DaqBook_RAW_Data!AG767),IFERROR(TIMEVALUE(DaqBook_RAW_Data!A767),""""))",,,,,,,,,,,,,,,
,"=IFERROR(TIMEVALUE(DaqBook_RAW_Data!AG768),IFERROR(TIMEVALUE(DaqBook_RAW_Data!A768),""""))",,,,,,,,,,,,,,,
,"=IFERROR(TIMEVALUE(DaqBook_RAW_Data!AG769),IFERROR(TIMEVALUE(DaqBook_RAW_Data!A769),""""))",,,,,,,,,,,,,,,
,"=IFERROR(TIMEVALUE(DaqBook_RAW_Data!AG770),IFERROR(TIMEVALUE(DaqBook_RAW_Data!A770),""""))",,,,,,,,,,,,,,,
,"=IFERROR(TIMEVALUE(DaqBook_RAW_Data!AG771),IFERROR(TIMEVALUE(DaqBook_RAW_Data!A771),""""))",,,,,,,,,,,,,,,
,"=IFERROR(TIMEVALUE(DaqBook_RAW_Data!AG772),IFERROR(TIMEVALUE(DaqBook_RAW_Data!A772),""""))",,,,,,,,,,,,,,,
,"=IFERROR(TIMEVALUE(DaqBook_RAW_Data!AG773),IFERROR(TIMEVALUE(DaqBook_RAW_Data!A773),""""))",,,,,,,,,,,,,,,
,"=IFERROR(TIMEVALUE(DaqBook_RAW_Data!AG774),IFERROR(TIMEVALUE(DaqBook_RAW_Data!A774),""""))",,,,,,,,,,,,,,,
,"=IFERROR(TIMEVALUE(DaqBook_RAW_Data!AG775),IFERROR(TIMEVALUE(DaqBook_RAW_Data!A775),""""))",,,,,,,,,,,,,,,
,"=IFERROR(TIMEVALUE(DaqBook_RAW_Data!AG776),IFERROR(TIMEVALUE(DaqBook_RAW_Data!A776),""""))",,,,,,,,,,,,,,,
,"=IFERROR(TIMEVALUE(DaqBook_RAW_Data!AG777),IFERROR(TIMEVALUE(DaqBook_RAW_Data!A777),""""))",,,,,,,,,,,,,,,
,"=IFERROR(TIMEVALUE(DaqBook_RAW_Data!AG778),IFERROR(TIMEVALUE(DaqBook_RAW_Data!A778),""""))",,,,,,,,,,,,,,,
,"=IFERROR(TIMEVALUE(DaqBook_RAW_Data!AG779),IFERROR(TIMEVALUE(DaqBook_RAW_Data!A779),""""))",,,,,,,,,,,,,,,
,"=IFERROR(TIMEVALUE(DaqBook_RAW_Data!AG780),IFERROR(TIMEVALUE(DaqBook_RAW_Data!A780),""""))",,,,,,,,,,,,,,,
,"=IFERROR(TIMEVALUE(DaqBook_RAW_Data!AG781),IFERROR(TIMEVALUE(DaqBook_RAW_Data!A781),""""))",,,,,,,,,,,,,,,
,"=IFERROR(TIMEVALUE(DaqBook_RAW_Data!AG782),IFERROR(TIMEVALUE(DaqBook_RAW_Data!A782),""""))",,,,,,,,,,,,,,,
,"=IFERROR(TIMEVALUE(DaqBook_RAW_Data!AG783),IFERROR(TIMEVALUE(DaqBook_RAW_Data!A783),""""))",,,,,,,,,,,,,,,
,"=IFERROR(TIMEVALUE(DaqBook_RAW_Data!AG784),IFERROR(TIMEVALUE(DaqBook_RAW_Data!A784),""""))",,,,,,,,,,,,,,,
,"=IFERROR(TIMEVALUE(DaqBook_RAW_Data!AG785),IFERROR(TIMEVALUE(DaqBook_RAW_Data!A785),""""))",,,,,,,,,,,,,,,
,"=IFERROR(TIMEVALUE(DaqBook_RAW_Data!AG786),IFERROR(TIMEVALUE(DaqBook_RAW_Data!A786),""""))",,,,,,,,,,,,,,,
,"=IFERROR(TIMEVALUE(DaqBook_RAW_Data!AG787),IFERROR(TIMEVALUE(DaqBook_RAW_Data!A787),""""))",,,,,,,,,,,,,,,
,"=IFERROR(TIMEVALUE(DaqBook_RAW_Data!AG788),IFERROR(TIMEVALUE(DaqBook_RAW_Data!A788),""""))",,,,,,,,,,,,,,,
,"=IFERROR(TIMEVALUE(DaqBook_RAW_Data!AG789),IFERROR(TIMEVALUE(DaqBook_RAW_Data!A789),""""))",,,,,,,,,,,,,,,
,"=IFERROR(TIMEVALUE(DaqBook_RAW_Data!AG790),IFERROR(TIMEVALUE(DaqBook_RAW_Data!A790),""""))",,,,,,,,,,,,,,,
,"=IFERROR(TIMEVALUE(DaqBook_RAW_Data!AG791),IFERROR(TIMEVALUE(DaqBook_RAW_Data!A791),""""))",,,,,,,,,,,,,,,
,"=IFERROR(TIMEVALUE(DaqBook_RAW_Data!AG792),IFERROR(TIMEVALUE(DaqBook_RAW_Data!A792),""""))",,,,,,,,,,,,,,,
,"=IFERROR(TIMEVALUE(DaqBook_RAW_Data!AG793),IFERROR(TIMEVALUE(DaqBook_RAW_Data!A793),""""))",,,,,,,,,,,,,,,
,"=IFERROR(TIMEVALUE(DaqBook_RAW_Data!AG794),IFERROR(TIMEVALUE(DaqBook_RAW_Data!A794),""""))",,,,,,,,,,,,,,,
,"=IFERROR(TIMEVALUE(DaqBook_RAW_Data!AG795),IFERROR(TIMEVALUE(DaqBook_RAW_Data!A795),""""))",,,,,,,,,,,,,,,
,"=IFERROR(TIMEVALUE(DaqBook_RAW_Data!AG796),IFERROR(TIMEVALUE(DaqBook_RAW_Data!A796),""""))",,,,,,,,,,,,,,,
,"=IFERROR(TIMEVALUE(DaqBook_RAW_Data!AG797),IFERROR(TIMEVALUE(DaqBook_RAW_Data!A797),""""))",,,,,,,,,,,,,,,
,"=IFERROR(TIMEVALUE(DaqBook_RAW_Data!AG798),IFERROR(TIMEVALUE(DaqBook_RAW_Data!A798),""""))",,,,,,,,,,,,,,,
,"=IFERROR(TIMEVALUE(DaqBook_RAW_Data!AG799),IFERROR(TIMEVALUE(DaqBook_RAW_Data!A799),""""))",,,,,,,,,,,,,,,
,"=IFERROR(TIMEVALUE(DaqBook_RAW_Data!AG800),IFERROR(TIMEVALUE(DaqBook_RAW_Data!A800),""""))",,,,,,,,,,,,,,,
,"=IFERROR(TIMEVALUE(DaqBook_RAW_Data!AG801),IFERROR(TIMEVALUE(DaqBook_RAW_Data!A801),""""))",,,,,,,,,,,,,,,
,"=IFERROR(TIMEVALUE(DaqBook_RAW_Data!AG802),IFERROR(TIMEVALUE(DaqBook_RAW_Data!A802),""""))",,,,,,,,,,,,,,,
,"=IFERROR(TIMEVALUE(DaqBook_RAW_Data!AG803),IFERROR(TIMEVALUE(DaqBook_RAW_Data!A803),""""))",,,,,,,,,,,,,,,
,"=IFERROR(TIMEVALUE(DaqBook_RAW_Data!AG804),IFERROR(TIMEVALUE(DaqBook_RAW_Data!A804),""""))",,,,,,,,,,,,,,,
,"=IFERROR(TIMEVALUE(DaqBook_RAW_Data!AG805),IFERROR(TIMEVALUE(DaqBook_RAW_Data!A805),""""))",,,,,,,,,,,,,,,
,"=IFERROR(TIMEVALUE(DaqBook_RAW_Data!AG806),IFERROR(TIMEVALUE(DaqBook_RAW_Data!A806),""""))",,,,,,,,,,,,,,,
,"=IFERROR(TIMEVALUE(DaqBook_RAW_Data!AG807),IFERROR(TIMEVALUE(DaqBook_RAW_Data!A807),""""))",,,,,,,,,,,,,,,
,"=IFERROR(TIMEVALUE(DaqBook_RAW_Data!AG808),IFERROR(TIMEVALUE(DaqBook_RAW_Data!A808),""""))",,,,,,,,,,,,,,,
,"=IFERROR(TIMEVALUE(DaqBook_RAW_Data!AG809),IFERROR(TIMEVALUE(DaqBook_RAW_Data!A809),""""))",,,,,,,,,,,,,,,
,"=IFERROR(TIMEVALUE(DaqBook_RAW_Data!AG810),IFERROR(TIMEVALUE(DaqBook_RAW_Data!A810),""""))",,,,,,,,,,,,,,,
,"=IFERROR(TIMEVALUE(DaqBook_RAW_Data!AG811),IFERROR(TIMEVALUE(DaqBook_RAW_Data!A811),""""))",,,,,,,,,,,,,,,
,"=IFERROR(TIMEVALUE(DaqBook_RAW_Data!AG812),IFERROR(TIMEVALUE(DaqBook_RAW_Data!A812),""""))",,,,,,,,,,,,,,,
,"=IFERROR(TIMEVALUE(DaqBook_RAW_Data!AG813),IFERROR(TIMEVALUE(DaqBook_RAW_Data!A813),""""))",,,,,,,,,,,,,,,
,"=IFERROR(TIMEVALUE(DaqBook_RAW_Data!AG814),IFERROR(TIMEVALUE(DaqBook_RAW_Data!A814),""""))",,,,,,,,,,,,,,,
,"=IFERROR(TIMEVALUE(DaqBook_RAW_Data!AG815),IFERROR(TIMEVALUE(DaqBook_RAW_Data!A815),""""))",,,,,,,,,,,,,,,
,"=IFERROR(TIMEVALUE(DaqBook_RAW_Data!AG816),IFERROR(TIMEVALUE(DaqBook_RAW_Data!A816),""""))",,,,,,,,,,,,,,,
,"=IFERROR(TIMEVALUE(DaqBook_RAW_Data!AG817),IFERROR(TIMEVALUE(DaqBook_RAW_Data!A817),""""))",,,,,,,,,,,,,,,
,"=IFERROR(TIMEVALUE(DaqBook_RAW_Data!AG818),IFERROR(TIMEVALUE(DaqBook_RAW_Data!A818),""""))",,,,,,,,,,,,,,,
,"=IFERROR(TIMEVALUE(DaqBook_RAW_Data!AG819),IFERROR(TIMEVALUE(DaqBook_RAW_Data!A819),""""))",,,,,,,,,,,,,,,
,"=IFERROR(TIMEVALUE(DaqBook_RAW_Data!AG820),IFERROR(TIMEVALUE(DaqBook_RAW_Data!A820),""""))",,,,,,,,,,,,,,,
,"=IFERROR(TIMEVALUE(DaqBook_RAW_Data!AG821),IFERROR(TIMEVALUE(DaqBook_RAW_Data!A821),""""))",,,,,,,,,,,,,,,
,"=IFERROR(TIMEVALUE(DaqBook_RAW_Data!AG822),IFERROR(TIMEVALUE(DaqBook_RAW_Data!A822),""""))",,,,,,,,,,,,,,,
,"=IFERROR(TIMEVALUE(DaqBook_RAW_Data!AG823),IFERROR(TIMEVALUE(DaqBook_RAW_Data!A823),""""))",,,,,,,,,,,,,,,
,"=IFERROR(TIMEVALUE(DaqBook_RAW_Data!AG824),IFERROR(TIMEVALUE(DaqBook_RAW_Data!A824),""""))",,,,,,,,,,,,,,,
,"=IFERROR(TIMEVALUE(DaqBook_RAW_Data!AG825),IFERROR(TIMEVALUE(DaqBook_RAW_Data!A825),""""))",,,,,,,,,,,,,,,
,"=IFERROR(TIMEVALUE(DaqBook_RAW_Data!AG826),IFERROR(TIMEVALUE(DaqBook_RAW_Data!A826),""""))",,,,,,,,,,,,,,,
,"=IFERROR(TIMEVALUE(DaqBook_RAW_Data!AG827),IFERROR(TIMEVALUE(DaqBook_RAW_Data!A827),""""))",,,,,,,,,,,,,,,
,"=IFERROR(TIMEVALUE(DaqBook_RAW_Data!AG828),IFERROR(TIMEVALUE(DaqBook_RAW_Data!A828),""""))",,,,,,,,,,,,,,,
,"=IFERROR(TIMEVALUE(DaqBook_RAW_Data!AG829),IFERROR(TIMEVALUE(DaqBook_RAW_Data!A829),""""))",,,,,,,,,,,,,,,
,"=IFERROR(TIMEVALUE(DaqBook_RAW_Data!AG830),IFERROR(TIMEVALUE(DaqBook_RAW_Data!A830),""""))",,,,,,,,,,,,,,,
,"=IFERROR(TIMEVALUE(DaqBook_RAW_Data!AG831),IFERROR(TIMEVALUE(DaqBook_RAW_Data!A831),""""))",,,,,,,,,,,,,,,
,"=IFERROR(TIMEVALUE(DaqBook_RAW_Data!AG832),IFERROR(TIMEVALUE(DaqBook_RAW_Data!A832),""""))",,,,,,,,,,,,,,,
,"=IFERROR(TIMEVALUE(DaqBook_RAW_Data!AG833),IFERROR(TIMEVALUE(DaqBook_RAW_Data!A833),""""))",,,,,,,,,,,,,,,
,"=IFERROR(TIMEVALUE(DaqBook_RAW_Data!AG834),IFERROR(TIMEVALUE(DaqBook_RAW_Data!A834),""""))",,,,,,,,,,,,,,,
,"=IFERROR(TIMEVALUE(DaqBook_RAW_Data!AG835),IFERROR(TIMEVALUE(DaqBook_RAW_Data!A835),""""))",,,,,,,,,,,,,,,
,"=IFERROR(TIMEVALUE(DaqBook_RAW_Data!AG836),IFERROR(TIMEVALUE(DaqBook_RAW_Data!A836),""""))",,,,,,,,,,,,,,,
,"=IFERROR(TIMEVALUE(DaqBook_RAW_Data!AG837),IFERROR(TIMEVALUE(DaqBook_RAW_Data!A837),""""))",,,,,,,,,,,,,,,
,"=IFERROR(TIMEVALUE(DaqBook_RAW_Data!AG838),IFERROR(TIMEVALUE(DaqBook_RAW_Data!A838),""""))",,,,,,,,,,,,,,,
,"=IFERROR(TIMEVALUE(DaqBook_RAW_Data!AG839),IFERROR(TIMEVALUE(DaqBook_RAW_Data!A839),""""))",,,,,,,,,,,,,,,
,"=IFERROR(TIMEVALUE(DaqBook_RAW_Data!AG840),IFERROR(TIMEVALUE(DaqBook_RAW_Data!A840),""""))",,,,,,,,,,,,,,,
,"=IFERROR(TIMEVALUE(DaqBook_RAW_Data!AG841),IFERROR(TIMEVALUE(DaqBook_RAW_Data!A841),""""))",,,,,,,,,,,,,,,
,"=IFERROR(TIMEVALUE(DaqBook_RAW_Data!AG842),IFERROR(TIMEVALUE(DaqBook_RAW_Data!A842),""""))",,,,,,,,,,,,,,,
,"=IFERROR(TIMEVALUE(DaqBook_RAW_Data!AG843),IFERROR(TIMEVALUE(DaqBook_RAW_Data!A843),""""))",,,,,,,,,,,,,,,
,"=IFERROR(TIMEVALUE(DaqBook_RAW_Data!AG844),IFERROR(TIMEVALUE(DaqBook_RAW_Data!A844),""""))",,,,,,,,,,,,,,,
,"=IFERROR(TIMEVALUE(DaqBook_RAW_Data!AG845),IFERROR(TIMEVALUE(DaqBook_RAW_Data!A845),""""))",,,,,,,,,,,,,,,
,"=IFERROR(TIMEVALUE(DaqBook_RAW_Data!AG846),IFERROR(TIMEVALUE(DaqBook_RAW_Data!A846),""""))",,,,,,,,,,,,,,,
,"=IFERROR(TIMEVALUE(DaqBook_RAW_Data!AG847),IFERROR(TIMEVALUE(DaqBook_RAW_Data!A847),""""))",,,,,,,,,,,,,,,
,"=IFERROR(TIMEVALUE(DaqBook_RAW_Data!AG848),IFERROR(TIMEVALUE(DaqBook_RAW_Data!A848),""""))",,,,,,,,,,,,,,,
,"=IFERROR(TIMEVALUE(DaqBook_RAW_Data!AG849),IFERROR(TIMEVALUE(DaqBook_RAW_Data!A849),""""))",,,,,,,,,,,,,,,
,"=IFERROR(TIMEVALUE(DaqBook_RAW_Data!AG850),IFERROR(TIMEVALUE(DaqBook_RAW_Data!A850),""""))",,,,,,,,,,,,,,,
,"=IFERROR(TIMEVALUE(DaqBook_RAW_Data!AG851),IFERROR(TIMEVALUE(DaqBook_RAW_Data!A851),""""))",,,,,,,,,,,,,,,
,"=IFERROR(TIMEVALUE(DaqBook_RAW_Data!AG852),IFERROR(TIMEVALUE(DaqBook_RAW_Data!A852),""""))",,,,,,,,,,,,,,,
,"=IFERROR(TIMEVALUE(DaqBook_RAW_Data!AG853),IFERROR(TIMEVALUE(DaqBook_RAW_Data!A853),""""))",,,,,,,,,,,,,,,
,"=IFERROR(TIMEVALUE(DaqBook_RAW_Data!AG854),IFERROR(TIMEVALUE(DaqBook_RAW_Data!A854),""""))",,,,,,,,,,,,,,,
,"=IFERROR(TIMEVALUE(DaqBook_RAW_Data!AG855),IFERROR(TIMEVALUE(DaqBook_RAW_Data!A855),""""))",,,,,,,,,,,,,,,
,"=IFERROR(TIMEVALUE(DaqBook_RAW_Data!AG856),IFERROR(TIMEVALUE(DaqBook_RAW_Data!A856),""""))",,,,,,,,,,,,,,,
,"=IFERROR(TIMEVALUE(DaqBook_RAW_Data!AG857),IFERROR(TIMEVALUE(DaqBook_RAW_Data!A857),""""))",,,,,,,,,,,,,,,
,"=IFERROR(TIMEVALUE(DaqBook_RAW_Data!AG858),IFERROR(TIMEVALUE(DaqBook_RAW_Data!A858),""""))",,,,,,,,,,,,,,,
,"=IFERROR(TIMEVALUE(DaqBook_RAW_Data!AG859),IFERROR(TIMEVALUE(DaqBook_RAW_Data!A859),""""))",,,,,,,,,,,,,,,
,"=IFERROR(TIMEVALUE(DaqBook_RAW_Data!AG860),IFERROR(TIMEVALUE(DaqBook_RAW_Data!A860),""""))",,,,,,,,,,,,,,,
,"=IFERROR(TIMEVALUE(DaqBook_RAW_Data!AG861),IFERROR(TIMEVALUE(DaqBook_RAW_Data!A861),""""))",,,,,,,,,,,,,,,
,"=IFERROR(TIMEVALUE(DaqBook_RAW_Data!AG862),IFERROR(TIMEVALUE(DaqBook_RAW_Data!A862),""""))",,,,,,,,,,,,,,,
,"=IFERROR(TIMEVALUE(DaqBook_RAW_Data!AG863),IFERROR(TIMEVALUE(DaqBook_RAW_Data!A863),""""))",,,,,,,,,,,,,,,
,"=IFERROR(TIMEVALUE(DaqBook_RAW_Data!AG864),IFERROR(TIMEVALUE(DaqBook_RAW_Data!A864),""""))",,,,,,,,,,,,,,,
,"=IFERROR(TIMEVALUE(DaqBook_RAW_Data!AG865),IFERROR(TIMEVALUE(DaqBook_RAW_Data!A865),""""))",,,,,,,,,,,,,,,
,"=IFERROR(TIMEVALUE(DaqBook_RAW_Data!AG866),IFERROR(TIMEVALUE(DaqBook_RAW_Data!A866),""""))",,,,,,,,,,,,,,,
,"=IFERROR(TIMEVALUE(DaqBook_RAW_Data!AG867),IFERROR(TIMEVALUE(DaqBook_RAW_Data!A867),""""))",,,,,,,,,,,,,,,
,"=IFERROR(TIMEVALUE(DaqBook_RAW_Data!AG868),IFERROR(TIMEVALUE(DaqBook_RAW_Data!A868),""""))",,,,,,,,,,,,,,,
,"=IFERROR(TIMEVALUE(DaqBook_RAW_Data!AG869),IFERROR(TIMEVALUE(DaqBook_RAW_Data!A869),""""))",,,,,,,,,,,,,,,
,"=IFERROR(TIMEVALUE(DaqBook_RAW_Data!AG870),IFERROR(TIMEVALUE(DaqBook_RAW_Data!A870),""""))",,,,,,,,,,,,,,,
,"=IFERROR(TIMEVALUE(DaqBook_RAW_Data!AG871),IFERROR(TIMEVALUE(DaqBook_RAW_Data!A871),""""))",,,,,,,,,,,,,,,
,"=IFERROR(TIMEVALUE(DaqBook_RAW_Data!AG872),IFERROR(TIMEVALUE(DaqBook_RAW_Data!A872),""""))",,,,,,,,,,,,,,,
,"=IFERROR(TIMEVALUE(DaqBook_RAW_Data!AG873),IFERROR(TIMEVALUE(DaqBook_RAW_Data!A873),""""))",,,,,,,,,,,,,,,
,"=IFERROR(TIMEVALUE(DaqBook_RAW_Data!AG874),IFERROR(TIMEVALUE(DaqBook_RAW_Data!A874),""""))",,,,,,,,,,,,,,,
,"=IFERROR(TIMEVALUE(DaqBook_RAW_Data!AG875),IFERROR(TIMEVALUE(DaqBook_RAW_Data!A875),""""))",,,,,,,,,,,,,,,
,"=IFERROR(TIMEVALUE(DaqBook_RAW_Data!AG876),IFERROR(TIMEVALUE(DaqBook_RAW_Data!A876),""""))",,,,,,,,,,,,,,,
,"=IFERROR(TIMEVALUE(DaqBook_RAW_Data!AG877),IFERROR(TIMEVALUE(DaqBook_RAW_Data!A877),""""))",,,,,,,,,,,,,,,
,"=IFERROR(TIMEVALUE(DaqBook_RAW_Data!AG878),IFERROR(TIMEVALUE(DaqBook_RAW_Data!A878),""""))",,,,,,,,,,,,,,,
,"=IFERROR(TIMEVALUE(DaqBook_RAW_Data!AG879),IFERROR(TIMEVALUE(DaqBook_RAW_Data!A879),""""))",,,,,,,,,,,,,,,
,"=IFERROR(TIMEVALUE(DaqBook_RAW_Data!AG880),IFERROR(TIMEVALUE(DaqBook_RAW_Data!A880),""""))",,,,,,,,,,,,,,,
,"=IFERROR(TIMEVALUE(DaqBook_RAW_Data!AG881),IFERROR(TIMEVALUE(DaqBook_RAW_Data!A881),""""))",,,,,,,,,,,,,,,
,"=IFERROR(TIMEVALUE(DaqBook_RAW_Data!AG882),IFERROR(TIMEVALUE(DaqBook_RAW_Data!A882),""""))",,,,,,,,,,,,,,,
,"=IFERROR(TIMEVALUE(DaqBook_RAW_Data!AG883),IFERROR(TIMEVALUE(DaqBook_RAW_Data!A883),""""))",,,,,,,,,,,,,,,
,"=IFERROR(TIMEVALUE(DaqBook_RAW_Data!AG884),IFERROR(TIMEVALUE(DaqBook_RAW_Data!A884),""""))",,,,,,,,,,,,,,,
,"=IFERROR(TIMEVALUE(DaqBook_RAW_Data!AG885),IFERROR(TIMEVALUE(DaqBook_RAW_Data!A885),""""))",,,,,,,,,,,,,,,
,"=IFERROR(TIMEVALUE(DaqBook_RAW_Data!AG886),IFERROR(TIMEVALUE(DaqBook_RAW_Data!A886),""""))",,,,,,,,,,,,,,,
,"=IFERROR(TIMEVALUE(DaqBook_RAW_Data!AG887),IFERROR(TIMEVALUE(DaqBook_RAW_Data!A887),""""))",,,,,,,,,,,,,,,
,"=IFERROR(TIMEVALUE(DaqBook_RAW_Data!AG888),IFERROR(TIMEVALUE(DaqBook_RAW_Data!A888),""""))",,,,,,,,,,,,,,,
,"=IFERROR(TIMEVALUE(DaqBook_RAW_Data!AG889),IFERROR(TIMEVALUE(DaqBook_RAW_Data!A889),""""))",,,,,,,,,,,,,,,
,"=IFERROR(TIMEVALUE(DaqBook_RAW_Data!AG890),IFERROR(TIMEVALUE(DaqBook_RAW_Data!A890),""""))",,,,,,,,,,,,,,,
,"=IFERROR(TIMEVALUE(DaqBook_RAW_Data!AG891),IFERROR(TIMEVALUE(DaqBook_RAW_Data!A891),""""))",,,,,,,,,,,,,,,
,"=IFERROR(TIMEVALUE(DaqBook_RAW_Data!AG892),IFERROR(TIMEVALUE(DaqBook_RAW_Data!A892),""""))",,,,,,,,,,,,,,,
,"=IFERROR(TIMEVALUE(DaqBook_RAW_Data!AG893),IFERROR(TIMEVALUE(DaqBook_RAW_Data!A893),""""))",,,,,,,,,,,,,,,
