,=Main!$D$16,=$B$1-$B$2,,=B1-D2,Temperature Uniformity Survey: Points 15-28,,,,,,,,,,"=IF(Main!$E$30="""",""A10"",ADDRESS(13+(MATCH(Main!$E$30,Data_Sheet!$A$14:$A$903,0)),1,4))","=VALUE(MID(P1, 2, LEN(P1)-1))"
,=Main!$D$19,=$B$1+$B$2,=(Main!$D$19)/2,=B1+D2,,,,Below temperature values include all correction factors,,,,KEY,,,"=IF(Main!$E$30="""",""A10"",ADDRESS(13+Standards_Info!W2+(MATCH(Main!$E$30,Data_Sheet!$A$14:$A$903,0)),1,4))","=VALUE(MID(P2, 2, LEN(P2)-1))"
,"Johnson Gage & Inspection, Inc.",,,,,,,,,,,In Tolerence,,,,
,Temperature Uniformity Results,,,,,,,,,,,Below Tolerance(COLD),,,,
,Date:,=Main!D3,,,,,,Customer: ,=Main!D5,,,Above Tolerance (HOT),,,,
,Unit: ,=Main!D6,,,,,,Temperature: ,=Main!D16,,,In 1/2 Tolerance,,,,
,Operator:,=Main!D7,,,,,,Survey Start Time:,=Main!$D$30,,,Survey is Underlined,,,,
,,,,,,,,,,,,,,,,
,,,,,,,,"=IF(Main!K15=""SIM Load Hot"",Main!N59,"""")",,,,,,,,
,,,,,,,,"=IF(OR(Main!E60="""",Main!K60=""""),IF(OR(Main!E61="""",Main!K61=""""),"""",Main!N61),Main!N60)",,,,,,,,
,,,,,,,,,,,,,,,,
,=DaqBook_RAW_Data!Q2,"=IF(ISBLANK(DaqBook_RAW_Data!R2),"""",15)","=IF(ISBLANK(DaqBook_RAW_Data!S2),"""",16)","=IF(ISBLANK(DaqBook_RAW_Data!T2),"""",17)","=IF(ISBLANK(DaqBook_RAW_Data!U2),"""",18)","=IF(ISBLANK(DaqBook_RAW_Data!V2),"""",19)","=IF(ISBLANK(DaqBook_RAW_Data!W2),"""",20)","=IF(ISBLANK(DaqBook_RAW_Data!X2),"""",21)","=IF(ISBLANK(DaqBook_RAW_Data!Y2),"""",22)","=IF(ISBLANK(DaqBook_RAW_Data!Z2),"""",23)","=IF(ISBLANK(DaqBook_RAW_Data!AA2),"""",24)","=IF(ISBLANK(DaqBook_RAW_Data!AB2),"""",25)","=IF(ISBLANK(DaqBook_RAW_Data!AC2),"""",26)","=IF(ISBLANK(DaqBook_RAW_Data!AD2),"""",27)","=IF(ISBLANK(DaqBook_RAW_Data!AE2),"""",28)",
,,,,,,,,,,,,"=IF(ISBLANK(DaqBook_RAW_Data!AB3),"""",DaqBook_RAW_Data!AB3)","=IF(ISBLANK(DaqBook_RAW_Data!AC3),"""",DaqBook_RAW_Data!AC3)","=IF(ISBLANK(DaqBook_RAW_Data!AD3),"""",DaqBook_RAW_Data!AD3)",,
"=TEXT(B14:B903, ""h:mm"")","=IFERROR(TIMEVALUE(DaqBook_RAW_Data!#REF!),IFERROR(TIMEVALUE(DaqBook_RAW_Data!#REF!),""""))","=IF(DaqBook_RAW_Data!R4:AE791 = """", """", DaqBook_RAW_Data!R4:AE791)",,,,,,,,,,,,,,
,"=IFERROR(TIMEVALUE(DaqBook_RAW_Data!#REF!),IFERROR(TIMEVALUE(DaqBook_RAW_Data!#REF!),""""))",,,,,,,,,,,,,,,
,"=IFERROR(TIMEVALUE(DaqBook_RAW_Data!#REF!),IFERROR(TIMEVALUE(DaqBook_RAW_Data!#REF!),""""))",,,,,,,,,,,,,,,
,"=IFERROR(TIMEVALUE(DaqBook_RAW_Data!#REF!),IFERROR(TIMEVALUE(DaqBook_RAW_Data!#REF!),""""))",,,,,,,,,,,,,,,
,"=IFERROR(TIMEVALUE(DaqBook_RAW_Data!#REF!),IFERROR(TIMEVALUE(DaqBook_RAW_Data!#REF!),""""))",,,,,,,,,,,,,,,
,"=IFERROR(TIMEVALUE(DaqBook_RAW_Data!#REF!),IFERROR(TIMEVALUE(DaqBook_RAW_Data!#REF!),""""))",,,,,,,,,,,,,,,
,"=IFERROR(TIMEVALUE(DaqBook_RAW_Data!#REF!),IFERROR(TIMEVALUE(DaqBook_RAW_Data!#REF!),""""))",,,,,,,,,,,,,,,
,"=IFERROR(TIMEVALUE(DaqBook_RAW_Data!#REF!),IFERROR(TIMEVALUE(DaqBook_RAW_Data!#REF!),""""))",,,,,,,,,,,,,,,
,"=IFERROR(TIMEVALUE(DaqBook_RAW_Data!#REF!),IFERROR(TIMEVALUE(DaqBook_RAW_Data!#REF!),""""))",,,,,,,,,,,,,,,
,"=IFERROR(TIMEVALUE(DaqBook_RAW_Data!#REF!),IFERROR(TIMEVALUE(DaqBook_RAW_Data!#REF!),""""))",,,,,,,,,,,,,,,
,"=IFERROR(TIMEVALUE(DaqBook_RAW_Data!#REF!),IFERROR(TIMEVALUE(DaqBook_RAW_Data!#REF!),""""))",,,,,,,,,,,,,,,
,"=IFERROR(TIMEVALUE(DaqBook_RAW_Data!#REF!),IFERROR(TIMEVALUE(DaqBook_RAW_Data!#REF!),""""))",,,,,,,,,,,,,,,
,"=IFERROR(TIMEVALUE(DaqBook_RAW_Data!#REF!),IFERROR(TIMEVALUE(DaqBook_RAW_Data!#REF!),""""))",,,,,,,,,,,,,,,
,"=IFERROR(TIMEVALUE(DaqBook_RAW_Data!#REF!),IFERROR(TIMEVALUE(DaqBook_RAW_Data!#REF!),""""))",,,,,,,,,,,,,,,
,"=IFERROR(TIMEVALUE(DaqBook_RAW_Data!#REF!),IFERROR(TIMEVALUE(DaqBook_RAW_Data!#REF!),""""))",,,,,,,,,,,,,,,
,"=IFERROR(TIMEVALUE(DaqBook_RAW_Data!#REF!),IFERROR(TIMEVALUE(DaqBook_RAW_Data!#REF!),""""))",,,,,,,,,,,,,,,
,"=IFERROR(TIMEVALUE(DaqBook_RAW_Data!#REF!),IFERROR(TIMEVALUE(DaqBook_RAW_Data!#REF!),""""))",,,,,,,,,,,,,,,
,"=IFERROR(TIMEVALUE(DaqBook_RAW_Data!#REF!),IFERROR(TIMEVALUE(DaqBook_RAW_Data!#REF!),""""))",,,,,,,,,,,,,,,
,"=IFERROR(TIMEVALUE(DaqBook_RAW_Data!#REF!),IFERROR(TIMEVALUE(DaqBook_RAW_Data!#REF!),""""))",,,,,,,,,,,,,,,
,"=IFERROR(TIMEVALUE(DaqBook_RAW_Data!#REF!),IFERROR(TIMEVALUE(DaqBook_RAW_Data!#REF!),""""))",,,,,,,,,,,,,,,
,"=IFERROR(TIMEVALUE(DaqBook_RAW_Data!#REF!),IFERROR(TIMEVALUE(DaqBook_RAW_Data!#REF!),""""))",,,,,,,,,,,,,,,
,"=IFERROR(TIMEVALUE(DaqBook_RAW_Data!#REF!),IFERROR(TIMEVALUE(DaqBook_RAW_Data!#REF!),""""))",,,,,,,,,,,,,,,
,"=IFERROR(TIMEVALUE(DaqBook_RAW_Data!#REF!),IFERROR(TIMEVALUE(DaqBook_RAW_Data!#REF!),""""))",,,,,,,,,,,,,,,
,"=IFERROR(TIMEVALUE(DaqBook_RAW_Data!#REF!),IFERROR(TIMEVALUE(DaqBook_RAW_Data!#REF!),""""))",,,,,,,,,,,,,,,
,"=IFERROR(TIMEVALUE(DaqBook_RAW_Data!#REF!),IFERROR(TIMEVALUE(DaqBook_RAW_Data!#REF!),""""))",,,,,,,,,,,,,,,
,"=IFERROR(TIMEVALUE(DaqBook_RAW_Data!#REF!),IFERROR(TIMEVALUE(DaqBook_RAW_Data!#REF!),""""))",,,,,,,,,,,,,,,
,"=IFERROR(TIMEVALUE(DaqBook_RAW_Data!#REF!),IFERROR(TIMEVALUE(DaqBook_RAW_Data!#REF!),""""))",,,,,,,,,,,,,,,
,"=IFERROR(TIMEVALUE(DaqBook_RAW_Data!#REF!),IFERROR(TIMEVALUE(DaqBook_RAW_Data!#REF!),""""))",,,,,,,,,,,,,,,
,"=IFERROR(TIMEVALUE(DaqBook_RAW_Data!#REF!),IFERROR(TIMEVALUE(DaqBook_RAW_Data!#REF!),""""))",,,,,,,,,,,,,,,
,"=IFERROR(TIMEVALUE(DaqBook_RAW_Data!#REF!),IFERROR(TIMEVALUE(DaqBook_RAW_Data!#REF!),""""))",,,,,,,,,,,,,,,
,"=IFERROR(TIMEVALUE(DaqBook_RAW_Data!#REF!),IFERROR(TIMEVALUE(DaqBook_RAW_Data!#REF!),""""))",,,,,,,,,,,,,,,
,"=IFERROR(TIMEVALUE(DaqBook_RAW_Data!#REF!),IFERROR(TIMEVALUE(DaqBook_RAW_Data!#REF!),""""))",,,,,,,,,,,,,,,
,"=IFERROR(TIMEVALUE(DaqBook_RAW_Data!#REF!),IFERROR(TIMEVALUE(DaqBook_RAW_Data!#REF!),""""))",,,,,,,,,,,,,,,
,"=IFERROR(TIMEVALUE(DaqBook_RAW_Data!#REF!),IFERROR(TIMEVALUE(DaqBook_RAW_Data!#REF!),""""))",,,,,,,,,,,,,,,
,"=IFERROR(TIMEVALUE(DaqBook_RAW_Data!#REF!),IFERROR(TIMEVALUE(DaqBook_RAW_Data!#REF!),""""))",,,,,,,,,,,,,,,
,"=IFERROR(TIMEVALUE(DaqBook_RAW_Data!#REF!),IFERROR(TIMEVALUE(DaqBook_RAW_Data!#REF!),""""))",,,,,,,,,,,,,,,
,"=IFERROR(TIMEVALUE(DaqBook_RAW_Data!#REF!),IFERROR(TIMEVALUE(DaqBook_RAW_Data!#REF!),""""))",,,,,,,,,,,,,,,
,"=IFERROR(TIMEVALUE(DaqBook_RAW_Data!#REF!),IFERROR(TIMEVALUE(DaqBook_RAW_Data!#REF!),""""))",,,,,,,,,,,,,,,
,"=IFERROR(TIMEVALUE(DaqBook_RAW_Data!#REF!),IFERROR(TIMEVALUE(DaqBook_RAW_Data!#REF!),""""))",,,,,,,,,,,,,,,
,"=IFERROR(TIMEVALUE(DaqBook_RAW_Data!#REF!),IFERROR(TIMEVALUE(DaqBook_RAW_Data!#REF!),""""))",,,,,,,,,,,,,,,
,"=IFERROR(TIMEVALUE(DaqBook_RAW_Data!#REF!),IFERROR(TIMEVALUE(DaqBook_RAW_Data!#REF!),""""))",,,,,,,,,,,,,,,
,"=IFERROR(TIMEVALUE(DaqBook_RAW_Data!#REF!),IFERROR(TIMEVALUE(DaqBook_RAW_Data!#REF!),""""))",,,,,,,,,,,,,,,
,"=IFERROR(TIMEVALUE(DaqBook_RAW_Data!#REF!),IFERROR(TIMEVALUE(DaqBook_RAW_Data!#REF!),""""))",,,,,,,,,,,,,,,
,"=IFERROR(TIMEVALUE(DaqBook_RAW_Data!#REF!),IFERROR(TIMEVALUE(DaqBook_RAW_Data!#REF!),""""))",,,,,,,,,,,,,,,
,"=IFERROR(TIMEVALUE(DaqBook_RAW_Data!#REF!),IFERROR(TIMEVALUE(DaqBook_RAW_Data!#REF!),""""))",,,,,,,,,,,,,,,
,"=IFERROR(TIMEVALUE(DaqBook_RAW_Data!#REF!),IFERROR(TIMEVALUE(DaqBook_RAW_Data!#REF!),""""))",,,,,,,,,,,,,,,
,"=IFERROR(TIMEVALUE(DaqBook_RAW_Data!#REF!),IFERROR(TIMEVALUE(DaqBook_RAW_Data!#REF!),""""))",,,,,,,,,,,,,,,
,"=IFERROR(TIMEVALUE(DaqBook_RAW_Data!#REF!),IFERROR(TIMEVALUE(DaqBook_RAW_Data!#REF!),""""))",,,,,,,,,,,,,,,
,"=IFERROR(TIMEVALUE(DaqBook_RAW_Data!#REF!),IFERROR(TIMEVALUE(DaqBook_RAW_Data!#REF!),""""))",,,,,,,,,,,,,,,
,"=IFERROR(TIMEVALUE(DaqBook_RAW_Data!#REF!),IFERROR(TIMEVALUE(DaqBook_RAW_Data!#REF!),""""))",,,,,,,,,,,,,,,
,"=IFERROR(TIMEVALUE(DaqBook_RAW_Data!#REF!),IFERROR(TIMEVALUE(DaqBook_RAW_Data!#REF!),""""))",,,,,,,,,,,,,,,
,"=IFERROR(TIMEVALUE(DaqBook_RAW_Data!#REF!),IFERROR(TIMEVALUE(DaqBook_RAW_Data!#REF!),""""))",,,,,,,,,,,,,,,
,"=IFERROR(TIMEVALUE(DaqBook_RAW_Data!#REF!),IFERROR(TIMEVALUE(DaqBook_RAW_Data!#REF!),""""))",,,,,,,,,,,,,,,
,"=IFERROR(TIMEVALUE(DaqBook_RAW_Data!#REF!),IFERROR(TIMEVALUE(DaqBook_RAW_Data!#REF!),""""))",,,,,,,,,,,,,,,
,"=IFERROR(TIMEVALUE(DaqBook_RAW_Data!#REF!),IFERROR(TIMEVALUE(DaqBook_RAW_Data!#REF!),""""))",,,,,,,,,,,,,,,
,"=IFERROR(TIMEVALUE(DaqBook_RAW_Data!#REF!),IFERROR(TIMEVALUE(DaqBook_RAW_Data!#REF!),""""))",,,,,,,,,,,,,,,
,"=IFERROR(TIMEVALUE(DaqBook_RAW_Data!#REF!),IFERROR(TIMEVALUE(DaqBook_RAW_Data!#REF!),""""))",,,,,,,,,,,,,,,
,"=IFERROR(TIMEVALUE(DaqBook_RAW_Data!#REF!),IFERROR(TIMEVALUE(DaqBook_RAW_Data!#REF!),""""))",,,,,,,,,,,,,,,
,"=IFERROR(TIMEVALUE(DaqBook_RAW_Data!#REF!),IFERROR(TIMEVALUE(DaqBook_RAW_Data!#REF!),""""))",,,,,,,,,,,,,,,
,"=IFERROR(TIMEVALUE(DaqBook_RAW_Data!#REF!),IFERROR(TIMEVALUE(DaqBook_RAW_Data!#REF!),""""))",,,,,,,,,,,,,,,
,"=IFERROR(TIMEVALUE(DaqBook_RAW_Data!#REF!),IFERROR(TIMEVALUE(DaqBook_RAW_Data!#REF!),""""))",,,,,,,,,,,,,,,
,"=IFERROR(TIMEVALUE(DaqBook_RAW_Data!#REF!),IFERROR(TIMEVALUE(DaqBook_RAW_Data!#REF!),""""))",,,,,,,,,,,,,,,
,"=IFERROR(TIMEVALUE(DaqBook_RAW_Data!#REF!),IFERROR(TIMEVALUE(DaqBook_RAW_Data!#REF!),""""))",,,,,,,,,,,,,,,
,"=IFERROR(TIMEVALUE(DaqBook_RAW_Data!#REF!),IFERROR(TIMEVALUE(DaqBook_RAW_Data!#REF!),""""))",,,,,,,,,,,,,,,
,"=IFERROR(TIMEVALUE(DaqBook_RAW_Data!#REF!),IFERROR(TIMEVALUE(DaqBook_RAW_Data!#REF!),""""))",,,,,,,,,,,,,,,
,"=IFERROR(TIMEVALUE(DaqBook_RAW_Data!#REF!),IFERROR(TIMEVALUE(DaqBook_RAW_Data!#REF!),""""))",,,,,,,,,,,,,,,
,"=IFERROR(TIMEVALUE(DaqBook_RAW_Data!#REF!),IFERROR(TIMEVALUE(DaqBook_RAW_Data!#REF!),""""))",,,,,,,,,,,,,,,
,"=IFERROR(TIMEVALUE(DaqBook_RAW_Data!#REF!),IFERROR(TIMEVALUE(DaqBook_RAW_Data!#REF!),""""))",,,,,,,,,,,,,,,
,"=IFERROR(TIMEVALUE(DaqBook_RAW_Data!#REF!),IFERROR(TIMEVALUE(DaqBook_RAW_Data!#REF!),""""))",,,,,,,,,,,,,,,
,"=IFERROR(TIMEVALUE(DaqBook_RAW_Data!#REF!),IFERROR(TIMEVALUE(DaqBook_RAW_Data!#REF!),""""))",,,,,,,,,,,,,,,
,"=IFERROR(TIMEVALUE(DaqBook_RAW_Data!#REF!),IFERROR(TIMEVALUE(DaqBook_RAW_Data!#REF!),""""))",,,,,,,,,,,,,,,
,"=IFERROR(TIMEVALUE(DaqBook_RAW_Data!#REF!),IFERROR(TIMEVALUE(DaqBook_RAW_Data!#REF!),""""))",,,,,,,,,,,,,,,
,"=IFERROR(TIMEVALUE(DaqBook_RAW_Data!#REF!),IFERROR(TIMEVALUE(DaqBook_RAW_Data!#REF!),""""))",,,,,,,,,,,,,,,
,"=IFERROR(TIMEVALUE(DaqBook_RAW_Data!#REF!),IFERROR(TIMEVALUE(DaqBook_RAW_Data!#REF!),""""))",,,,,,,,,,,,,,,
,"=IFERROR(TIMEVALUE(DaqBook_RAW_Data!#REF!),IFERROR(TIMEVALUE(DaqBook_RAW_Data!#REF!),""""))",,,,,,,,,,,,,,,
,"=IFERROR(TIMEVALUE(DaqBook_RAW_Data!#REF!),IFERROR(TIMEVALUE(DaqBook_RAW_Data!#REF!),""""))",,,,,,,,,,,,,,,
,"=IFERROR(TIMEVALUE(DaqBook_RAW_Data!#REF!),IFERROR(TIMEVALUE(DaqBook_RAW_Data!#REF!),""""))",,,,,,,,,,,,,,,
,"=IFERROR(TIMEVALUE(DaqBook_RAW_Data!#REF!),IFERROR(TIMEVALUE(DaqBook_RAW_Data!#REF!),""""))",,,,,,,,,,,,,,,
,"=IFERROR(TIMEVALUE(DaqBook_RAW_Data!#REF!),IFERROR(TIMEVALUE(DaqBook_RAW_Data!#REF!),""""))",,,,,,,,,,,,,,,
,"=IFERROR(TIMEVALUE(DaqBook_RAW_Data!#REF!),IFERROR(TIMEVALUE(DaqBook_RAW_Data!#REF!),""""))",,,,,,,,,,,,,,,
,"=IFERROR(TIMEVALUE(DaqBook_RAW_Data!#REF!),IFERROR(TIMEVALUE(DaqBook_RAW_Data!#REF!),""""))",,,,,,,,,,,,,,,
,"=IFERROR(TIMEVALUE(DaqBook_RAW_Data!#REF!),IFERROR(TIMEVALUE(DaqBook_RAW_Data!#REF!),""""))",,,,,,,,,,,,,,,
,"=IFERROR(TIMEVALUE(DaqBook_RAW_Data!#REF!),IFERROR(TIMEVALUE(DaqBook_RAW_Data!#REF!),""""))",,,,,,,,,,,,,,,
,"=IFERROR(TIMEVALUE(DaqBook_RAW_Data!#REF!),IFERROR(TIMEVALUE(DaqBook_RAW_Data!#REF!),""""))",,,,,,,,,,,,,,,
,"=IFERROR(TIMEVALUE(DaqBook_RAW_Data!#REF!),IFERROR(TIMEVALUE(DaqBook_RAW_Data!#REF!),""""))",,,,,,,,,,,,,,,
,"=IFERROR(TIMEVALUE(DaqBook_RAW_Data!#REF!),IFERROR(TIMEVALUE(DaqBook_RAW_Data!#REF!),""""))",,,,,,,,,,,,,,,
,"=IFERROR(TIMEVALUE(DaqBook_RAW_Data!#REF!),IFERROR(TIMEVALUE(DaqBook_RAW_Data!#REF!),""""))",,,,,,,,,,,,,,,
,"=IFERROR(TIMEVALUE(DaqBook_RAW_Data!#REF!),IFERROR(TIMEVALUE(DaqBook_RAW_Data!#REF!),""""))",,,,,,,,,,,,,,,
,"=IFERROR(TIMEVALUE(DaqBook_RAW_Data!#REF!),IFERROR(TIMEVALUE(DaqBook_RAW_Data!#REF!),""""))",,,,,,,,,,,,,,,
,"=IFERROR(TIMEVALUE(DaqBook_RAW_Data!#REF!),IFERROR(TIMEVALUE(DaqBook_RAW_Data!#REF!),""""))",,,,,,,,,,,,,,,
,"=IFERROR(TIMEVALUE(DaqBook_RAW_Data!#REF!),IFERROR(TIMEVALUE(DaqBook_RAW_Data!#REF!),""""))",,,,,,,,,,,,,,,
,"=IFERROR(TIMEVALUE(DaqBook_RAW_Data!#REF!),IFERROR(TIMEVALUE(DaqBook_RAW_Data!#REF!),""""))",,,,,,,,,,,,,,,
,"=IFERROR(TIMEVALUE(DaqBook_RAW_Data!#REF!),IFERROR(TIMEVALUE(DaqBook_RAW_Data!#REF!),""""))",,,,,,,,,,,,,,,
,"=IFERROR(TIMEVALUE(DaqBook_RAW_Data!#REF!),IFERROR(TIMEVALUE(DaqBook_RAW_Data!#REF!),""""))",,,,,,,,,,,,,,,
,"=IFERROR(TIMEVALUE(DaqBook_RAW_Data!#REF!),IFERROR(TIMEVALUE(DaqBook_RAW_Data!#REF!),""""))",,,,,,,,,,,,,,,
,"=IFERROR(TIMEVALUE(DaqBook_RAW_Data!#REF!),IFERROR(TIMEVALUE(DaqBook_RAW_Data!#REF!),""""))",,,,,,,,,,,,,,,
,"=IFERROR(TIMEVALUE(DaqBook_RAW_Data!#REF!),IFERROR(TIMEVALUE(DaqBook_RAW_Data!#REF!),""""))",,,,,,,,,,,,,,,
,"=IFERROR(TIMEVALUE(DaqBook_RAW_Data!#REF!),IFERROR(TIMEVALUE(DaqBook_RAW_Data!#REF!),""""))",,,,,,,,,,,,,,,
,"=IFERROR(TIMEVALUE(DaqBook_RAW_Data!#REF!),IFERROR(TIMEVALUE(DaqBook_RAW_Data!#REF!),""""))",,,,,,,,,,,,,,,
,"=IFERROR(TIMEVALUE(DaqBook_RAW_Data!#REF!),IFERROR(TIMEVALUE(DaqBook_RAW_Data!#REF!),""""))",,,,,,,,,,,,,,,
,"=IFERROR(TIMEVALUE(DaqBook_RAW_Data!#REF!),IFERROR(TIMEVALUE(DaqBook_RAW_Data!#REF!),""""))",,,,,,,,,,,,,,,
,"=IFERROR(TIMEVALUE(DaqBook_RAW_Data!#REF!),IFERROR(TIMEVALUE(DaqBook_RAW_Data!#REF!),""""))",,,,,,,,,,,,,,,
,"=IFERROR(TIMEVALUE(DaqBook_RAW_Data!Q4),IFERROR(TIMEVALUE(DaqBook_RAW_Data!#REF!),""""))",,,,,,,,,,,,,,,
,"=IFERROR(TIMEVALUE(DaqBook_RAW_Data!Q5),IFERROR(TIMEVALUE(DaqBook_RAW_Data!#REF!),""""))",,,,,,,,,,,,,,,
,"=IFERROR(TIMEVALUE(DaqBook_RAW_Data!Q6),IFERROR(TIMEVALUE(DaqBook_RAW_Data!#REF!),""""))",,,,,,,,,,,,,,,
,"=IFERROR(TIMEVALUE(DaqBook_RAW_Data!Q7),IFERROR(TIMEVALUE(DaqBook_RAW_Data!#REF!),""""))",,,,,,,,,,,,,,,
,"=IFERROR(TIMEVALUE(DaqBook_RAW_Data!Q8),IFERROR(TIMEVALUE(DaqBook_RAW_Data!#REF!),""""))",,,,,,,,,,,,,,,
,"=IFERROR(TIMEVALUE(DaqBook_RAW_Data!Q9),IFERROR(TIMEVALUE(DaqBook_RAW_Data!#REF!),""""))",,,,,,,,,,,,,,,
,"=IFERROR(TIMEVALUE(DaqBook_RAW_Data!Q10),IFERROR(TIMEVALUE(DaqBook_RAW_Data!#REF!),""""))",,,,,,,,,,,,,,,
,"=IFERROR(TIMEVALUE(DaqBook_RAW_Data!Q11),IFERROR(TIMEVALUE(DaqBook_RAW_Data!#REF!),""""))",,,,,,,,,,,,,,,
,"=IFERROR(TIMEVALUE(DaqBook_RAW_Data!Q12),IFERROR(TIMEVALUE(DaqBook_RAW_Data!#REF!),""""))",,,,,,,,,,,,,,,
,"=IFERROR(TIMEVALUE(DaqBook_RAW_Data!Q13),IFERROR(TIMEVALUE(DaqBook_RAW_Data!#REF!),""""))",,,,,,,,,,,,,,,
,"=IFERROR(TIMEVALUE(DaqBook_RAW_Data!Q14),IFERROR(TIMEVALUE(DaqBook_RAW_Data!#REF!),""""))",,,,,,,,,,,,,,,
,"=IFERROR(TIMEVALUE(DaqBook_RAW_Data!Q15),IFERROR(TIMEVALUE(DaqBook_RAW_Data!#REF!),""""))",,,,,,,,,,,,,,,
,"=IFERROR(TIMEVALUE(DaqBook_RAW_Data!Q16),IFERROR(TIMEVALUE(DaqBook_RAW_Data!#REF!),""""))",,,,,,,,,,,,,,,
,"=IFERROR(TIMEVALUE(DaqBook_RAW_Data!Q17),IFERROR(TIMEVALUE(DaqBook_RAW_Data!#REF!),""""))",,,,,,,,,,,,,,,
,"=IFERROR(TIMEVALUE(DaqBook_RAW_Data!Q18),IFERROR(TIMEVALUE(DaqBook_RAW_Data!#REF!),""""))",,,,,,,,,,,,,,,
,"=IFERROR(TIMEVALUE(DaqBook_RAW_Data!Q19),IFERROR(TIMEVALUE(DaqBook_RAW_Data!#REF!),""""))",,,,,,,,,,,,,,,
,"=IFERROR(TIMEVALUE(DaqBook_RAW_Data!Q20),IFERROR(TIMEVALUE(DaqBook_RAW_Data!#REF!),""""))",,,,,,,,,,,,,,,
,"=IFERROR(TIMEVALUE(DaqBook_RAW_Data!Q21),IFERROR(TIMEVALUE(DaqBook_RAW_Data!#REF!),""""))",,,,,,,,,,,,,,,
,"=IFERROR(TIMEVALUE(DaqBook_RAW_Data!Q22),IFERROR(TIMEVALUE(DaqBook_RAW_Data!#REF!),""""))",,,,,,,,,,,,,,,
,"=IFERROR(TIMEVALUE(DaqBook_RAW_Data!Q23),IFERROR(TIMEVALUE(DaqBook_RAW_Data!#REF!),""""))",,,,,,,,,,,,,,,
,"=IFERROR(TIMEVALUE(DaqBook_RAW_Data!Q24),IFERROR(TIMEVALUE(DaqBook_RAW_Data!#REF!),""""))",,,,,,,,,,,,,,,
,"=IFERROR(TIMEVALUE(DaqBook_RAW_Data!Q25),IFERROR(TIMEVALUE(DaqBook_RAW_Data!#REF!),""""))",,,,,,,,,,,,,,,
,"=IFERROR(TIMEVALUE(DaqBook_RAW_Data!Q26),IFERROR(TIMEVALUE(DaqBook_RAW_Data!#REF!),""""))",,,,,,,,,,,,,,,
,"=IFERROR(TIMEVALUE(DaqBook_RAW_Data!Q27),IFERROR(TIMEVALUE(DaqBook_RAW_Data!#REF!),""""))",,,,,,,,,,,,,,,
,"=IFERROR(TIMEVALUE(DaqBook_RAW_Data!Q28),IFERROR(TIMEVALUE(DaqBook_RAW_Data!#REF!),""""))",,,,,,,,,,,,,,,
,"=IFERROR(TIMEVALUE(DaqBook_RAW_Data!Q29),IFERROR(TIMEVALUE(DaqBook_RAW_Data!#REF!),""""))",,,,,,,,,,,,,,,
,"=IFERROR(TIMEVALUE(DaqBook_RAW_Data!Q30),IFERROR(TIMEVALUE(DaqBook_RAW_Data!#REF!),""""))",,,,,,,,,,,,,,,
,"=IFERROR(TIMEVALUE(DaqBook_RAW_Data!Q31),IFERROR(TIMEVALUE(DaqBook_RAW_Data!#REF!),""""))",,,,,,,,,,,,,,,
,"=IFERROR(TIMEVALUE(DaqBook_RAW_Data!Q32),IFERROR(TIMEVALUE(DaqBook_RAW_Data!#REF!),""""))",,,,,,,,,,,,,,,
,"=IFERROR(TIMEVALUE(DaqBook_RAW_Data!Q33),IFERROR(TIMEVALUE(DaqBook_RAW_Data!#REF!),""""))",,,,,,,,,,,,,,,
,"=IFERROR(TIMEVALUE(DaqBook_RAW_Data!Q34),IFERROR(TIMEVALUE(DaqBook_RAW_Data!#REF!),""""))",,,,,,,,,,,,,,,
,"=IFERROR(TIMEVALUE(DaqBook_RAW_Data!Q35),IFERROR(TIMEVALUE(DaqBook_RAW_Data!#REF!),""""))",,,,,,,,,,,,,,,
,"=IFERROR(TIMEVALUE(DaqBook_RAW_Data!Q36),IFERROR(TIMEVALUE(DaqBook_RAW_Data!#REF!),""""))",,,,,,,,,,,,,,,
,"=IFERROR(TIMEVALUE(DaqBook_RAW_Data!Q37),IFERROR(TIMEVALUE(DaqBook_RAW_Data!#REF!),""""))",,,,,,,,,,,,,,,
,"=IFERROR(TIMEVALUE(DaqBook_RAW_Data!Q38),IFERROR(TIMEVALUE(DaqBook_RAW_Data!#REF!),""""))",,,,,,,,,,,,,,,
,"=IFERROR(TIMEVALUE(DaqBook_RAW_Data!Q39),IFERROR(TIMEVALUE(DaqBook_RAW_Data!#REF!),""""))",,,,,,,,,,,,,,,
,"=IFERROR(TIMEVALUE(DaqBook_RAW_Data!Q40),IFERROR(TIMEVALUE(DaqBook_RAW_Data!#REF!),""""))",,,,,,,,,,,,,,,
,"=IFERROR(TIMEVALUE(DaqBook_RAW_Data!Q41),IFERROR(TIMEVALUE(DaqBook_RAW_Data!#REF!),""""))",,,,,,,,,,,,,,,
,"=IFERROR(TIMEVALUE(DaqBook_RAW_Data!Q42),IFERROR(TIMEVALUE(DaqBook_RAW_Data!#REF!),""""))",,,,,,,,,,,,,,,
,"=IFERROR(TIMEVALUE(DaqBook_RAW_Data!Q43),IFERROR(TIMEVALUE(DaqBook_RAW_Data!#REF!),""""))",,,,,,,,,,,,,,,
,"=IFERROR(TIMEVALUE(DaqBook_RAW_Data!Q44),IFERROR(TIMEVALUE(DaqBook_RAW_Data!#REF!),""""))",,,,,,,,,,,,,,,
,"=IFERROR(TIMEVALUE(DaqBook_RAW_Data!Q45),IFERROR(TIMEVALUE(DaqBook_RAW_Data!#REF!),""""))",,,,,,,,,,,,,,,
,"=IFERROR(TIMEVALUE(DaqBook_RAW_Data!Q46),IFERROR(TIMEVALUE(DaqBook_RAW_Data!#REF!),""""))",,,,,,,,,,,,,,,
,"=IFERROR(TIMEVALUE(DaqBook_RAW_Data!Q47),IFERROR(TIMEVALUE(DaqBook_RAW_Data!#REF!),""""))",,,,,,,,,,,,,,,
,"=IFERROR(TIMEVALUE(DaqBook_RAW_Data!Q48),IFERROR(TIMEVALUE(DaqBook_RAW_Data!#REF!),""""))",,,,,,,,,,,,,,,
,"=IFERROR(TIMEVALUE(DaqBook_RAW_Data!Q49),IFERROR(TIMEVALUE(DaqBook_RAW_Data!#REF!),""""))",,,,,,,,,,,,,,,
,"=IFERROR(TIMEVALUE(DaqBook_RAW_Data!Q50),IFERROR(TIMEVALUE(DaqBook_RAW_Data!#REF!),""""))",,,,,,,,,,,,,,,
,"=IFERROR(TIMEVALUE(DaqBook_RAW_Data!Q51),IFERROR(TIMEVALUE(DaqBook_RAW_Data!#REF!),""""))",,,,,,,,,,,,,,,
,"=IFERROR(TIMEVALUE(DaqBook_RAW_Data!Q52),IFERROR(TIMEVALUE(DaqBook_RAW_Data!#REF!),""""))",,,,,,,,,,,,,,,
,"=IFERROR(TIMEVALUE(DaqBook_RAW_Data!Q53),IFERROR(TIMEVALUE(DaqBook_RAW_Data!#REF!),""""))",,,,,,,,,,,,,,,
,"=IFERROR(TIMEVALUE(DaqBook_RAW_Data!Q54),IFERROR(TIMEVALUE(DaqBook_RAW_Data!#REF!),""""))",,,,,,,,,,,,,,,
,"=IFERROR(TIMEVALUE(DaqBook_RAW_Data!Q55),IFERROR(TIMEVALUE(DaqBook_RAW_Data!#REF!),""""))",,,,,,,,,,,,,,,
,"=IFERROR(TIMEVALUE(DaqBook_RAW_Data!Q56),IFERROR(TIMEVALUE(DaqBook_RAW_Data!#REF!),""""))",,,,,,,,,,,,,,,
,"=IFERROR(TIMEVALUE(DaqBook_RAW_Data!Q57),IFERROR(TIMEVALUE(DaqBook_RAW_Data!#REF!),""""))",,,,,,,,,,,,,,,
,"=IFERROR(TIMEVALUE(DaqBook_RAW_Data!Q58),IFERROR(TIMEVALUE(DaqBook_RAW_Data!#REF!),""""))",,,,,,,,,,,,,,,
,"=IFERROR(TIMEVALUE(DaqBook_RAW_Data!Q59),IFERROR(TIMEVALUE(DaqBook_RAW_Data!#REF!),""""))",,,,,,,,,,,,,,,
,"=IFERROR(TIMEVALUE(DaqBook_RAW_Data!Q60),IFERROR(TIMEVALUE(DaqBook_RAW_Data!#REF!),""""))",,,,,,,,,,,,,,,
,"=IFERROR(TIMEVALUE(DaqBook_RAW_Data!Q61),IFERROR(TIMEVALUE(DaqBook_RAW_Data!#REF!),""""))",,,,,,,,,,,,,,,
,"=IFERROR(TIMEVALUE(DaqBook_RAW_Data!Q62),IFERROR(TIMEVALUE(DaqBook_RAW_Data!#REF!),""""))",,,,,,,,,,,,,,,
,"=IFERROR(TIMEVALUE(DaqBook_RAW_Data!Q63),IFERROR(TIMEVALUE(DaqBook_RAW_Data!#REF!),""""))",,,,,,,,,,,,,,,
,"=IFERROR(TIMEVALUE(DaqBook_RAW_Data!Q64),IFERROR(TIMEVALUE(DaqBook_RAW_Data!#REF!),""""))",,,,,,,,,,,,,,,
,"=IFERROR(TIMEVALUE(DaqBook_RAW_Data!Q65),IFERROR(TIMEVALUE(DaqBook_RAW_Data!#REF!),""""))",,,,,,,,,,,,,,,
,"=IFERROR(TIMEVALUE(DaqBook_RAW_Data!Q66),IFERROR(TIMEVALUE(DaqBook_RAW_Data!#REF!),""""))",,,,,,,,,,,,,,,
,"=IFERROR(TIMEVALUE(DaqBook_RAW_Data!Q67),IFERROR(TIMEVALUE(DaqBook_RAW_Data!#REF!),""""))",,,,,,,,,,,,,,,
,"=IFERROR(TIMEVALUE(DaqBook_RAW_Data!Q68),IFERROR(TIMEVALUE(DaqBook_RAW_Data!#REF!),""""))",,,,,,,,,,,,,,,
,"=IFERROR(TIMEVALUE(DaqBook_RAW_Data!Q69),IFERROR(TIMEVALUE(DaqBook_RAW_Data!#REF!),""""))",,,,,,,,,,,,,,,
,"=IFERROR(TIMEVALUE(DaqBook_RAW_Data!Q70),IFERROR(TIMEVALUE(DaqBook_RAW_Data!#REF!),""""))",,,,,,,,,,,,,,,
,"=IFERROR(TIMEVALUE(DaqBook_RAW_Data!Q71),IFERROR(TIMEVALUE(DaqBook_RAW_Data!#REF!),""""))",,,,,,,,,,,,,,,
,"=IFERROR(TIMEVALUE(DaqBook_RAW_Data!Q72),IFERROR(TIMEVALUE(DaqBook_RAW_Data!#REF!),""""))",,,,,,,,,,,,,,,
,"=IFERROR(TIMEVALUE(DaqBook_RAW_Data!Q73),IFERROR(TIMEVALUE(DaqBook_RAW_Data!#REF!),""""))",,,,,,,,,,,,,,,
,"=IFERROR(TIMEVALUE(DaqBook_RAW_Data!Q74),IFERROR(TIMEVALUE(DaqBook_RAW_Data!#REF!),""""))",,,,,,,,,,,,,,,
,"=IFERROR(TIMEVALUE(DaqBook_RAW_Data!Q75),IFERROR(TIMEVALUE(DaqBook_RAW_Data!#REF!),""""))",,,,,,,,,,,,,,,
,"=IFERROR(TIMEVALUE(DaqBook_RAW_Data!Q76),IFERROR(TIMEVALUE(DaqBook_RAW_Data!#REF!),""""))",,,,,,,,,,,,,,,
,"=IFERROR(TIMEVALUE(DaqBook_RAW_Data!Q77),IFERROR(TIMEVALUE(DaqBook_RAW_Data!#REF!),""""))",,,,,,,,,,,,,,,
,"=IFERROR(TIMEVALUE(DaqBook_RAW_Data!Q78),IFERROR(TIMEVALUE(DaqBook_RAW_Data!#REF!),""""))",,,,,,,,,,,,,,,
,"=IFERROR(TIMEVALUE(DaqBook_RAW_Data!Q79),IFERROR(TIMEVALUE(DaqBook_RAW_Data!#REF!),""""))",,,,,,,,,,,,,,,
,"=IFERROR(TIMEVALUE(DaqBook_RAW_Data!Q80),IFERROR(TIMEVALUE(DaqBook_RAW_Data!#REF!),""""))",,,,,,,,,,,,,,,
,"=IFERROR(TIMEVALUE(DaqBook_RAW_Data!Q81),IFERROR(TIMEVALUE(DaqBook_RAW_Data!#REF!),""""))",,,,,,,,,,,,,,,
,"=IFERROR(TIMEVALUE(DaqBook_RAW_Data!Q82),IFERROR(TIMEVALUE(DaqBook_RAW_Data!#REF!),""""))",,,,,,,,,,,,,,,
,"=IFERROR(TIMEVALUE(DaqBook_RAW_Data!Q83),IFERROR(TIMEVALUE(DaqBook_RAW_Data!#REF!),""""))",,,,,,,,,,,,,,,
,"=IFERROR(TIMEVALUE(DaqBook_RAW_Data!Q84),IFERROR(TIMEVALUE(DaqBook_RAW_Data!#REF!),""""))",,,,,,,,,,,,,,,
,"=IFERROR(TIMEVALUE(DaqBook_RAW_Data!Q85),IFERROR(TIMEVALUE(DaqBook_RAW_Data!#REF!),""""))",,,,,,,,,,,,,,,
,"=IFERROR(TIMEVALUE(DaqBook_RAW_Data!Q86),IFERROR(TIMEVALUE(DaqBook_RAW_Data!#REF!),""""))",,,,,,,,,,,,,,,
,"=IFERROR(TIMEVALUE(DaqBook_RAW_Data!Q87),IFERROR(TIMEVALUE(DaqBook_RAW_Data!#REF!),""""))",,,,,,,,,,,,,,,
,"=IFERROR(TIMEVALUE(DaqBook_RAW_Data!Q88),IFERROR(TIMEVALUE(DaqBook_RAW_Data!#REF!),""""))",,,,,,,,,,,,,,,
,"=IFERROR(TIMEVALUE(DaqBook_RAW_Data!Q89),IFERROR(TIMEVALUE(DaqBook_RAW_Data!#REF!),""""))",,,,,,,,,,,,,,,
,"=IFERROR(TIMEVALUE(DaqBook_RAW_Data!Q90),IFERROR(TIMEVALUE(DaqBook_RAW_Data!#REF!),""""))",,,,,,,,,,,,,,,
,"=IFERROR(TIMEVALUE(DaqBook_RAW_Data!Q91),IFERROR(TIMEVALUE(DaqBook_RAW_Data!#REF!),""""))",,,,,,,,,,,,,,,
,"=IFERROR(TIMEVALUE(DaqBook_RAW_Data!Q92),IFERROR(TIMEVALUE(DaqBook_RAW_Data!#REF!),""""))",,,,,,,,,,,,,,,
,"=IFERROR(TIMEVALUE(DaqBook_RAW_Data!Q93),IFERROR(TIMEVALUE(DaqBook_RAW_Data!#REF!),""""))",,,,,,,,,,,,,,,
,"=IFERROR(TIMEVALUE(DaqBook_RAW_Data!Q94),IFERROR(TIMEVALUE(DaqBook_RAW_Data!#REF!),""""))",,,,,,,,,,,,,,,
,"=IFERROR(TIMEVALUE(DaqBook_RAW_Data!Q95),IFERROR(TIMEVALUE(DaqBook_RAW_Data!#REF!),""""))",,,,,,,,,,,,,,,
,"=IFERROR(TIMEVALUE(DaqBook_RAW_Data!Q96),IFERROR(TIMEVALUE(DaqBook_RAW_Data!#REF!),""""))",,,,,,,,,,,,,,,
,"=IFERROR(TIMEVALUE(DaqBook_RAW_Data!Q97),IFERROR(TIMEVALUE(DaqBook_RAW_Data!#REF!),""""))",,,,,,,,,,,,,,,
,"=IFERROR(TIMEVALUE(DaqBook_RAW_Data!Q98),IFERROR(TIMEVALUE(DaqBook_RAW_Data!#REF!),""""))",,,,,,,,,,,,,,,
,"=IFERROR(TIMEVALUE(DaqBook_RAW_Data!Q99),IFERROR(TIMEVALUE(DaqBook_RAW_Data!#REF!),""""))",,,,,,,,,,,,,,,
,"=IFERROR(TIMEVALUE(DaqBook_RAW_Data!Q100),IFERROR(TIMEVALUE(DaqBook_RAW_Data!#REF!),""""))",,,,,,,,,,,,,,,
,"=IFERROR(TIMEVALUE(DaqBook_RAW_Data!Q101),IFERROR(TIMEVALUE(DaqBook_RAW_Data!#REF!),""""))",,,,,,,,,,,,,,,
,"=IFERROR(TIMEVALUE(DaqBook_RAW_Data!Q102),IFERROR(TIMEVALUE(DaqBook_RAW_Data!#REF!),""""))",,,,,,,,,,,,,,,
,"=IFERROR(TIMEVALUE(DaqBook_RAW_Data!Q103),IFERROR(TIMEVALUE(DaqBook_RAW_Data!#REF!),""""))",,,,,,,,,,,,,,,
,"=IFERROR(TIMEVALUE(DaqBook_RAW_Data!Q104),IFERROR(TIMEVALUE(DaqBook_RAW_Data!#REF!),""""))",,,,,,,,,,,,,,,
,"=IFERROR(TIMEVALUE(DaqBook_RAW_Data!Q105),IFERROR(TIMEVALUE(DaqBook_RAW_Data!#REF!),""""))",,,,,,,,,,,,,,,
,"=IFERROR(TIMEVALUE(DaqBook_RAW_Data!Q106),IFERROR(TIMEVALUE(DaqBook_RAW_Data!#REF!),""""))",,,,,,,,,,,,,,,
,"=IFERROR(TIMEVALUE(DaqBook_RAW_Data!Q107),IFERROR(TIMEVALUE(DaqBook_RAW_Data!#REF!),""""))",,,,,,,,,,,,,,,
,"=IFERROR(TIMEVALUE(DaqBook_RAW_Data!Q108),IFERROR(TIMEVALUE(DaqBook_RAW_Data!#REF!),""""))",,,,,,,,,,,,,,,
,"=IFERROR(TIMEVALUE(DaqBook_RAW_Data!Q109),IFERROR(TIMEVALUE(DaqBook_RAW_Data!#REF!),""""))",,,,,,,,,,,,,,,
,"=IFERROR(TIMEVALUE(DaqBook_RAW_Data!Q110),IFERROR(TIMEVALUE(DaqBook_RAW_Data!#REF!),""""))",,,,,,,,,,,,,,,
,"=IFERROR(TIMEVALUE(DaqBook_RAW_Data!Q111),IFERROR(TIMEVALUE(DaqBook_RAW_Data!#REF!),""""))",,,,,,,,,,,,,,,
,"=IFERROR(TIMEVALUE(DaqBook_RAW_Data!Q112),IFERROR(TIMEVALUE(DaqBook_RAW_Data!#REF!),""""))",,,,,,,,,,,,,,,
,"=IFERROR(TIMEVALUE(DaqBook_RAW_Data!Q113),IFERROR(TIMEVALUE(DaqBook_RAW_Data!#REF!),""""))",,,,,,,,,,,,,,,
,"=IFERROR(TIMEVALUE(DaqBook_RAW_Data!Q114),IFERROR(TIMEVALUE(DaqBook_RAW_Data!#REF!),""""))",,,,,,,,,,,,,,,
,"=IFERROR(TIMEVALUE(DaqBook_RAW_Data!Q115),IFERROR(TIMEVALUE(DaqBook_RAW_Data!#REF!),""""))",,,,,,,,,,,,,,,
,"=IFERROR(TIMEVALUE(DaqBook_RAW_Data!Q116),IFERROR(TIMEVALUE(DaqBook_RAW_Data!#REF!),""""))",,,,,,,,,,,,,,,
,"=IFERROR(TIMEVALUE(DaqBook_RAW_Data!Q117),IFERROR(TIMEVALUE(DaqBook_RAW_Data!#REF!),""""))",,,,,,,,,,,,,,,
,"=IFERROR(TIMEVALUE(DaqBook_RAW_Data!Q118),IFERROR(TIMEVALUE(DaqBook_RAW_Data!#REF!),""""))",,,,,,,,,,,,,,,
,"=IFERROR(TIMEVALUE(DaqBook_RAW_Data!Q119),IFERROR(TIMEVALUE(DaqBook_RAW_Data!#REF!),""""))",,,,,,,,,,,,,,,
,"=IFERROR(TIMEVALUE(DaqBook_RAW_Data!Q120),IFERROR(TIMEVALUE(DaqBook_RAW_Data!#REF!),""""))",,,,,,,,,,,,,,,
,"=IFERROR(TIMEVALUE(DaqBook_RAW_Data!Q121),IFERROR(TIMEVALUE(DaqBook_RAW_Data!#REF!),""""))",,,,,,,,,,,,,,,
,"=IFERROR(TIMEVALUE(DaqBook_RAW_Data!Q122),IFERROR(TIMEVALUE(DaqBook_RAW_Data!#REF!),""""))",,,,,,,,,,,,,,,
,"=IFERROR(TIMEVALUE(DaqBook_RAW_Data!Q123),IFERROR(TIMEVALUE(DaqBook_RAW_Data!#REF!),""""))",,,,,,,,,,,,,,,
,"=IFERROR(TIMEVALUE(DaqBook_RAW_Data!Q124),IFERROR(TIMEVALUE(DaqBook_RAW_Data!#REF!),""""))",,,,,,,,,,,,,,,
,"=IFERROR(TIMEVALUE(DaqBook_RAW_Data!Q125),IFERROR(TIMEVALUE(DaqBook_RAW_Data!#REF!),""""))",,,,,,,,,,,,,,,
,"=IFERROR(TIMEVALUE(DaqBook_RAW_Data!Q126),IFERROR(TIMEVALUE(DaqBook_RAW_Data!#REF!),""""))",,,,,,,,,,,,,,,
,"=IFERROR(TIMEVALUE(DaqBook_RAW_Data!Q127),IFERROR(TIMEVALUE(DaqBook_RAW_Data!#REF!),""""))",,,,,,,,,,,,,,,
,"=IFERROR(TIMEVALUE(DaqBook_RAW_Data!Q128),IFERROR(TIMEVALUE(DaqBook_RAW_Data!#REF!),""""))",,,,,,,,,,,,,,,
,"=IFERROR(TIMEVALUE(DaqBook_RAW_Data!Q129),IFERROR(TIMEVALUE(DaqBook_RAW_Data!#REF!),""""))",,,,,,,,,,,,,,,
,"=IFERROR(TIMEVALUE(DaqBook_RAW_Data!Q130),IFERROR(TIMEVALUE(DaqBook_RAW_Data!#REF!),""""))",,,,,,,,,,,,,,,
,"=IFERROR(TIMEVALUE(DaqBook_RAW_Data!Q131),IFERROR(TIMEVALUE(DaqBook_RAW_Data!#REF!),""""))",,,,,,,,,,,,,,,
,"=IFERROR(TIMEVALUE(DaqBook_RAW_Data!Q132),IFERROR(TIMEVALUE(DaqBook_RAW_Data!#REF!),""""))",,,,,,,,,,,,,,,
,"=IFERROR(TIMEVALUE(DaqBook_RAW_Data!Q133),IFERROR(TIMEVALUE(DaqBook_RAW_Data!#REF!),""""))",,,,,,,,,,,,,,,
,"=IFERROR(TIMEVALUE(DaqBook_RAW_Data!Q134),IFERROR(TIMEVALUE(DaqBook_RAW_Data!#REF!),""""))",,,,,,,,,,,,,,,
,"=IFERROR(TIMEVALUE(DaqBook_RAW_Data!Q135),IFERROR(TIMEVALUE(DaqBook_RAW_Data!#REF!),""""))",,,,,,,,,,,,,,,
,"=IFERROR(TIMEVALUE(DaqBook_RAW_Data!Q136),IFERROR(TIMEVALUE(DaqBook_RAW_Data!#REF!),""""))",,,,,,,,,,,,,,,
,"=IFERROR(TIMEVALUE(DaqBook_RAW_Data!Q137),IFERROR(TIMEVALUE(DaqBook_RAW_Data!#REF!),""""))",,,,,,,,,,,,,,,
,"=IFERROR(TIMEVALUE(DaqBook_RAW_Data!Q138),IFERROR(TIMEVALUE(DaqBook_RAW_Data!#REF!),""""))",,,,,,,,,,,,,,,
,"=IFERROR(TIMEVALUE(DaqBook_RAW_Data!Q139),IFERROR(TIMEVALUE(DaqBook_RAW_Data!#REF!),""""))",,,,,,,,,,,,,,,
,"=IFERROR(TIMEVALUE(DaqBook_RAW_Data!Q140),IFERROR(TIMEVALUE(DaqBook_RAW_Data!#REF!),""""))",,,,,,,,,,,,,,,
,"=IFERROR(TIMEVALUE(DaqBook_RAW_Data!Q141),IFERROR(TIMEVALUE(DaqBook_RAW_Data!#REF!),""""))",,,,,,,,,,,,,,,
,"=IFERROR(TIMEVALUE(DaqBook_RAW_Data!Q142),IFERROR(TIMEVALUE(DaqBook_RAW_Data!#REF!),""""))",,,,,,,,,,,,,,,
,"=IFERROR(TIMEVALUE(DaqBook_RAW_Data!Q143),IFERROR(TIMEVALUE(DaqBook_RAW_Data!#REF!),""""))",,,,,,,,,,,,,,,
,"=IFERROR(TIMEVALUE(DaqBook_RAW_Data!Q144),IFERROR(TIMEVALUE(DaqBook_RAW_Data!#REF!),""""))",,,,,,,,,,,,,,,
,"=IFERROR(TIMEVALUE(DaqBook_RAW_Data!Q145),IFERROR(TIMEVALUE(DaqBook_RAW_Data!#REF!),""""))",,,,,,,,,,,,,,,
,"=IFERROR(TIMEVALUE(DaqBook_RAW_Data!Q146),IFERROR(TIMEVALUE(DaqBook_RAW_Data!#REF!),""""))",,,,,,,,,,,,,,,
,"=IFERROR(TIMEVALUE(DaqBook_RAW_Data!Q147),IFERROR(TIMEVALUE(DaqBook_RAW_Data!#REF!),""""))",,,,,,,,,,,,,,,
,"=IFERROR(TIMEVALUE(DaqBook_RAW_Data!Q148),IFERROR(TIMEVALUE(DaqBook_RAW_Data!#REF!),""""))",,,,,,,,,,,,,,,
,"=IFERROR(TIMEVALUE(DaqBook_RAW_Data!Q149),IFERROR(TIMEVALUE(DaqBook_RAW_Data!#REF!),""""))",,,,,,,,,,,,,,,
,"=IFERROR(TIMEVALUE(DaqBook_RAW_Data!Q150),IFERROR(TIMEVALUE(DaqBook_RAW_Data!#REF!),""""))",,,,,,,,,,,,,,,
,"=IFERROR(TIMEVALUE(DaqBook_RAW_Data!Q151),IFERROR(TIMEVALUE(DaqBook_RAW_Data!#REF!),""""))",,,,,,,,,,,,,,,
,"=IFERROR(TIMEVALUE(DaqBook_RAW_Data!Q152),IFERROR(TIMEVALUE(DaqBook_RAW_Data!#REF!),""""))",,,,,,,,,,,,,,,
,"=IFERROR(TIMEVALUE(DaqBook_RAW_Data!Q153),IFERROR(TIMEVALUE(DaqBook_RAW_Data!#REF!),""""))",,,,,,,,,,,,,,,
,"=IFERROR(TIMEVALUE(DaqBook_RAW_Data!Q154),IFERROR(TIMEVALUE(DaqBook_RAW_Data!#REF!),""""))",,,,,,,,,,,,,,,
,"=IFERROR(TIMEVALUE(DaqBook_RAW_Data!Q155),IFERROR(TIMEVALUE(DaqBook_RAW_Data!#REF!),""""))",,,,,,,,,,,,,,,
,"=IFERROR(TIMEVALUE(DaqBook_RAW_Data!Q156),IFERROR(TIMEVALUE(DaqBook_RAW_Data!#REF!),""""))",,,,,,,,,,,,,,,
,"=IFERROR(TIMEVALUE(DaqBook_RAW_Data!Q157),IFERROR(TIMEVALUE(DaqBook_RAW_Data!#REF!),""""))",,,,,,,,,,,,,,,
,"=IFERROR(TIMEVALUE(DaqBook_RAW_Data!Q158),IFERROR(TIMEVALUE(DaqBook_RAW_Data!#REF!),""""))",,,,,,,,,,,,,,,
,"=IFERROR(TIMEVALUE(DaqBook_RAW_Data!Q159),IFERROR(TIMEVALUE(DaqBook_RAW_Data!#REF!),""""))",,,,,,,,,,,,,,,
,"=IFERROR(TIMEVALUE(DaqBook_RAW_Data!Q160),IFERROR(TIMEVALUE(DaqBook_RAW_Data!#REF!),""""))",,,,,,,,,,,,,,,
,"=IFERROR(TIMEVALUE(DaqBook_RAW_Data!Q161),IFERROR(TIMEVALUE(DaqBook_RAW_Data!#REF!),""""))",,,,,,,,,,,,,,,
,"=IFERROR(TIMEVALUE(DaqBook_RAW_Data!Q162),IFERROR(TIMEVALUE(DaqBook_RAW_Data!#REF!),""""))",,,,,,,,,,,,,,,
,"=IFERROR(TIMEVALUE(DaqBook_RAW_Data!Q163),IFERROR(TIMEVALUE(DaqBook_RAW_Data!#REF!),""""))",,,,,,,,,,,,,,,
,"=IFERROR(TIMEVALUE(DaqBook_RAW_Data!Q164),IFERROR(TIMEVALUE(DaqBook_RAW_Data!#REF!),""""))",,,,,,,,,,,,,,,
,"=IFERROR(TIMEVALUE(DaqBook_RAW_Data!Q165),IFERROR(TIMEVALUE(DaqBook_RAW_Data!#REF!),""""))",,,,,,,,,,,,,,,
,"=IFERROR(TIMEVALUE(DaqBook_RAW_Data!Q166),IFERROR(TIMEVALUE(DaqBook_RAW_Data!#REF!),""""))",,,,,,,,,,,,,,,
,"=IFERROR(TIMEVALUE(DaqBook_RAW_Data!Q167),IFERROR(TIMEVALUE(DaqBook_RAW_Data!#REF!),""""))",,,,,,,,,,,,,,,
,"=IFERROR(TIMEVALUE(DaqBook_RAW_Data!Q168),IFERROR(TIMEVALUE(DaqBook_RAW_Data!#REF!),""""))",,,,,,,,,,,,,,,
,"=IFERROR(TIMEVALUE(DaqBook_RAW_Data!Q169),IFERROR(TIMEVALUE(DaqBook_RAW_Data!#REF!),""""))",,,,,,,,,,,,,,,
,"=IFERROR(TIMEVALUE(DaqBook_RAW_Data!Q170),IFERROR(TIMEVALUE(DaqBook_RAW_Data!#REF!),""""))",,,,,,,,,,,,,,,
,"=IFERROR(TIMEVALUE(DaqBook_RAW_Data!Q171),IFERROR(TIMEVALUE(DaqBook_RAW_Data!#REF!),""""))",,,,,,,,,,,,,,,
,"=IFERROR(TIMEVALUE(DaqBook_RAW_Data!Q172),IFERROR(TIMEVALUE(DaqBook_RAW_Data!#REF!),""""))",,,,,,,,,,,,,,,
,"=IFERROR(TIMEVALUE(DaqBook_RAW_Data!Q173),IFERROR(TIMEVALUE(DaqBook_RAW_Data!#REF!),""""))",,,,,,,,,,,,,,,
,"=IFERROR(TIMEVALUE(DaqBook_RAW_Data!Q174),IFERROR(TIMEVALUE(DaqBook_RAW_Data!#REF!),""""))",,,,,,,,,,,,,,,
,"=IFERROR(TIMEVALUE(DaqBook_RAW_Data!Q175),IFERROR(TIMEVALUE(DaqBook_RAW_Data!#REF!),""""))",,,,,,,,,,,,,,,
,"=IFERROR(TIMEVALUE(DaqBook_RAW_Data!Q176),IFERROR(TIMEVALUE(DaqBook_RAW_Data!#REF!),""""))",,,,,,,,,,,,,,,
,"=IFERROR(TIMEVALUE(DaqBook_RAW_Data!Q177),IFERROR(TIMEVALUE(DaqBook_RAW_Data!#REF!),""""))",,,,,,,,,,,,,,,
,"=IFERROR(TIMEVALUE(DaqBook_RAW_Data!Q178),IFERROR(TIMEVALUE(DaqBook_RAW_Data!#REF!),""""))",,,,,,,,,,,,,,,
,"=IFERROR(TIMEVALUE(DaqBook_RAW_Data!Q179),IFERROR(TIMEVALUE(DaqBook_RAW_Data!#REF!),""""))",,,,,,,,,,,,,,,
,"=IFERROR(TIMEVALUE(DaqBook_RAW_Data!Q180),IFERROR(TIMEVALUE(DaqBook_RAW_Data!#REF!),""""))",,,,,,,,,,,,,,,
,"=IFERROR(TIMEVALUE(DaqBook_RAW_Data!Q181),IFERROR(TIMEVALUE(DaqBook_RAW_Data!#REF!),""""))",,,,,,,,,,,,,,,
,"=IFERROR(TIMEVALUE(DaqBook_RAW_Data!Q182),IFERROR(TIMEVALUE(DaqBook_RAW_Data!#REF!),""""))",,,,,,,,,,,,,,,
,"=IFERROR(TIMEVALUE(DaqBook_RAW_Data!Q183),IFERROR(TIMEVALUE(DaqBook_RAW_Data!#REF!),""""))",,,,,,,,,,,,,,,
,"=IFERROR(TIMEVALUE(DaqBook_RAW_Data!Q184),IFERROR(TIMEVALUE(DaqBook_RAW_Data!#REF!),""""))",,,,,,,,,,,,,,,
,"=IFERROR(TIMEVALUE(DaqBook_RAW_Data!Q185),IFERROR(TIMEVALUE(DaqBook_RAW_Data!#REF!),""""))",,,,,,,,,,,,,,,
,"=IFERROR(TIMEVALUE(DaqBook_RAW_Data!Q186),IFERROR(TIMEVALUE(DaqBook_RAW_Data!#REF!),""""))",,,,,,,,,,,,,,,
,"=IFERROR(TIMEVALUE(DaqBook_RAW_Data!Q187),IFERROR(TIMEVALUE(DaqBook_RAW_Data!#REF!),""""))",,,,,,,,,,,,,,,
,"=IFERROR(TIMEVALUE(DaqBook_RAW_Data!Q188),IFERROR(TIMEVALUE(DaqBook_RAW_Data!#REF!),""""))",,,,,,,,,,,,,,,
,"=IFERROR(TIMEVALUE(DaqBook_RAW_Data!Q189),IFERROR(TIMEVALUE(DaqBook_RAW_Data!#REF!),""""))",,,,,,,,,,,,,,,
,"=IFERROR(TIMEVALUE(DaqBook_RAW_Data!Q190),IFERROR(TIMEVALUE(DaqBook_RAW_Data!#REF!),""""))",,,,,,,,,,,,,,,
,"=IFERROR(TIMEVALUE(DaqBook_RAW_Data!Q191),IFERROR(TIMEVALUE(DaqBook_RAW_Data!#REF!),""""))",,,,,,,,,,,,,,,
,"=IFERROR(TIMEVALUE(DaqBook_RAW_Data!Q192),IFERROR(TIMEVALUE(DaqBook_RAW_Data!#REF!),""""))",,,,,,,,,,,,,,,
,"=IFERROR(TIMEVALUE(DaqBook_RAW_Data!Q193),IFERROR(TIMEVALUE(DaqBook_RAW_Data!#REF!),""""))",,,,,,,,,,,,,,,
,"=IFERROR(TIMEVALUE(DaqBook_RAW_Data!Q194),IFERROR(TIMEVALUE(DaqBook_RAW_Data!#REF!),""""))",,,,,,,,,,,,,,,
,"=IFERROR(TIMEVALUE(DaqBook_RAW_Data!Q195),IFERROR(TIMEVALUE(DaqBook_RAW_Data!#REF!),""""))",,,,,,,,,,,,,,,
,"=IFERROR(TIMEVALUE(DaqBook_RAW_Data!Q196),IFERROR(TIMEVALUE(DaqBook_RAW_Data!#REF!),""""))",,,,,,,,,,,,,,,
,"=IFERROR(TIMEVALUE(DaqBook_RAW_Data!Q197),IFERROR(TIMEVALUE(DaqBook_RAW_Data!#REF!),""""))",,,,,,,,,,,,,,,
,"=IFERROR(TIMEVALUE(DaqBook_RAW_Data!Q198),IFERROR(TIMEVALUE(DaqBook_RAW_Data!#REF!),""""))",,,,,,,,,,,,,,,
,"=IFERROR(TIMEVALUE(DaqBook_RAW_Data!Q199),IFERROR(TIMEVALUE(DaqBook_RAW_Data!#REF!),""""))",,,,,,,,,,,,,,,
,"=IFERROR(TIMEVALUE(DaqBook_RAW_Data!Q200),IFERROR(TIMEVALUE(DaqBook_RAW_Data!#REF!),""""))",,,,,,,,,,,,,,,
,"=IFERROR(TIMEVALUE(DaqBook_RAW_Data!Q201),IFERROR(TIMEVALUE(DaqBook_RAW_Data!#REF!),""""))",,,,,,,,,,,,,,,
,"=IFERROR(TIMEVALUE(DaqBook_RAW_Data!Q202),IFERROR(TIMEVALUE(DaqBook_RAW_Data!#REF!),""""))",,,,,,,,,,,,,,,
,"=IFERROR(TIMEVALUE(DaqBook_RAW_Data!Q203),IFERROR(TIMEVALUE(DaqBook_RAW_Data!#REF!),""""))",,,,,,,,,,,,,,,
,"=IFERROR(TIMEVALUE(DaqBook_RAW_Data!Q204),IFERROR(TIMEVALUE(DaqBook_RAW_Data!#REF!),""""))",,,,,,,,,,,,,,,
,"=IFERROR(TIMEVALUE(DaqBook_RAW_Data!Q205),IFERROR(TIMEVALUE(DaqBook_RAW_Data!#REF!),""""))",,,,,,,,,,,,,,,
,"=IFERROR(TIMEVALUE(DaqBook_RAW_Data!Q206),IFERROR(TIMEVALUE(DaqBook_RAW_Data!#REF!),""""))",,,,,,,,,,,,,,,
,"=IFERROR(TIMEVALUE(DaqBook_RAW_Data!Q207),IFERROR(TIMEVALUE(DaqBook_RAW_Data!#REF!),""""))",,,,,,,,,,,,,,,
,"=IFERROR(TIMEVALUE(DaqBook_RAW_Data!Q208),IFERROR(TIMEVALUE(DaqBook_RAW_Data!#REF!),""""))",,,,,,,,,,,,,,,
,"=IFERROR(TIMEVALUE(DaqBook_RAW_Data!Q209),IFERROR(TIMEVALUE(DaqBook_RAW_Data!#REF!),""""))",,,,,,,,,,,,,,,
,"=IFERROR(TIMEVALUE(DaqBook_RAW_Data!Q210),IFERROR(TIMEVALUE(DaqBook_RAW_Data!#REF!),""""))",,,,,,,,,,,,,,,
,"=IFERROR(TIMEVALUE(DaqBook_RAW_Data!Q211),IFERROR(TIMEVALUE(DaqBook_RAW_Data!#REF!),""""))",,,,,,,,,,,,,,,
,"=IFERROR(TIMEVALUE(DaqBook_RAW_Data!Q212),IFERROR(TIMEVALUE(DaqBook_RAW_Data!#REF!),""""))",,,,,,,,,,,,,,,
,"=IFERROR(TIMEVALUE(DaqBook_RAW_Data!Q213),IFERROR(TIMEVALUE(DaqBook_RAW_Data!#REF!),""""))",,,,,,,,,,,,,,,
,"=IFERROR(TIMEVALUE(DaqBook_RAW_Data!Q214),IFERROR(TIMEVALUE(DaqBook_RAW_Data!#REF!),""""))",,,,,,,,,,,,,,,
,"=IFERROR(TIMEVALUE(DaqBook_RAW_Data!Q215),IFERROR(TIMEVALUE(DaqBook_RAW_Data!#REF!),""""))",,,,,,,,,,,,,,,
,"=IFERROR(TIMEVALUE(DaqBook_RAW_Data!Q216),IFERROR(TIMEVALUE(DaqBook_RAW_Data!#REF!),""""))",,,,,,,,,,,,,,,
,"=IFERROR(TIMEVALUE(DaqBook_RAW_Data!Q217),IFERROR(TIMEVALUE(DaqBook_RAW_Data!#REF!),""""))",,,,,,,,,,,,,,,
,"=IFERROR(TIMEVALUE(DaqBook_RAW_Data!Q218),IFERROR(TIMEVALUE(DaqBook_RAW_Data!#REF!),""""))",,,,,,,,,,,,,,,
,"=IFERROR(TIMEVALUE(DaqBook_RAW_Data!Q219),IFERROR(TIMEVALUE(DaqBook_RAW_Data!#REF!),""""))",,,,,,,,,,,,,,,
,"=IFERROR(TIMEVALUE(DaqBook_RAW_Data!Q220),IFERROR(TIMEVALUE(DaqBook_RAW_Data!#REF!),""""))",,,,,,,,,,,,,,,
,"=IFERROR(TIMEVALUE(DaqBook_RAW_Data!Q221),IFERROR(TIMEVALUE(DaqBook_RAW_Data!#REF!),""""))",,,,,,,,,,,,,,,
,"=IFERROR(TIMEVALUE(DaqBook_RAW_Data!Q222),IFERROR(TIMEVALUE(DaqBook_RAW_Data!#REF!),""""))",,,,,,,,,,,,,,,
,"=IFERROR(TIMEVALUE(DaqBook_RAW_Data!Q223),IFERROR(TIMEVALUE(DaqBook_RAW_Data!#REF!),""""))",,,,,,,,,,,,,,,
,"=IFERROR(TIMEVALUE(DaqBook_RAW_Data!Q224),IFERROR(TIMEVALUE(DaqBook_RAW_Data!#REF!),""""))",,,,,,,,,,,,,,,
,"=IFERROR(TIMEVALUE(DaqBook_RAW_Data!Q225),IFERROR(TIMEVALUE(DaqBook_RAW_Data!#REF!),""""))",,,,,,,,,,,,,,,
,"=IFERROR(TIMEVALUE(DaqBook_RAW_Data!Q226),IFERROR(TIMEVALUE(DaqBook_RAW_Data!#REF!),""""))",,,,,,,,,,,,,,,
,"=IFERROR(TIMEVALUE(DaqBook_RAW_Data!Q227),IFERROR(TIMEVALUE(DaqBook_RAW_Data!#REF!),""""))",,,,,,,,,,,,,,,
,"=IFERROR(TIMEVALUE(DaqBook_RAW_Data!Q228),IFERROR(TIMEVALUE(DaqBook_RAW_Data!#REF!),""""))",,,,,,,,,,,,,,,
,"=IFERROR(TIMEVALUE(DaqBook_RAW_Data!Q229),IFERROR(TIMEVALUE(DaqBook_RAW_Data!#REF!),""""))",,,,,,,,,,,,,,,
,"=IFERROR(TIMEVALUE(DaqBook_RAW_Data!Q230),IFERROR(TIMEVALUE(DaqBook_RAW_Data!#REF!),""""))",,,,,,,,,,,,,,,
,"=IFERROR(TIMEVALUE(DaqBook_RAW_Data!Q231),IFERROR(TIMEVALUE(DaqBook_RAW_Data!#REF!),""""))",,,,,,,,,,,,,,,
,"=IFERROR(TIMEVALUE(DaqBook_RAW_Data!Q232),IFERROR(TIMEVALUE(DaqBook_RAW_Data!#REF!),""""))",,,,,,,,,,,,,,,
,"=IFERROR(TIMEVALUE(DaqBook_RAW_Data!Q233),IFERROR(TIMEVALUE(DaqBook_RAW_Data!#REF!),""""))",,,,,,,,,,,,,,,
,"=IFERROR(TIMEVALUE(DaqBook_RAW_Data!Q234),IFERROR(TIMEVALUE(DaqBook_RAW_Data!#REF!),""""))",,,,,,,,,,,,,,,
,"=IFERROR(TIMEVALUE(DaqBook_RAW_Data!Q235),IFERROR(TIMEVALUE(DaqBook_RAW_Data!#REF!),""""))",,,,,,,,,,,,,,,
,"=IFERROR(TIMEVALUE(DaqBook_RAW_Data!Q236),IFERROR(TIMEVALUE(DaqBook_RAW_Data!#REF!),""""))",,,,,,,,,,,,,,,
,"=IFERROR(TIMEVALUE(DaqBook_RAW_Data!Q237),IFERROR(TIMEVALUE(DaqBook_RAW_Data!#REF!),""""))",,,,,,,,,,,,,,,
,"=IFERROR(TIMEVALUE(DaqBook_RAW_Data!Q238),IFERROR(TIMEVALUE(DaqBook_RAW_Data!#REF!),""""))",,,,,,,,,,,,,,,
,"=IFERROR(TIMEVALUE(DaqBook_RAW_Data!Q239),IFERROR(TIMEVALUE(DaqBook_RAW_Data!#REF!),""""))",,,,,,,,,,,,,,,
,"=IFERROR(TIMEVALUE(DaqBook_RAW_Data!Q240),IFERROR(TIMEVALUE(DaqBook_RAW_Data!#REF!),""""))",,,,,,,,,,,,,,,
,"=IFERROR(TIMEVALUE(DaqBook_RAW_Data!Q241),IFERROR(TIMEVALUE(DaqBook_RAW_Data!#REF!),""""))",,,,,,,,,,,,,,,
,"=IFERROR(TIMEVALUE(DaqBook_RAW_Data!Q242),IFERROR(TIMEVALUE(DaqBook_RAW_Data!#REF!),""""))",,,,,,,,,,,,,,,
,"=IFERROR(TIMEVALUE(DaqBook_RAW_Data!Q243),IFERROR(TIMEVALUE(DaqBook_RAW_Data!#REF!),""""))",,,,,,,,,,,,,,,
,"=IFERROR(TIMEVALUE(DaqBook_RAW_Data!Q244),IFERROR(TIMEVALUE(DaqBook_RAW_Data!#REF!),""""))",,,,,,,,,,,,,,,
,"=IFERROR(TIMEVALUE(DaqBook_RAW_Data!Q245),IFERROR(TIMEVALUE(DaqBook_RAW_Data!#REF!),""""))",,,,,,,,,,,,,,,
,"=IFERROR(TIMEVALUE(DaqBook_RAW_Data!Q246),IFERROR(TIMEVALUE(DaqBook_RAW_Data!#REF!),""""))",,,,,,,,,,,,,,,
,"=IFERROR(TIMEVALUE(DaqBook_RAW_Data!Q247),IFERROR(TIMEVALUE(DaqBook_RAW_Data!#REF!),""""))",,,,,,,,,,,,,,,
,"=IFERROR(TIMEVALUE(DaqBook_RAW_Data!Q248),IFERROR(TIMEVALUE(DaqBook_RAW_Data!#REF!),""""))",,,,,,,,,,,,,,,
,"=IFERROR(TIMEVALUE(DaqBook_RAW_Data!Q249),IFERROR(TIMEVALUE(DaqBook_RAW_Data!#REF!),""""))",,,,,,,,,,,,,,,
,"=IFERROR(TIMEVALUE(DaqBook_RAW_Data!Q250),IFERROR(TIMEVALUE(DaqBook_RAW_Data!#REF!),""""))",,,,,,,,,,,,,,,
,"=IFERROR(TIMEVALUE(DaqBook_RAW_Data!Q251),IFERROR(TIMEVALUE(DaqBook_RAW_Data!#REF!),""""))",,,,,,,,,,,,,,,
,"=IFERROR(TIMEVALUE(DaqBook_RAW_Data!Q252),IFERROR(TIMEVALUE(DaqBook_RAW_Data!#REF!),""""))",,,,,,,,,,,,,,,
,"=IFERROR(TIMEVALUE(DaqBook_RAW_Data!Q253),IFERROR(TIMEVALUE(DaqBook_RAW_Data!#REF!),""""))",,,,,,,,,,,,,,,
,"=IFERROR(TIMEVALUE(DaqBook_RAW_Data!Q254),IFERROR(TIMEVALUE(DaqBook_RAW_Data!#REF!),""""))",,,,,,,,,,,,,,,
,"=IFERROR(TIMEVALUE(DaqBook_RAW_Data!Q255),IFERROR(TIMEVALUE(DaqBook_RAW_Data!#REF!),""""))",,,,,,,,,,,,,,,
,"=IFERROR(TIMEVALUE(DaqBook_RAW_Data!Q256),IFERROR(TIMEVALUE(DaqBook_RAW_Data!#REF!),""""))",,,,,,,,,,,,,,,
,"=IFERROR(TIMEVALUE(DaqBook_RAW_Data!Q257),IFERROR(TIMEVALUE(DaqBook_RAW_Data!#REF!),""""))",,,,,,,,,,,,,,,
,"=IFERROR(TIMEVALUE(DaqBook_RAW_Data!Q258),IFERROR(TIMEVALUE(DaqBook_RAW_Data!#REF!),""""))",,,,,,,,,,,,,,,
,"=IFERROR(TIMEVALUE(DaqBook_RAW_Data!Q259),IFERROR(TIMEVALUE(DaqBook_RAW_Data!#REF!),""""))",,,,,,,,,,,,,,,
,"=IFERROR(TIMEVALUE(DaqBook_RAW_Data!Q260),IFERROR(TIMEVALUE(DaqBook_RAW_Data!#REF!),""""))",,,,,,,,,,,,,,,
,"=IFERROR(TIMEVALUE(DaqBook_RAW_Data!Q261),IFERROR(TIMEVALUE(DaqBook_RAW_Data!#REF!),""""))",,,,,,,,,,,,,,,
,"=IFERROR(TIMEVALUE(DaqBook_RAW_Data!Q262),IFERROR(TIMEVALUE(DaqBook_RAW_Data!#REF!),""""))",,,,,,,,,,,,,,,
,"=IFERROR(TIMEVALUE(DaqBook_RAW_Data!Q263),IFERROR(TIMEVALUE(DaqBook_RAW_Data!#REF!),""""))",,,,,,,,,,,,,,,
,"=IFERROR(TIMEVALUE(DaqBook_RAW_Data!Q264),IFERROR(TIMEVALUE(DaqBook_RAW_Data!#REF!),""""))",,,,,,,,,,,,,,,
,"=IFERROR(TIMEVALUE(DaqBook_RAW_Data!Q265),IFERROR(TIMEVALUE(DaqBook_RAW_Data!#REF!),""""))",,,,,,,,,,,,,,,
,"=IFERROR(TIMEVALUE(DaqBook_RAW_Data!Q266),IFERROR(TIMEVALUE(DaqBook_RAW_Data!#REF!),""""))",,,,,,,,,,,,,,,
,"=IFERROR(TIMEVALUE(DaqBook_RAW_Data!Q267),IFERROR(TIMEVALUE(DaqBook_RAW_Data!#REF!),""""))",,,,,,,,,,,,,,,
,"=IFERROR(TIMEVALUE(DaqBook_RAW_Data!Q268),IFERROR(TIMEVALUE(DaqBook_RAW_Data!#REF!),""""))",,,,,,,,,,,,,,,
,"=IFERROR(TIMEVALUE(DaqBook_RAW_Data!Q269),IFERROR(TIMEVALUE(DaqBook_RAW_Data!#REF!),""""))",,,,,,,,,,,,,,,
,"=IFERROR(TIMEVALUE(DaqBook_RAW_Data!Q270),IFERROR(TIMEVALUE(DaqBook_RAW_Data!#REF!),""""))",,,,,,,,,,,,,,,
,"=IFERROR(TIMEVALUE(DaqBook_RAW_Data!Q271),IFERROR(TIMEVALUE(DaqBook_RAW_Data!#REF!),""""))",,,,,,,,,,,,,,,
,"=IFERROR(TIMEVALUE(DaqBook_RAW_Data!Q272),IFERROR(TIMEVALUE(DaqBook_RAW_Data!#REF!),""""))",,,,,,,,,,,,,,,
,"=IFERROR(TIMEVALUE(DaqBook_RAW_Data!Q273),IFERROR(TIMEVALUE(DaqBook_RAW_Data!#REF!),""""))",,,,,,,,,,,,,,,
,"=IFERROR(TIMEVALUE(DaqBook_RAW_Data!Q274),IFERROR(TIMEVALUE(DaqBook_RAW_Data!#REF!),""""))",,,,,,,,,,,,,,,
,"=IFERROR(TIMEVALUE(DaqBook_RAW_Data!Q275),IFERROR(TIMEVALUE(DaqBook_RAW_Data!#REF!),""""))",,,,,,,,,,,,,,,
,"=IFERROR(TIMEVALUE(DaqBook_RAW_Data!Q276),IFERROR(TIMEVALUE(DaqBook_RAW_Data!#REF!),""""))",,,,,,,,,,,,,,,
,"=IFERROR(TIMEVALUE(DaqBook_RAW_Data!Q277),IFERROR(TIMEVALUE(DaqBook_RAW_Data!#REF!),""""))",,,,,,,,,,,,,,,
,"=IFERROR(TIMEVALUE(DaqBook_RAW_Data!Q278),IFERROR(TIMEVALUE(DaqBook_RAW_Data!#REF!),""""))",,,,,,,,,,,,,,,
,"=IFERROR(TIMEVALUE(DaqBook_RAW_Data!Q279),IFERROR(TIMEVALUE(DaqBook_RAW_Data!#REF!),""""))",,,,,,,,,,,,,,,
,"=IFERROR(TIMEVALUE(DaqBook_RAW_Data!Q280),IFERROR(TIMEVALUE(DaqBook_RAW_Data!#REF!),""""))",,,,,,,,,,,,,,,
,"=IFERROR(TIMEVALUE(DaqBook_RAW_Data!Q281),IFERROR(TIMEVALUE(DaqBook_RAW_Data!#REF!),""""))",,,,,,,,,,,,,,,
,"=IFERROR(TIMEVALUE(DaqBook_RAW_Data!Q282),IFERROR(TIMEVALUE(DaqBook_RAW_Data!#REF!),""""))",,,,,,,,,,,,,,,
,"=IFERROR(TIMEVALUE(DaqBook_RAW_Data!Q283),IFERROR(TIMEVALUE(DaqBook_RAW_Data!#REF!),""""))",,,,,,,,,,,,,,,
,"=IFERROR(TIMEVALUE(DaqBook_RAW_Data!Q284),IFERROR(TIMEVALUE(DaqBook_RAW_Data!#REF!),""""))",,,,,,,,,,,,,,,
,"=IFERROR(TIMEVALUE(DaqBook_RAW_Data!Q285),IFERROR(TIMEVALUE(DaqBook_RAW_Data!#REF!),""""))",,,,,,,,,,,,,,,
,"=IFERROR(TIMEVALUE(DaqBook_RAW_Data!Q286),IFERROR(TIMEVALUE(DaqBook_RAW_Data!#REF!),""""))",,,,,,,,,,,,,,,
,"=IFERROR(TIMEVALUE(DaqBook_RAW_Data!Q287),IFERROR(TIMEVALUE(DaqBook_RAW_Data!#REF!),""""))",,,,,,,,,,,,,,,
,"=IFERROR(TIMEVALUE(DaqBook_RAW_Data!Q288),IFERROR(TIMEVALUE(DaqBook_RAW_Data!#REF!),""""))",,,,,,,,,,,,,,,
,"=IFERROR(TIMEVALUE(DaqBook_RAW_Data!Q289),IFERROR(TIMEVALUE(DaqBook_RAW_Data!#REF!),""""))",,,,,,,,,,,,,,,
,"=IFERROR(TIMEVALUE(DaqBook_RAW_Data!Q290),IFERROR(TIMEVALUE(DaqBook_RAW_Data!#REF!),""""))",,,,,,,,,,,,,,,
,"=IFERROR(TIMEVALUE(DaqBook_RAW_Data!Q291),IFERROR(TIMEVALUE(DaqBook_RAW_Data!#REF!),""""))",,,,,,,,,,,,,,,
,"=IFERROR(TIMEVALUE(DaqBook_RAW_Data!Q292),IFERROR(TIMEVALUE(DaqBook_RAW_Data!#REF!),""""))",,,,,,,,,,,,,,,
,"=IFERROR(TIMEVALUE(DaqBook_RAW_Data!Q293),IFERROR(TIMEVALUE(DaqBook_RAW_Data!#REF!),""""))",,,,,,,,,,,,,,,
,"=IFERROR(TIMEVALUE(DaqBook_RAW_Data!Q294),IFERROR(TIMEVALUE(DaqBook_RAW_Data!#REF!),""""))",,,,,,,,,,,,,,,
,"=IFERROR(TIMEVALUE(DaqBook_RAW_Data!Q295),IFERROR(TIMEVALUE(DaqBook_RAW_Data!#REF!),""""))",,,,,,,,,,,,,,,
,"=IFERROR(TIMEVALUE(DaqBook_RAW_Data!Q296),IFERROR(TIMEVALUE(DaqBook_RAW_Data!#REF!),""""))",,,,,,,,,,,,,,,
,"=IFERROR(TIMEVALUE(DaqBook_RAW_Data!Q297),IFERROR(TIMEVALUE(DaqBook_RAW_Data!#REF!),""""))",,,,,,,,,,,,,,,
,"=IFERROR(TIMEVALUE(DaqBook_RAW_Data!Q298),IFERROR(TIMEVALUE(DaqBook_RAW_Data!#REF!),""""))",,,,,,,,,,,,,,,
,"=IFERROR(TIMEVALUE(DaqBook_RAW_Data!Q299),IFERROR(TIMEVALUE(DaqBook_RAW_Data!#REF!),""""))",,,,,,,,,,,,,,,
,"=IFERROR(TIMEVALUE(DaqBook_RAW_Data!Q300),IFERROR(TIMEVALUE(DaqBook_RAW_Data!#REF!),""""))",,,,,,,,,,,,,,,
,"=IFERROR(TIMEVALUE(DaqBook_RAW_Data!Q301),IFERROR(TIMEVALUE(DaqBook_RAW_Data!#REF!),""""))",,,,,,,,,,,,,,,
,"=IFERROR(TIMEVALUE(DaqBook_RAW_Data!Q302),IFERROR(TIMEVALUE(DaqBook_RAW_Data!#REF!),""""))",,,,,,,,,,,,,,,
,"=IFERROR(TIMEVALUE(DaqBook_RAW_Data!Q303),IFERROR(TIMEVALUE(DaqBook_RAW_Data!#REF!),""""))",,,,,,,,,,,,,,,
,"=IFERROR(TIMEVALUE(DaqBook_RAW_Data!Q304),IFERROR(TIMEVALUE(DaqBook_RAW_Data!#REF!),""""))",,,,,,,,,,,,,,,
,"=IFERROR(TIMEVALUE(DaqBook_RAW_Data!Q305),IFERROR(TIMEVALUE(DaqBook_RAW_Data!#REF!),""""))",,,,,,,,,,,,,,,
,"=IFERROR(TIMEVALUE(DaqBook_RAW_Data!Q306),IFERROR(TIMEVALUE(DaqBook_RAW_Data!#REF!),""""))",,,,,,,,,,,,,,,
,"=IFERROR(TIMEVALUE(DaqBook_RAW_Data!Q307),IFERROR(TIMEVALUE(DaqBook_RAW_Data!#REF!),""""))",,,,,,,,,,,,,,,
,"=IFERROR(TIMEVALUE(DaqBook_RAW_Data!Q308),IFERROR(TIMEVALUE(DaqBook_RAW_Data!#REF!),""""))",,,,,,,,,,,,,,,
,"=IFERROR(TIMEVALUE(DaqBook_RAW_Data!Q309),IFERROR(TIMEVALUE(DaqBook_RAW_Data!#REF!),""""))",,,,,,,,,,,,,,,
,"=IFERROR(TIMEVALUE(DaqBook_RAW_Data!Q310),IFERROR(TIMEVALUE(DaqBook_RAW_Data!#REF!),""""))",,,,,,,,,,,,,,,
,"=IFERROR(TIMEVALUE(DaqBook_RAW_Data!Q311),IFERROR(TIMEVALUE(DaqBook_RAW_Data!#REF!),""""))",,,,,,,,,,,,,,,
,"=IFERROR(TIMEVALUE(DaqBook_RAW_Data!Q312),IFERROR(TIMEVALUE(DaqBook_RAW_Data!#REF!),""""))",,,,,,,,,,,,,,,
,"=IFERROR(TIMEVALUE(DaqBook_RAW_Data!Q313),IFERROR(TIMEVALUE(DaqBook_RAW_Data!#REF!),""""))",,,,,,,,,,,,,,,
,"=IFERROR(TIMEVALUE(DaqBook_RAW_Data!Q314),IFERROR(TIMEVALUE(DaqBook_RAW_Data!#REF!),""""))",,,,,,,,,,,,,,,
,"=IFERROR(TIMEVALUE(DaqBook_RAW_Data!Q315),IFERROR(TIMEVALUE(DaqBook_RAW_Data!#REF!),""""))",,,,,,,,,,,,,,,
,"=IFERROR(TIMEVALUE(DaqBook_RAW_Data!Q316),IFERROR(TIMEVALUE(DaqBook_RAW_Data!#REF!),""""))",,,,,,,,,,,,,,,
,"=IFERROR(TIMEVALUE(DaqBook_RAW_Data!Q317),IFERROR(TIMEVALUE(DaqBook_RAW_Data!#REF!),""""))",,,,,,,,,,,,,,,
,"=IFERROR(TIMEVALUE(DaqBook_RAW_Data!Q318),IFERROR(TIMEVALUE(DaqBook_RAW_Data!#REF!),""""))",,,,,,,,,,,,,,,
,"=IFERROR(TIMEVALUE(DaqBook_RAW_Data!Q319),IFERROR(TIMEVALUE(DaqBook_RAW_Data!#REF!),""""))",,,,,,,,,,,,,,,
,"=IFERROR(TIMEVALUE(DaqBook_RAW_Data!Q320),IFERROR(TIMEVALUE(DaqBook_RAW_Data!#REF!),""""))",,,,,,,,,,,,,,,
,"=IFERROR(TIMEVALUE(DaqBook_RAW_Data!Q321),IFERROR(TIMEVALUE(DaqBook_RAW_Data!#REF!),""""))",,,,,,,,,,,,,,,
,"=IFERROR(TIMEVALUE(DaqBook_RAW_Data!Q322),IFERROR(TIMEVALUE(DaqBook_RAW_Data!#REF!),""""))",,,,,,,,,,,,,,,
,"=IFERROR(TIMEVALUE(DaqBook_RAW_Data!Q323),IFERROR(TIMEVALUE(DaqBook_RAW_Data!#REF!),""""))",,,,,,,,,,,,,,,
,"=IFERROR(TIMEVALUE(DaqBook_RAW_Data!Q324),IFERROR(TIMEVALUE(DaqBook_RAW_Data!#REF!),""""))",,,,,,,,,,,,,,,
,"=IFERROR(TIMEVALUE(DaqBook_RAW_Data!Q325),IFERROR(TIMEVALUE(DaqBook_RAW_Data!#REF!),""""))",,,,,,,,,,,,,,,
,"=IFERROR(TIMEVALUE(DaqBook_RAW_Data!Q326),IFERROR(TIMEVALUE(DaqBook_RAW_Data!#REF!),""""))",,,,,,,,,,,,,,,
,"=IFERROR(TIMEVALUE(DaqBook_RAW_Data!Q327),IFERROR(TIMEVALUE(DaqBook_RAW_Data!#REF!),""""))",,,,,,,,,,,,,,,
,"=IFERROR(TIMEVALUE(DaqBook_RAW_Data!Q328),IFERROR(TIMEVALUE(DaqBook_RAW_Data!#REF!),""""))",,,,,,,,,,,,,,,
,"=IFERROR(TIMEVALUE(DaqBook_RAW_Data!Q329),IFERROR(TIMEVALUE(DaqBook_RAW_Data!#REF!),""""))",,,,,,,,,,,,,,,
,"=IFERROR(TIMEVALUE(DaqBook_RAW_Data!Q330),IFERROR(TIMEVALUE(DaqBook_RAW_Data!#REF!),""""))",,,,,,,,,,,,,,,
,"=IFERROR(TIMEVALUE(DaqBook_RAW_Data!Q331),IFERROR(TIMEVALUE(DaqBook_RAW_Data!#REF!),""""))",,,,,,,,,,,,,,,
,"=IFERROR(TIMEVALUE(DaqBook_RAW_Data!Q332),IFERROR(TIMEVALUE(DaqBook_RAW_Data!#REF!),""""))",,,,,,,,,,,,,,,
,"=IFERROR(TIMEVALUE(DaqBook_RAW_Data!Q333),IFERROR(TIMEVALUE(DaqBook_RAW_Data!#REF!),""""))",,,,,,,,,,,,,,,
,"=IFERROR(TIMEVALUE(DaqBook_RAW_Data!Q334),IFERROR(TIMEVALUE(DaqBook_RAW_Data!#REF!),""""))",,,,,,,,,,,,,,,
,"=IFERROR(TIMEVALUE(DaqBook_RAW_Data!Q335),IFERROR(TIMEVALUE(DaqBook_RAW_Data!#REF!),""""))",,,,,,,,,,,,,,,
,"=IFERROR(TIMEVALUE(DaqBook_RAW_Data!Q336),IFERROR(TIMEVALUE(DaqBook_RAW_Data!#REF!),""""))",,,,,,,,,,,,,,,
,"=IFERROR(TIMEVALUE(DaqBook_RAW_Data!Q337),IFERROR(TIMEVALUE(DaqBook_RAW_Data!#REF!),""""))",,,,,,,,,,,,,,,
,"=IFERROR(TIMEVALUE(DaqBook_RAW_Data!Q338),IFERROR(TIMEVALUE(DaqBook_RAW_Data!#REF!),""""))",,,,,,,,,,,,,,,
,"=IFERROR(TIMEVALUE(DaqBook_RAW_Data!Q339),IFERROR(TIMEVALUE(DaqBook_RAW_Data!#REF!),""""))",,,,,,,,,,,,,,,
,"=IFERROR(TIMEVALUE(DaqBook_RAW_Data!Q340),IFERROR(TIMEVALUE(DaqBook_RAW_Data!#REF!),""""))",,,,,,,,,,,,,,,
,"=IFERROR(TIMEVALUE(DaqBook_RAW_Data!Q341),IFERROR(TIMEVALUE(DaqBook_RAW_Data!#REF!),""""))",,,,,,,,,,,,,,,
,"=IFERROR(TIMEVALUE(DaqBook_RAW_Data!Q342),IFERROR(TIMEVALUE(DaqBook_RAW_Data!#REF!),""""))",,,,,,,,,,,,,,,
,"=IFERROR(TIMEVALUE(DaqBook_RAW_Data!Q343),IFERROR(TIMEVALUE(DaqBook_RAW_Data!#REF!),""""))",,,,,,,,,,,,,,,
,"=IFERROR(TIMEVALUE(DaqBook_RAW_Data!Q344),IFERROR(TIMEVALUE(DaqBook_RAW_Data!#REF!),""""))",,,,,,,,,,,,,,,
,"=IFERROR(TIMEVALUE(DaqBook_RAW_Data!Q345),IFERROR(TIMEVALUE(DaqBook_RAW_Data!#REF!),""""))",,,,,,,,,,,,,,,
,"=IFERROR(TIMEVALUE(DaqBook_RAW_Data!Q346),IFERROR(TIMEVALUE(DaqBook_RAW_Data!#REF!),""""))",,,,,,,,,,,,,,,
,"=IFERROR(TIMEVALUE(DaqBook_RAW_Data!Q347),IFERROR(TIMEVALUE(DaqBook_RAW_Data!#REF!),""""))",,,,,,,,,,,,,,,
,"=IFERROR(TIMEVALUE(DaqBook_RAW_Data!Q348),IFERROR(TIMEVALUE(DaqBook_RAW_Data!#REF!),""""))",,,,,,,,,,,,,,,
,"=IFERROR(TIMEVALUE(DaqBook_RAW_Data!Q349),IFERROR(TIMEVALUE(DaqBook_RAW_Data!#REF!),""""))",,,,,,,,,,,,,,,
,"=IFERROR(TIMEVALUE(DaqBook_RAW_Data!Q350),IFERROR(TIMEVALUE(DaqBook_RAW_Data!#REF!),""""))",,,,,,,,,,,,,,,
,"=IFERROR(TIMEVALUE(DaqBook_RAW_Data!Q351),IFERROR(TIMEVALUE(DaqBook_RAW_Data!#REF!),""""))",,,,,,,,,,,,,,,
,"=IFERROR(TIMEVALUE(DaqBook_RAW_Data!Q352),IFERROR(TIMEVALUE(DaqBook_RAW_Data!#REF!),""""))",,,,,,,,,,,,,,,
,"=IFERROR(TIMEVALUE(DaqBook_RAW_Data!Q353),IFERROR(TIMEVALUE(DaqBook_RAW_Data!#REF!),""""))",,,,,,,,,,,,,,,
,"=IFERROR(TIMEVALUE(DaqBook_RAW_Data!Q354),IFERROR(TIMEVALUE(DaqBook_RAW_Data!#REF!),""""))",,,,,,,,,,,,,,,
,"=IFERROR(TIMEVALUE(DaqBook_RAW_Data!Q355),IFERROR(TIMEVALUE(DaqBook_RAW_Data!#REF!),""""))",,,,,,,,,,,,,,,
,"=IFERROR(TIMEVALUE(DaqBook_RAW_Data!Q356),IFERROR(TIMEVALUE(DaqBook_RAW_Data!#REF!),""""))",,,,,,,,,,,,,,,
,"=IFERROR(TIMEVALUE(DaqBook_RAW_Data!Q357),IFERROR(TIMEVALUE(DaqBook_RAW_Data!#REF!),""""))",,,,,,,,,,,,,,,
,"=IFERROR(TIMEVALUE(DaqBook_RAW_Data!Q358),IFERROR(TIMEVALUE(DaqBook_RAW_Data!#REF!),""""))",,,,,,,,,,,,,,,
,"=IFERROR(TIMEVALUE(DaqBook_RAW_Data!Q359),IFERROR(TIMEVALUE(DaqBook_RAW_Data!#REF!),""""))",,,,,,,,,,,,,,,
,"=IFERROR(TIMEVALUE(DaqBook_RAW_Data!Q360),IFERROR(TIMEVALUE(DaqBook_RAW_Data!#REF!),""""))",,,,,,,,,,,,,,,
,"=IFERROR(TIMEVALUE(DaqBook_RAW_Data!Q361),IFERROR(TIMEVALUE(DaqBook_RAW_Data!#REF!),""""))",,,,,,,,,,,,,,,
,"=IFERROR(TIMEVALUE(DaqBook_RAW_Data!Q362),IFERROR(TIMEVALUE(DaqBook_RAW_Data!#REF!),""""))",,,,,,,,,,,,,,,
,"=IFERROR(TIMEVALUE(DaqBook_RAW_Data!Q363),IFERROR(TIMEVALUE(DaqBook_RAW_Data!#REF!),""""))",,,,,,,,,,,,,,,
,"=IFERROR(TIMEVALUE(DaqBook_RAW_Data!Q364),IFERROR(TIMEVALUE(DaqBook_RAW_Data!#REF!),""""))",,,,,,,,,,,,,,,
,"=IFERROR(TIMEVALUE(DaqBook_RAW_Data!Q365),IFERROR(TIMEVALUE(DaqBook_RAW_Data!#REF!),""""))",,,,,,,,,,,,,,,
,"=IFERROR(TIMEVALUE(DaqBook_RAW_Data!Q366),IFERROR(TIMEVALUE(DaqBook_RAW_Data!#REF!),""""))",,,,,,,,,,,,,,,
,"=IFERROR(TIMEVALUE(DaqBook_RAW_Data!Q367),IFERROR(TIMEVALUE(DaqBook_RAW_Data!#REF!),""""))",,,,,,,,,,,,,,,
,"=IFERROR(TIMEVALUE(DaqBook_RAW_Data!Q368),IFERROR(TIMEVALUE(DaqBook_RAW_Data!#REF!),""""))",,,,,,,,,,,,,,,
,"=IFERROR(TIMEVALUE(DaqBook_RAW_Data!Q369),IFERROR(TIMEVALUE(DaqBook_RAW_Data!#REF!),""""))",,,,,,,,,,,,,,,
,"=IFERROR(TIMEVALUE(DaqBook_RAW_Data!Q370),IFERROR(TIMEVALUE(DaqBook_RAW_Data!#REF!),""""))",,,,,,,,,,,,,,,
,"=IFERROR(TIMEVALUE(DaqBook_RAW_Data!Q371),IFERROR(TIMEVALUE(DaqBook_RAW_Data!#REF!),""""))",,,,,,,,,,,,,,,
,"=IFERROR(TIMEVALUE(DaqBook_RAW_Data!Q372),IFERROR(TIMEVALUE(DaqBook_RAW_Data!#REF!),""""))",,,,,,,,,,,,,,,
,"=IFERROR(TIMEVALUE(DaqBook_RAW_Data!Q373),IFERROR(TIMEVALUE(DaqBook_RAW_Data!#REF!),""""))",,,,,,,,,,,,,,,
,"=IFERROR(TIMEVALUE(DaqBook_RAW_Data!Q374),IFERROR(TIMEVALUE(DaqBook_RAW_Data!#REF!),""""))",,,,,,,,,,,,,,,
,"=IFERROR(TIMEVALUE(DaqBook_RAW_Data!Q375),IFERROR(TIMEVALUE(DaqBook_RAW_Data!#REF!),""""))",,,,,,,,,,,,,,,
,"=IFERROR(TIMEVALUE(DaqBook_RAW_Data!Q376),IFERROR(TIMEVALUE(DaqBook_RAW_Data!#REF!),""""))",,,,,,,,,,,,,,,
,"=IFERROR(TIMEVALUE(DaqBook_RAW_Data!Q377),IFERROR(TIMEVALUE(DaqBook_RAW_Data!#REF!),""""))",,,,,,,,,,,,,,,
,"=IFERROR(TIMEVALUE(DaqBook_RAW_Data!Q378),IFERROR(TIMEVALUE(DaqBook_RAW_Data!#REF!),""""))",,,,,,,,,,,,,,,
,"=IFERROR(TIMEVALUE(DaqBook_RAW_Data!Q379),IFERROR(TIMEVALUE(DaqBook_RAW_Data!#REF!),""""))",,,,,,,,,,,,,,,
,"=IFERROR(TIMEVALUE(DaqBook_RAW_Data!Q380),IFERROR(TIMEVALUE(DaqBook_RAW_Data!#REF!),""""))",,,,,,,,,,,,,,,
,"=IFERROR(TIMEVALUE(DaqBook_RAW_Data!Q381),IFERROR(TIMEVALUE(DaqBook_RAW_Data!#REF!),""""))",,,,,,,,,,,,,,,
,"=IFERROR(TIMEVALUE(DaqBook_RAW_Data!Q382),IFERROR(TIMEVALUE(DaqBook_RAW_Data!#REF!),""""))",,,,,,,,,,,,,,,
,"=IFERROR(TIMEVALUE(DaqBook_RAW_Data!Q383),IFERROR(TIMEVALUE(DaqBook_RAW_Data!#REF!),""""))",,,,,,,,,,,,,,,
,"=IFERROR(TIMEVALUE(DaqBook_RAW_Data!Q384),IFERROR(TIMEVALUE(DaqBook_RAW_Data!#REF!),""""))",,,,,,,,,,,,,,,
,"=IFERROR(TIMEVALUE(DaqBook_RAW_Data!Q385),IFERROR(TIMEVALUE(DaqBook_RAW_Data!#REF!),""""))",,,,,,,,,,,,,,,
,"=IFERROR(TIMEVALUE(DaqBook_RAW_Data!Q386),IFERROR(TIMEVALUE(DaqBook_RAW_Data!#REF!),""""))",,,,,,,,,,,,,,,
,"=IFERROR(TIMEVALUE(DaqBook_RAW_Data!Q387),IFERROR(TIMEVALUE(DaqBook_RAW_Data!#REF!),""""))",,,,,,,,,,,,,,,
,"=IFERROR(TIMEVALUE(DaqBook_RAW_Data!Q388),IFERROR(TIMEVALUE(DaqBook_RAW_Data!#REF!),""""))",,,,,,,,,,,,,,,
,"=IFERROR(TIMEVALUE(DaqBook_RAW_Data!Q389),IFERROR(TIMEVALUE(DaqBook_RAW_Data!#REF!),""""))",,,,,,,,,,,,,,,
,"=IFERROR(TIMEVALUE(DaqBook_RAW_Data!Q390),IFERROR(TIMEVALUE(DaqBook_RAW_Data!#REF!),""""))",,,,,,,,,,,,,,,
,"=IFERROR(TIMEVALUE(DaqBook_RAW_Data!Q391),IFERROR(TIMEVALUE(DaqBook_RAW_Data!#REF!),""""))",,,,,,,,,,,,,,,
,"=IFERROR(TIMEVALUE(DaqBook_RAW_Data!Q392),IFERROR(TIMEVALUE(DaqBook_RAW_Data!#REF!),""""))",,,,,,,,,,,,,,,
,"=IFERROR(TIMEVALUE(DaqBook_RAW_Data!Q393),IFERROR(TIMEVALUE(DaqBook_RAW_Data!#REF!),""""))",,,,,,,,,,,,,,,
,"=IFERROR(TIMEVALUE(DaqBook_RAW_Data!Q394),IFERROR(TIMEVALUE(DaqBook_RAW_Data!#REF!),""""))",,,,,,,,,,,,,,,
,"=IFERROR(TIMEVALUE(DaqBook_RAW_Data!Q395),IFERROR(TIMEVALUE(DaqBook_RAW_Data!#REF!),""""))",,,,,,,,,,,,,,,
,"=IFERROR(TIMEVALUE(DaqBook_RAW_Data!Q396),IFERROR(TIMEVALUE(DaqBook_RAW_Data!#REF!),""""))",,,,,,,,,,,,,,,
,"=IFERROR(TIMEVALUE(DaqBook_RAW_Data!Q397),IFERROR(TIMEVALUE(DaqBook_RAW_Data!#REF!),""""))",,,,,,,,,,,,,,,
,"=IFERROR(TIMEVALUE(DaqBook_RAW_Data!Q398),IFERROR(TIMEVALUE(DaqBook_RAW_Data!#REF!),""""))",,,,,,,,,,,,,,,
,"=IFERROR(TIMEVALUE(DaqBook_RAW_Data!Q399),IFERROR(TIMEVALUE(DaqBook_RAW_Data!#REF!),""""))",,,,,,,,,,,,,,,
,"=IFERROR(TIMEVALUE(DaqBook_RAW_Data!Q400),IFERROR(TIMEVALUE(DaqBook_RAW_Data!#REF!),""""))",,,,,,,,,,,,,,,
,"=IFERROR(TIMEVALUE(DaqBook_RAW_Data!Q401),IFERROR(TIMEVALUE(DaqBook_RAW_Data!#REF!),""""))",,,,,,,,,,,,,,,
,"=IFERROR(TIMEVALUE(DaqBook_RAW_Data!Q402),IFERROR(TIMEVALUE(DaqBook_RAW_Data!#REF!),""""))",,,,,,,,,,,,,,,
,"=IFERROR(TIMEVALUE(DaqBook_RAW_Data!Q403),IFERROR(TIMEVALUE(DaqBook_RAW_Data!#REF!),""""))",,,,,,,,,,,,,,,
,"=IFERROR(TIMEVALUE(DaqBook_RAW_Data!Q404),IFERROR(TIMEVALUE(DaqBook_RAW_Data!#REF!),""""))",,,,,,,,,,,,,,,
,"=IFERROR(TIMEVALUE(DaqBook_RAW_Data!Q405),IFERROR(TIMEVALUE(DaqBook_RAW_Data!#REF!),""""))",,,,,,,,,,,,,,,
,"=IFERROR(TIMEVALUE(DaqBook_RAW_Data!Q406),IFERROR(TIMEVALUE(DaqBook_RAW_Data!#REF!),""""))",,,,,,,,,,,,,,,
,"=IFERROR(TIMEVALUE(DaqBook_RAW_Data!Q407),IFERROR(TIMEVALUE(DaqBook_RAW_Data!#REF!),""""))",,,,,,,,,,,,,,,
,"=IFERROR(TIMEVALUE(DaqBook_RAW_Data!Q408),IFERROR(TIMEVALUE(DaqBook_RAW_Data!#REF!),""""))",,,,,,,,,,,,,,,
,"=IFERROR(TIMEVALUE(DaqBook_RAW_Data!Q409),IFERROR(TIMEVALUE(DaqBook_RAW_Data!#REF!),""""))",,,,,,,,,,,,,,,
,"=IFERROR(TIMEVALUE(DaqBook_RAW_Data!Q410),IFERROR(TIMEVALUE(DaqBook_RAW_Data!#REF!),""""))",,,,,,,,,,,,,,,
,"=IFERROR(TIMEVALUE(DaqBook_RAW_Data!Q411),IFERROR(TIMEVALUE(DaqBook_RAW_Data!#REF!),""""))",,,,,,,,,,,,,,,
,"=IFERROR(TIMEVALUE(DaqBook_RAW_Data!Q412),IFERROR(TIMEVALUE(DaqBook_RAW_Data!#REF!),""""))",,,,,,,,,,,,,,,
,"=IFERROR(TIMEVALUE(DaqBook_RAW_Data!Q413),IFERROR(TIMEVALUE(DaqBook_RAW_Data!#REF!),""""))",,,,,,,,,,,,,,,
,"=IFERROR(TIMEVALUE(DaqBook_RAW_Data!Q414),IFERROR(TIMEVALUE(DaqBook_RAW_Data!#REF!),""""))",,,,,,,,,,,,,,,
,"=IFERROR(TIMEVALUE(DaqBook_RAW_Data!Q415),IFERROR(TIMEVALUE(DaqBook_RAW_Data!#REF!),""""))",,,,,,,,,,,,,,,
,"=IFERROR(TIMEVALUE(DaqBook_RAW_Data!Q416),IFERROR(TIMEVALUE(DaqBook_RAW_Data!#REF!),""""))",,,,,,,,,,,,,,,
,"=IFERROR(TIMEVALUE(DaqBook_RAW_Data!Q417),IFERROR(TIMEVALUE(DaqBook_RAW_Data!#REF!),""""))",,,,,,,,,,,,,,,
,"=IFERROR(TIMEVALUE(DaqBook_RAW_Data!Q418),IFERROR(TIMEVALUE(DaqBook_RAW_Data!#REF!),""""))",,,,,,,,,,,,,,,
,"=IFERROR(TIMEVALUE(DaqBook_RAW_Data!Q419),IFERROR(TIMEVALUE(DaqBook_RAW_Data!#REF!),""""))",,,,,,,,,,,,,,,
,"=IFERROR(TIMEVALUE(DaqBook_RAW_Data!Q420),IFERROR(TIMEVALUE(DaqBook_RAW_Data!#REF!),""""))",,,,,,,,,,,,,,,
,"=IFERROR(TIMEVALUE(DaqBook_RAW_Data!Q421),IFERROR(TIMEVALUE(DaqBook_RAW_Data!#REF!),""""))",,,,,,,,,,,,,,,
,"=IFERROR(TIMEVALUE(DaqBook_RAW_Data!Q422),IFERROR(TIMEVALUE(DaqBook_RAW_Data!#REF!),""""))",,,,,,,,,,,,,,,
,"=IFERROR(TIMEVALUE(DaqBook_RAW_Data!Q423),IFERROR(TIMEVALUE(DaqBook_RAW_Data!#REF!),""""))",,,,,,,,,,,,,,,
,"=IFERROR(TIMEVALUE(DaqBook_RAW_Data!Q424),IFERROR(TIMEVALUE(DaqBook_RAW_Data!#REF!),""""))",,,,,,,,,,,,,,,
,"=IFERROR(TIMEVALUE(DaqBook_RAW_Data!Q425),IFERROR(TIMEVALUE(DaqBook_RAW_Data!#REF!),""""))",,,,,,,,,,,,,,,
,"=IFERROR(TIMEVALUE(DaqBook_RAW_Data!Q426),IFERROR(TIMEVALUE(DaqBook_RAW_Data!#REF!),""""))",,,,,,,,,,,,,,,
,"=IFERROR(TIMEVALUE(DaqBook_RAW_Data!Q427),IFERROR(TIMEVALUE(DaqBook_RAW_Data!#REF!),""""))",,,,,,,,,,,,,,,
,"=IFERROR(TIMEVALUE(DaqBook_RAW_Data!Q428),IFERROR(TIMEVALUE(DaqBook_RAW_Data!#REF!),""""))",,,,,,,,,,,,,,,
,"=IFERROR(TIMEVALUE(DaqBook_RAW_Data!Q429),IFERROR(TIMEVALUE(DaqBook_RAW_Data!#REF!),""""))",,,,,,,,,,,,,,,
,"=IFERROR(TIMEVALUE(DaqBook_RAW_Data!Q430),IFERROR(TIMEVALUE(DaqBook_RAW_Data!#REF!),""""))",,,,,,,,,,,,,,,
,"=IFERROR(TIMEVALUE(DaqBook_RAW_Data!Q431),IFERROR(TIMEVALUE(DaqBook_RAW_Data!#REF!),""""))",,,,,,,,,,,,,,,
,"=IFERROR(TIMEVALUE(DaqBook_RAW_Data!Q432),IFERROR(TIMEVALUE(DaqBook_RAW_Data!#REF!),""""))",,,,,,,,,,,,,,,
,"=IFERROR(TIMEVALUE(DaqBook_RAW_Data!Q433),IFERROR(TIMEVALUE(DaqBook_RAW_Data!#REF!),""""))",,,,,,,,,,,,,,,
,"=IFERROR(TIMEVALUE(DaqBook_RAW_Data!Q434),IFERROR(TIMEVALUE(DaqBook_RAW_Data!#REF!),""""))",,,,,,,,,,,,,,,
,"=IFERROR(TIMEVALUE(DaqBook_RAW_Data!Q435),IFERROR(TIMEVALUE(DaqBook_RAW_Data!#REF!),""""))",,,,,,,,,,,,,,,
,"=IFERROR(TIMEVALUE(DaqBook_RAW_Data!Q436),IFERROR(TIMEVALUE(DaqBook_RAW_Data!#REF!),""""))",,,,,,,,,,,,,,,
,"=IFERROR(TIMEVALUE(DaqBook_RAW_Data!Q437),IFERROR(TIMEVALUE(DaqBook_RAW_Data!#REF!),""""))",,,,,,,,,,,,,,,
,"=IFERROR(TIMEVALUE(DaqBook_RAW_Data!Q438),IFERROR(TIMEVALUE(DaqBook_RAW_Data!#REF!),""""))",,,,,,,,,,,,,,,
,"=IFERROR(TIMEVALUE(DaqBook_RAW_Data!Q439),IFERROR(TIMEVALUE(DaqBook_RAW_Data!#REF!),""""))",,,,,,,,,,,,,,,
,"=IFERROR(TIMEVALUE(DaqBook_RAW_Data!Q440),IFERROR(TIMEVALUE(DaqBook_RAW_Data!#REF!),""""))",,,,,,,,,,,,,,,
,"=IFERROR(TIMEVALUE(DaqBook_RAW_Data!Q441),IFERROR(TIMEVALUE(DaqBook_RAW_Data!#REF!),""""))",,,,,,,,,,,,,,,
,"=IFERROR(TIMEVALUE(DaqBook_RAW_Data!Q442),IFERROR(TIMEVALUE(DaqBook_RAW_Data!#REF!),""""))",,,,,,,,,,,,,,,
,"=IFERROR(TIMEVALUE(DaqBook_RAW_Data!Q443),IFERROR(TIMEVALUE(DaqBook_RAW_Data!#REF!),""""))",,,,,,,,,,,,,,,
,"=IFERROR(TIMEVALUE(DaqBook_RAW_Data!Q444),IFERROR(TIMEVALUE(DaqBook_RAW_Data!#REF!),""""))",,,,,,,,,,,,,,,
,"=IFERROR(TIMEVALUE(DaqBook_RAW_Data!Q445),IFERROR(TIMEVALUE(DaqBook_RAW_Data!#REF!),""""))",,,,,,,,,,,,,,,
,"=IFERROR(TIMEVALUE(DaqBook_RAW_Data!Q446),IFERROR(TIMEVALUE(DaqBook_RAW_Data!#REF!),""""))",,,,,,,,,,,,,,,
,"=IFERROR(TIMEVALUE(DaqBook_RAW_Data!Q447),IFERROR(TIMEVALUE(DaqBook_RAW_Data!#REF!),""""))",,,,,,,,,,,,,,,
,"=IFERROR(TIMEVALUE(DaqBook_RAW_Data!Q448),IFERROR(TIMEVALUE(DaqBook_RAW_Data!#REF!),""""))",,,,,,,,,,,,,,,
,"=IFERROR(TIMEVALUE(DaqBook_RAW_Data!Q449),IFERROR(TIMEVALUE(DaqBook_RAW_Data!#REF!),""""))",,,,,,,,,,,,,,,
,"=IFERROR(TIMEVALUE(DaqBook_RAW_Data!Q450),IFERROR(TIMEVALUE(DaqBook_RAW_Data!#REF!),""""))",,,,,,,,,,,,,,,
,"=IFERROR(TIMEVALUE(DaqBook_RAW_Data!Q451),IFERROR(TIMEVALUE(DaqBook_RAW_Data!#REF!),""""))",,,,,,,,,,,,,,,
,"=IFERROR(TIMEVALUE(DaqBook_RAW_Data!Q452),IFERROR(TIMEVALUE(DaqBook_RAW_Data!#REF!),""""))",,,,,,,,,,,,,,,
,"=IFERROR(TIMEVALUE(DaqBook_RAW_Data!Q453),IFERROR(TIMEVALUE(DaqBook_RAW_Data!#REF!),""""))",,,,,,,,,,,,,,,
,"=IFERROR(TIMEVALUE(DaqBook_RAW_Data!Q454),IFERROR(TIMEVALUE(DaqBook_RAW_Data!#REF!),""""))",,,,,,,,,,,,,,,
,"=IFERROR(TIMEVALUE(DaqBook_RAW_Data!Q455),IFERROR(TIMEVALUE(DaqBook_RAW_Data!#REF!),""""))",,,,,,,,,,,,,,,
,"=IFERROR(TIMEVALUE(DaqBook_RAW_Data!Q456),IFERROR(TIMEVALUE(DaqBook_RAW_Data!#REF!),""""))",,,,,,,,,,,,,,,
,"=IFERROR(TIMEVALUE(DaqBook_RAW_Data!Q457),IFERROR(TIMEVALUE(DaqBook_RAW_Data!#REF!),""""))",,,,,,,,,,,,,,,
,"=IFERROR(TIMEVALUE(DaqBook_RAW_Data!Q458),IFERROR(TIMEVALUE(DaqBook_RAW_Data!#REF!),""""))",,,,,,,,,,,,,,,
,"=IFERROR(TIMEVALUE(DaqBook_RAW_Data!Q459),IFERROR(TIMEVALUE(DaqBook_RAW_Data!#REF!),""""))",,,,,,,,,,,,,,,
,"=IFERROR(TIMEVALUE(DaqBook_RAW_Data!Q460),IFERROR(TIMEVALUE(DaqBook_RAW_Data!#REF!),""""))",,,,,,,,,,,,,,,
,"=IFERROR(TIMEVALUE(DaqBook_RAW_Data!Q461),IFERROR(TIMEVALUE(DaqBook_RAW_Data!#REF!),""""))",,,,,,,,,,,,,,,
,"=IFERROR(TIMEVALUE(DaqBook_RAW_Data!Q462),IFERROR(TIMEVALUE(DaqBook_RAW_Data!#REF!),""""))",,,,,,,,,,,,,,,
,"=IFERROR(TIMEVALUE(DaqBook_RAW_Data!Q463),IFERROR(TIMEVALUE(DaqBook_RAW_Data!#REF!),""""))",,,,,,,,,,,,,,,
,"=IFERROR(TIMEVALUE(DaqBook_RAW_Data!Q464),IFERROR(TIMEVALUE(DaqBook_RAW_Data!#REF!),""""))",,,,,,,,,,,,,,,
,"=IFERROR(TIMEVALUE(DaqBook_RAW_Data!Q465),IFERROR(TIMEVALUE(DaqBook_RAW_Data!#REF!),""""))",,,,,,,,,,,,,,,
,"=IFERROR(TIMEVALUE(DaqBook_RAW_Data!Q466),IFERROR(TIMEVALUE(DaqBook_RAW_Data!#REF!),""""))",,,,,,,,,,,,,,,
,"=IFERROR(TIMEVALUE(DaqBook_RAW_Data!Q467),IFERROR(TIMEVALUE(DaqBook_RAW_Data!#REF!),""""))",,,,,,,,,,,,,,,
,"=IFERROR(TIMEVALUE(DaqBook_RAW_Data!Q468),IFERROR(TIMEVALUE(DaqBook_RAW_Data!#REF!),""""))",,,,,,,,,,,,,,,
,"=IFERROR(TIMEVALUE(DaqBook_RAW_Data!Q469),IFERROR(TIMEVALUE(DaqBook_RAW_Data!#REF!),""""))",,,,,,,,,,,,,,,
,"=IFERROR(TIMEVALUE(DaqBook_RAW_Data!Q470),IFERROR(TIMEVALUE(DaqBook_RAW_Data!#REF!),""""))",,,,,,,,,,,,,,,
,"=IFERROR(TIMEVALUE(DaqBook_RAW_Data!Q471),IFERROR(TIMEVALUE(DaqBook_RAW_Data!#REF!),""""))",,,,,,,,,,,,,,,
,"=IFERROR(TIMEVALUE(DaqBook_RAW_Data!Q472),IFERROR(TIMEVALUE(DaqBook_RAW_Data!#REF!),""""))",,,,,,,,,,,,,,,
,"=IFERROR(TIMEVALUE(DaqBook_RAW_Data!Q473),IFERROR(TIMEVALUE(DaqBook_RAW_Data!#REF!),""""))",,,,,,,,,,,,,,,
,"=IFERROR(TIMEVALUE(DaqBook_RAW_Data!Q474),IFERROR(TIMEVALUE(DaqBook_RAW_Data!#REF!),""""))",,,,,,,,,,,,,,,
,"=IFERROR(TIMEVALUE(DaqBook_RAW_Data!Q475),IFERROR(TIMEVALUE(DaqBook_RAW_Data!#REF!),""""))",,,,,,,,,,,,,,,
,"=IFERROR(TIMEVALUE(DaqBook_RAW_Data!Q476),IFERROR(TIMEVALUE(DaqBook_RAW_Data!#REF!),""""))",,,,,,,,,,,,,,,
,"=IFERROR(TIMEVALUE(DaqBook_RAW_Data!Q477),IFERROR(TIMEVALUE(DaqBook_RAW_Data!#REF!),""""))",,,,,,,,,,,,,,,
,"=IFERROR(TIMEVALUE(DaqBook_RAW_Data!Q478),IFERROR(TIMEVALUE(DaqBook_RAW_Data!#REF!),""""))",,,,,,,,,,,,,,,
,"=IFERROR(TIMEVALUE(DaqBook_RAW_Data!Q479),IFERROR(TIMEVALUE(DaqBook_RAW_Data!#REF!),""""))",,,,,,,,,,,,,,,
,"=IFERROR(TIMEVALUE(DaqBook_RAW_Data!Q480),IFERROR(TIMEVALUE(DaqBook_RAW_Data!#REF!),""""))",,,,,,,,,,,,,,,
,"=IFERROR(TIMEVALUE(DaqBook_RAW_Data!Q481),IFERROR(TIMEVALUE(DaqBook_RAW_Data!#REF!),""""))",,,,,,,,,,,,,,,
,"=IFERROR(TIMEVALUE(DaqBook_RAW_Data!Q482),IFERROR(TIMEVALUE(DaqBook_RAW_Data!A4),""""))",,,,,,,,,,,,,,,
,"=IFERROR(TIMEVALUE(DaqBook_RAW_Data!Q483),IFERROR(TIMEVALUE(DaqBook_RAW_Data!A5),""""))",,,,,,,,,,,,,,,
,"=IFERROR(TIMEVALUE(DaqBook_RAW_Data!Q484),IFERROR(TIMEVALUE(DaqBook_RAW_Data!A6),""""))",,,,,,,,,,,,,,,
,"=IFERROR(TIMEVALUE(DaqBook_RAW_Data!Q485),IFERROR(TIMEVALUE(DaqBook_RAW_Data!A7),""""))",,,,,,,,,,,,,,,
,"=IFERROR(TIMEVALUE(DaqBook_RAW_Data!Q486),IFERROR(TIMEVALUE(DaqBook_RAW_Data!A8),""""))",,,,,,,,,,,,,,,
,"=IFERROR(TIMEVALUE(DaqBook_RAW_Data!Q487),IFERROR(TIMEVALUE(DaqBook_RAW_Data!A9),""""))",,,,,,,,,,,,,,,
,"=IFERROR(TIMEVALUE(DaqBook_RAW_Data!Q488),IFERROR(TIMEVALUE(DaqBook_RAW_Data!A10),""""))",,,,,,,,,,,,,,,
,"=IFERROR(TIMEVALUE(DaqBook_RAW_Data!Q489),IFERROR(TIMEVALUE(DaqBook_RAW_Data!A11),""""))",,,,,,,,,,,,,,,
,"=IFERROR(TIMEVALUE(DaqBook_RAW_Data!Q490),IFERROR(TIMEVALUE(DaqBook_RAW_Data!A12),""""))",,,,,,,,,,,,,,,
,"=IFERROR(TIMEVALUE(DaqBook_RAW_Data!Q491),IFERROR(TIMEVALUE(DaqBook_RAW_Data!A13),""""))",,,,,,,,,,,,,,,
,"=IFERROR(TIMEVALUE(DaqBook_RAW_Data!Q492),IFERROR(TIMEVALUE(DaqBook_RAW_Data!A14),""""))",,,,,,,,,,,,,,,
,"=IFERROR(TIMEVALUE(DaqBook_RAW_Data!Q493),IFERROR(TIMEVALUE(DaqBook_RAW_Data!A15),""""))",,,,,,,,,,,,,,,
,"=IFERROR(TIMEVALUE(DaqBook_RAW_Data!Q494),IFERROR(TIMEVALUE(DaqBook_RAW_Data!A16),""""))",,,,,,,,,,,,,,,
,"=IFERROR(TIMEVALUE(DaqBook_RAW_Data!Q495),IFERROR(TIMEVALUE(DaqBook_RAW_Data!A17),""""))",,,,,,,,,,,,,,,
,"=IFERROR(TIMEVALUE(DaqBook_RAW_Data!Q496),IFERROR(TIMEVALUE(DaqBook_RAW_Data!A18),""""))",,,,,,,,,,,,,,,
,"=IFERROR(TIMEVALUE(DaqBook_RAW_Data!Q497),IFERROR(TIMEVALUE(DaqBook_RAW_Data!A19),""""))",,,,,,,,,,,,,,,
,"=IFERROR(TIMEVALUE(DaqBook_RAW_Data!Q498),IFERROR(TIMEVALUE(DaqBook_RAW_Data!A20),""""))",,,,,,,,,,,,,,,
,"=IFERROR(TIMEVALUE(DaqBook_RAW_Data!Q499),IFERROR(TIMEVALUE(DaqBook_RAW_Data!A21),""""))",,,,,,,,,,,,,,,
,"=IFERROR(TIMEVALUE(DaqBook_RAW_Data!Q500),IFERROR(TIMEVALUE(DaqBook_RAW_Data!A22),""""))",,,,,,,,,,,,,,,
,"=IFERROR(TIMEVALUE(DaqBook_RAW_Data!Q501),IFERROR(TIMEVALUE(DaqBook_RAW_Data!A23),""""))",,,,,,,,,,,,,,,
,"=IFERROR(TIMEVALUE(DaqBook_RAW_Data!Q502),IFERROR(TIMEVALUE(DaqBook_RAW_Data!A24),""""))",,,,,,,,,,,,,,,
,"=IFERROR(TIMEVALUE(DaqBook_RAW_Data!Q503),IFERROR(TIMEVALUE(DaqBook_RAW_Data!A25),""""))",,,,,,,,,,,,,,,
,"=IFERROR(TIMEVALUE(DaqBook_RAW_Data!Q504),IFERROR(TIMEVALUE(DaqBook_RAW_Data!A26),""""))",,,,,,,,,,,,,,,
,"=IFERROR(TIMEVALUE(DaqBook_RAW_Data!Q505),IFERROR(TIMEVALUE(DaqBook_RAW_Data!A27),""""))",,,,,,,,,,,,,,,
,"=IFERROR(TIMEVALUE(DaqBook_RAW_Data!Q506),IFERROR(TIMEVALUE(DaqBook_RAW_Data!A28),""""))",,,,,,,,,,,,,,,
,"=IFERROR(TIMEVALUE(DaqBook_RAW_Data!Q507),IFERROR(TIMEVALUE(DaqBook_RAW_Data!A29),""""))",,,,,,,,,,,,,,,
,"=IFERROR(TIMEVALUE(DaqBook_RAW_Data!Q508),IFERROR(TIMEVALUE(DaqBook_RAW_Data!A30),""""))",,,,,,,,,,,,,,,
,"=IFERROR(TIMEVALUE(DaqBook_RAW_Data!Q509),IFERROR(TIMEVALUE(DaqBook_RAW_Data!A31),""""))",,,,,,,,,,,,,,,
,"=IFERROR(TIMEVALUE(DaqBook_RAW_Data!Q510),IFERROR(TIMEVALUE(DaqBook_RAW_Data!A32),""""))",,,,,,,,,,,,,,,
,"=IFERROR(TIMEVALUE(DaqBook_RAW_Data!Q511),IFERROR(TIMEVALUE(DaqBook_RAW_Data!A33),""""))",,,,,,,,,,,,,,,
,"=IFERROR(TIMEVALUE(DaqBook_RAW_Data!Q512),IFERROR(TIMEVALUE(DaqBook_RAW_Data!A34),""""))",,,,,,,,,,,,,,,
,"=IFERROR(TIMEVALUE(DaqBook_RAW_Data!Q513),IFERROR(TIMEVALUE(DaqBook_RAW_Data!A35),""""))",,,,,,,,,,,,,,,
,"=IFERROR(TIMEVALUE(DaqBook_RAW_Data!Q514),IFERROR(TIMEVALUE(DaqBook_RAW_Data!A36),""""))",,,,,,,,,,,,,,,
,"=IFERROR(TIMEVALUE(DaqBook_RAW_Data!Q515),IFERROR(TIMEVALUE(DaqBook_RAW_Data!A37),""""))",,,,,,,,,,,,,,,
,"=IFERROR(TIMEVALUE(DaqBook_RAW_Data!Q516),IFERROR(TIMEVALUE(DaqBook_RAW_Data!A38),""""))",,,,,,,,,,,,,,,
,"=IFERROR(TIMEVALUE(DaqBook_RAW_Data!Q517),IFERROR(TIMEVALUE(DaqBook_RAW_Data!A39),""""))",,,,,,,,,,,,,,,
,"=IFERROR(TIMEVALUE(DaqBook_RAW_Data!Q518),IFERROR(TIMEVALUE(DaqBook_RAW_Data!A40),""""))",,,,,,,,,,,,,,,
,"=IFERROR(TIMEVALUE(DaqBook_RAW_Data!Q519),IFERROR(TIMEVALUE(DaqBook_RAW_Data!A41),""""))",,,,,,,,,,,,,,,
,"=IFERROR(TIMEVALUE(DaqBook_RAW_Data!Q520),IFERROR(TIMEVALUE(DaqBook_RAW_Data!A42),""""))",,,,,,,,,,,,,,,
,"=IFERROR(TIMEVALUE(DaqBook_RAW_Data!Q521),IFERROR(TIMEVALUE(DaqBook_RAW_Data!A43),""""))",,,,,,,,,,,,,,,
,"=IFERROR(TIMEVALUE(DaqBook_RAW_Data!Q522),IFERROR(TIMEVALUE(DaqBook_RAW_Data!A44),""""))",,,,,,,,,,,,,,,
,"=IFERROR(TIMEVALUE(DaqBook_RAW_Data!Q523),IFERROR(TIMEVALUE(DaqBook_RAW_Data!A45),""""))",,,,,,,,,,,,,,,
,"=IFERROR(TIMEVALUE(DaqBook_RAW_Data!Q524),IFERROR(TIMEVALUE(DaqBook_RAW_Data!A46),""""))",,,,,,,,,,,,,,,
,"=IFERROR(TIMEVALUE(DaqBook_RAW_Data!Q525),IFERROR(TIMEVALUE(DaqBook_RAW_Data!A47),""""))",,,,,,,,,,,,,,,
,"=IFERROR(TIMEVALUE(DaqBook_RAW_Data!Q526),IFERROR(TIMEVALUE(DaqBook_RAW_Data!A48),""""))",,,,,,,,,,,,,,,
,"=IFERROR(TIMEVALUE(DaqBook_RAW_Data!Q527),IFERROR(TIMEVALUE(DaqBook_RAW_Data!A49),""""))",,,,,,,,,,,,,,,
,"=IFERROR(TIMEVALUE(DaqBook_RAW_Data!Q528),IFERROR(TIMEVALUE(DaqBook_RAW_Data!A50),""""))",,,,,,,,,,,,,,,
,"=IFERROR(TIMEVALUE(DaqBook_RAW_Data!Q529),IFERROR(TIMEVALUE(DaqBook_RAW_Data!A51),""""))",,,,,,,,,,,,,,,
,"=IFERROR(TIMEVALUE(DaqBook_RAW_Data!Q530),IFERROR(TIMEVALUE(DaqBook_RAW_Data!A52),""""))",,,,,,,,,,,,,,,
,"=IFERROR(TIMEVALUE(DaqBook_RAW_Data!Q531),IFERROR(TIMEVALUE(DaqBook_RAW_Data!A53),""""))",,,,,,,,,,,,,,,
,"=IFERROR(TIMEVALUE(DaqBook_RAW_Data!Q532),IFERROR(TIMEVALUE(DaqBook_RAW_Data!A54),""""))",,,,,,,,,,,,,,,
,"=IFERROR(TIMEVALUE(DaqBook_RAW_Data!Q533),IFERROR(TIMEVALUE(DaqBook_RAW_Data!A55),""""))",,,,,,,,,,,,,,,
,"=IFERROR(TIMEVALUE(DaqBook_RAW_Data!Q534),IFERROR(TIMEVALUE(DaqBook_RAW_Data!A56),""""))",,,,,,,,,,,,,,,
,"=IFERROR(TIMEVALUE(DaqBook_RAW_Data!Q535),IFERROR(TIMEVALUE(DaqBook_RAW_Data!A57),""""))",,,,,,,,,,,,,,,
,"=IFERROR(TIMEVALUE(DaqBook_RAW_Data!Q536),IFERROR(TIMEVALUE(DaqBook_RAW_Data!A58),""""))",,,,,,,,,,,,,,,
,"=IFERROR(TIMEVALUE(DaqBook_RAW_Data!Q537),IFERROR(TIMEVALUE(DaqBook_RAW_Data!A59),""""))",,,,,,,,,,,,,,,
,"=IFERROR(TIMEVALUE(DaqBook_RAW_Data!Q538),IFERROR(TIMEVALUE(DaqBook_RAW_Data!A60),""""))",,,,,,,,,,,,,,,
,"=IFERROR(TIMEVALUE(DaqBook_RAW_Data!Q539),IFERROR(TIMEVALUE(DaqBook_RAW_Data!A61),""""))",,,,,,,,,,,,,,,
,"=IFERROR(TIMEVALUE(DaqBook_RAW_Data!Q540),IFERROR(TIMEVALUE(DaqBook_RAW_Data!A62),""""))",,,,,,,,,,,,,,,
,"=IFERROR(TIMEVALUE(DaqBook_RAW_Data!Q541),IFERROR(TIMEVALUE(DaqBook_RAW_Data!A63),""""))",,,,,,,,,,,,,,,
,"=IFERROR(TIMEVALUE(DaqBook_RAW_Data!Q542),IFERROR(TIMEVALUE(DaqBook_RAW_Data!A64),""""))",,,,,,,,,,,,,,,
,"=IFERROR(TIMEVALUE(DaqBook_RAW_Data!Q543),IFERROR(TIMEVALUE(DaqBook_RAW_Data!A65),""""))",,,,,,,,,,,,,,,
,"=IFERROR(TIMEVALUE(DaqBook_RAW_Data!Q544),IFERROR(TIMEVALUE(DaqBook_RAW_Data!A66),""""))",,,,,,,,,,,,,,,
,"=IFERROR(TIMEVALUE(DaqBook_RAW_Data!Q545),IFERROR(TIMEVALUE(DaqBook_RAW_Data!A67),""""))",,,,,,,,,,,,,,,
,"=IFERROR(TIMEVALUE(DaqBook_RAW_Data!Q546),IFERROR(TIMEVALUE(DaqBook_RAW_Data!A68),""""))",,,,,,,,,,,,,,,
,"=IFERROR(TIMEVALUE(DaqBook_RAW_Data!Q547),IFERROR(TIMEVALUE(DaqBook_RAW_Data!A69),""""))",,,,,,,,,,,,,,,
,"=IFERROR(TIMEVALUE(DaqBook_RAW_Data!Q548),IFERROR(TIMEVALUE(DaqBook_RAW_Data!A70),""""))",,,,,,,,,,,,,,,
,"=IFERROR(TIMEVALUE(DaqBook_RAW_Data!Q549),IFERROR(TIMEVALUE(DaqBook_RAW_Data!A71),""""))",,,,,,,,,,,,,,,
,"=IFERROR(TIMEVALUE(DaqBook_RAW_Data!Q550),IFERROR(TIMEVALUE(DaqBook_RAW_Data!A72),""""))",,,,,,,,,,,,,,,
,"=IFERROR(TIMEVALUE(DaqBook_RAW_Data!Q551),IFERROR(TIMEVALUE(DaqBook_RAW_Data!A73),""""))",,,,,,,,,,,,,,,
,"=IFERROR(TIMEVALUE(DaqBook_RAW_Data!Q552),IFERROR(TIMEVALUE(DaqBook_RAW_Data!A74),""""))",,,,,,,,,,,,,,,
,"=IFERROR(TIMEVALUE(DaqBook_RAW_Data!Q553),IFERROR(TIMEVALUE(DaqBook_RAW_Data!A75),""""))",,,,,,,,,,,,,,,
,"=IFERROR(TIMEVALUE(DaqBook_RAW_Data!Q554),IFERROR(TIMEVALUE(DaqBook_RAW_Data!A76),""""))",,,,,,,,,,,,,,,
,"=IFERROR(TIMEVALUE(DaqBook_RAW_Data!Q555),IFERROR(TIMEVALUE(DaqBook_RAW_Data!A77),""""))",,,,,,,,,,,,,,,
,"=IFERROR(TIMEVALUE(DaqBook_RAW_Data!Q556),IFERROR(TIMEVALUE(DaqBook_RAW_Data!A78),""""))",,,,,,,,,,,,,,,
,"=IFERROR(TIMEVALUE(DaqBook_RAW_Data!Q557),IFERROR(TIMEVALUE(DaqBook_RAW_Data!A79),""""))",,,,,,,,,,,,,,,
,"=IFERROR(TIMEVALUE(DaqBook_RAW_Data!Q558),IFERROR(TIMEVALUE(DaqBook_RAW_Data!A80),""""))",,,,,,,,,,,,,,,
,"=IFERROR(TIMEVALUE(DaqBook_RAW_Data!Q559),IFERROR(TIMEVALUE(DaqBook_RAW_Data!A81),""""))",,,,,,,,,,,,,,,
,"=IFERROR(TIMEVALUE(DaqBook_RAW_Data!Q560),IFERROR(TIMEVALUE(DaqBook_RAW_Data!A82),""""))",,,,,,,,,,,,,,,
,"=IFERROR(TIMEVALUE(DaqBook_RAW_Data!Q561),IFERROR(TIMEVALUE(DaqBook_RAW_Data!A83),""""))",,,,,,,,,,,,,,,
,"=IFERROR(TIMEVALUE(DaqBook_RAW_Data!Q562),IFERROR(TIMEVALUE(DaqBook_RAW_Data!A84),""""))",,,,,,,,,,,,,,,
,"=IFERROR(TIMEVALUE(DaqBook_RAW_Data!Q563),IFERROR(TIMEVALUE(DaqBook_RAW_Data!A85),""""))",,,,,,,,,,,,,,,
,"=IFERROR(TIMEVALUE(DaqBook_RAW_Data!Q564),IFERROR(TIMEVALUE(DaqBook_RAW_Data!A86),""""))",,,,,,,,,,,,,,,
,"=IFERROR(TIMEVALUE(DaqBook_RAW_Data!Q565),IFERROR(TIMEVALUE(DaqBook_RAW_Data!A87),""""))",,,,,,,,,,,,,,,
,"=IFERROR(TIMEVALUE(DaqBook_RAW_Data!Q566),IFERROR(TIMEVALUE(DaqBook_RAW_Data!A88),""""))",,,,,,,,,,,,,,,
,"=IFERROR(TIMEVALUE(DaqBook_RAW_Data!Q567),IFERROR(TIMEVALUE(DaqBook_RAW_Data!A89),""""))",,,,,,,,,,,,,,,
,"=IFERROR(TIMEVALUE(DaqBook_RAW_Data!Q568),IFERROR(TIMEVALUE(DaqBook_RAW_Data!A90),""""))",,,,,,,,,,,,,,,
,"=IFERROR(TIMEVALUE(DaqBook_RAW_Data!Q569),IFERROR(TIMEVALUE(DaqBook_RAW_Data!A91),""""))",,,,,,,,,,,,,,,
,"=IFERROR(TIMEVALUE(DaqBook_RAW_Data!Q570),IFERROR(TIMEVALUE(DaqBook_RAW_Data!A92),""""))",,,,,,,,,,,,,,,
,"=IFERROR(TIMEVALUE(DaqBook_RAW_Data!Q571),IFERROR(TIMEVALUE(DaqBook_RAW_Data!A93),""""))",,,,,,,,,,,,,,,
,"=IFERROR(TIMEVALUE(DaqBook_RAW_Data!Q572),IFERROR(TIMEVALUE(DaqBook_RAW_Data!A94),""""))",,,,,,,,,,,,,,,
,"=IFERROR(TIMEVALUE(DaqBook_RAW_Data!Q573),IFERROR(TIMEVALUE(DaqBook_RAW_Data!A95),""""))",,,,,,,,,,,,,,,
,"=IFERROR(TIMEVALUE(DaqBook_RAW_Data!Q574),IFERROR(TIMEVALUE(DaqBook_RAW_Data!A96),""""))",,,,,,,,,,,,,,,
,"=IFERROR(TIMEVALUE(DaqBook_RAW_Data!Q575),IFERROR(TIMEVALUE(DaqBook_RAW_Data!A97),""""))",,,,,,,,,,,,,,,
,"=IFERROR(TIMEVALUE(DaqBook_RAW_Data!Q576),IFERROR(TIMEVALUE(DaqBook_RAW_Data!A98),""""))",,,,,,,,,,,,,,,
,"=IFERROR(TIMEVALUE(DaqBook_RAW_Data!Q577),IFERROR(TIMEVALUE(DaqBook_RAW_Data!A99),""""))",,,,,,,,,,,,,,,
,"=IFERROR(TIMEVALUE(DaqBook_RAW_Data!Q578),IFERROR(TIMEVALUE(DaqBook_RAW_Data!A100),""""))",,,,,,,,,,,,,,,
,"=IFERROR(TIMEVALUE(DaqBook_RAW_Data!Q579),IFERROR(TIMEVALUE(DaqBook_RAW_Data!A101),""""))",,,,,,,,,,,,,,,
,"=IFERROR(TIMEVALUE(DaqBook_RAW_Data!Q580),IFERROR(TIMEVALUE(DaqBook_RAW_Data!A102),""""))",,,,,,,,,,,,,,,
,"=IFERROR(TIMEVALUE(DaqBook_RAW_Data!Q581),IFERROR(TIMEVALUE(DaqBook_RAW_Data!A103),""""))",,,,,,,,,,,,,,,
,"=IFERROR(TIMEVALUE(DaqBook_RAW_Data!Q582),IFERROR(TIMEVALUE(DaqBook_RAW_Data!A104),""""))",,,,,,,,,,,,,,,
,"=IFERROR(TIMEVALUE(DaqBook_RAW_Data!Q583),IFERROR(TIMEVALUE(DaqBook_RAW_Data!A105),""""))",,,,,,,,,,,,,,,
,"=IFERROR(TIMEVALUE(DaqBook_RAW_Data!Q584),IFERROR(TIMEVALUE(DaqBook_RAW_Data!A106),""""))",,,,,,,,,,,,,,,
,"=IFERROR(TIMEVALUE(DaqBook_RAW_Data!Q585),IFERROR(TIMEVALUE(DaqBook_RAW_Data!A107),""""))",,,,,,,,,,,,,,,
,"=IFERROR(TIMEVALUE(DaqBook_RAW_Data!Q586),IFERROR(TIMEVALUE(DaqBook_RAW_Data!A108),""""))",,,,,,,,,,,,,,,
,"=IFERROR(TIMEVALUE(DaqBook_RAW_Data!Q587),IFERROR(TIMEVALUE(DaqBook_RAW_Data!A109),""""))",,,,,,,,,,,,,,,
,"=IFERROR(TIMEVALUE(DaqBook_RAW_Data!Q588),IFERROR(TIMEVALUE(DaqBook_RAW_Data!A110),""""))",,,,,,,,,,,,,,,
,"=IFERROR(TIMEVALUE(DaqBook_RAW_Data!Q589),IFERROR(TIMEVALUE(DaqBook_RAW_Data!A111),""""))",,,,,,,,,,,,,,,
,"=IFERROR(TIMEVALUE(DaqBook_RAW_Data!Q590),IFERROR(TIMEVALUE(DaqBook_RAW_Data!A112),""""))",,,,,,,,,,,,,,,
,"=IFERROR(TIMEVALUE(DaqBook_RAW_Data!Q591),IFERROR(TIMEVALUE(DaqBook_RAW_Data!A113),""""))",,,,,,,,,,,,,,,
,"=IFERROR(TIMEVALUE(DaqBook_RAW_Data!Q592),IFERROR(TIMEVALUE(DaqBook_RAW_Data!A114),""""))",,,,,,,,,,,,,,,
,"=IFERROR(TIMEVALUE(DaqBook_RAW_Data!Q593),IFERROR(TIMEVALUE(DaqBook_RAW_Data!A115),""""))",,,,,,,,,,,,,,,
,"=IFERROR(TIMEVALUE(DaqBook_RAW_Data!Q594),IFERROR(TIMEVALUE(DaqBook_RAW_Data!A116),""""))",,,,,,,,,,,,,,,
,"=IFERROR(TIMEVALUE(DaqBook_RAW_Data!Q595),IFERROR(TIMEVALUE(DaqBook_RAW_Data!A117),""""))",,,,,,,,,,,,,,,
,"=IFERROR(TIMEVALUE(DaqBook_RAW_Data!Q596),IFERROR(TIMEVALUE(DaqBook_RAW_Data!A118),""""))",,,,,,,,,,,,,,,
,"=IFERROR(TIMEVALUE(DaqBook_RAW_Data!Q597),IFERROR(TIMEVALUE(DaqBook_RAW_Data!A119),""""))",,,,,,,,,,,,,,,
,"=IFERROR(TIMEVALUE(DaqBook_RAW_Data!Q598),IFERROR(TIMEVALUE(DaqBook_RAW_Data!A120),""""))",,,,,,,,,,,,,,,
,"=IFERROR(TIMEVALUE(DaqBook_RAW_Data!Q599),IFERROR(TIMEVALUE(DaqBook_RAW_Data!A121),""""))",,,,,,,,,,,,,,,
,"=IFERROR(TIMEVALUE(DaqBook_RAW_Data!Q600),IFERROR(TIMEVALUE(DaqBook_RAW_Data!A122),""""))",,,,,,,,,,,,,,,
,"=IFERROR(TIMEVALUE(DaqBook_RAW_Data!Q601),IFERROR(TIMEVALUE(DaqBook_RAW_Data!A123),""""))",,,,,,,,,,,,,,,
,"=IFERROR(TIMEVALUE(DaqBook_RAW_Data!Q602),IFERROR(TIMEVALUE(DaqBook_RAW_Data!A124),""""))",,,,,,,,,,,,,,,
,"=IFERROR(TIMEVALUE(DaqBook_RAW_Data!Q603),IFERROR(TIMEVALUE(DaqBook_RAW_Data!A125),""""))",,,,,,,,,,,,,,,
,"=IFERROR(TIMEVALUE(DaqBook_RAW_Data!Q604),IFERROR(TIMEVALUE(DaqBook_RAW_Data!A126),""""))",,,,,,,,,,,,,,,
,"=IFERROR(TIMEVALUE(DaqBook_RAW_Data!Q605),IFERROR(TIMEVALUE(DaqBook_RAW_Data!A127),""""))",,,,,,,,,,,,,,,
,"=IFERROR(TIMEVALUE(DaqBook_RAW_Data!Q606),IFERROR(TIMEVALUE(DaqBook_RAW_Data!A128),""""))",,,,,,,,,,,,,,,
,"=IFERROR(TIMEVALUE(DaqBook_RAW_Data!Q607),IFERROR(TIMEVALUE(DaqBook_RAW_Data!A129),""""))",,,,,,,,,,,,,,,
,"=IFERROR(TIMEVALUE(DaqBook_RAW_Data!Q608),IFERROR(TIMEVALUE(DaqBook_RAW_Data!A130),""""))",,,,,,,,,,,,,,,
,"=IFERROR(TIMEVALUE(DaqBook_RAW_Data!Q609),IFERROR(TIMEVALUE(DaqBook_RAW_Data!A131),""""))",,,,,,,,,,,,,,,
,"=IFERROR(TIMEVALUE(DaqBook_RAW_Data!Q610),IFERROR(TIMEVALUE(DaqBook_RAW_Data!A132),""""))",,,,,,,,,,,,,,,
,"=IFERROR(TIMEVALUE(DaqBook_RAW_Data!Q611),IFERROR(TIMEVALUE(DaqBook_RAW_Data!A133),""""))",,,,,,,,,,,,,,,
,"=IFERROR(TIMEVALUE(DaqBook_RAW_Data!Q612),IFERROR(TIMEVALUE(DaqBook_RAW_Data!A134),""""))",,,,,,,,,,,,,,,
,"=IFERROR(TIMEVALUE(DaqBook_RAW_Data!Q613),IFERROR(TIMEVALUE(DaqBook_RAW_Data!A135),""""))",,,,,,,,,,,,,,,
,"=IFERROR(TIMEVALUE(DaqBook_RAW_Data!Q614),IFERROR(TIMEVALUE(DaqBook_RAW_Data!A136),""""))",,,,,,,,,,,,,,,
,"=IFERROR(TIMEVALUE(DaqBook_RAW_Data!Q615),IFERROR(TIMEVALUE(DaqBook_RAW_Data!A137),""""))",,,,,,,,,,,,,,,
,"=IFERROR(TIMEVALUE(DaqBook_RAW_Data!Q616),IFERROR(TIMEVALUE(DaqBook_RAW_Data!A138),""""))",,,,,,,,,,,,,,,
,"=IFERROR(TIMEVALUE(DaqBook_RAW_Data!Q617),IFERROR(TIMEVALUE(DaqBook_RAW_Data!A139),""""))",,,,,,,,,,,,,,,
,"=IFERROR(TIMEVALUE(DaqBook_RAW_Data!Q618),IFERROR(TIMEVALUE(DaqBook_RAW_Data!A140),""""))",,,,,,,,,,,,,,,
,"=IFERROR(TIMEVALUE(DaqBook_RAW_Data!Q619),IFERROR(TIMEVALUE(DaqBook_RAW_Data!A141),""""))",,,,,,,,,,,,,,,
,"=IFERROR(TIMEVALUE(DaqBook_RAW_Data!Q620),IFERROR(TIMEVALUE(DaqBook_RAW_Data!A142),""""))",,,,,,,,,,,,,,,
,"=IFERROR(TIMEVALUE(DaqBook_RAW_Data!Q621),IFERROR(TIMEVALUE(DaqBook_RAW_Data!A143),""""))",,,,,,,,,,,,,,,
,"=IFERROR(TIMEVALUE(DaqBook_RAW_Data!Q622),IFERROR(TIMEVALUE(DaqBook_RAW_Data!A144),""""))",,,,,,,,,,,,,,,
,"=IFERROR(TIMEVALUE(DaqBook_RAW_Data!Q623),IFERROR(TIMEVALUE(DaqBook_RAW_Data!A145),""""))",,,,,,,,,,,,,,,
,"=IFERROR(TIMEVALUE(DaqBook_RAW_Data!Q624),IFERROR(TIMEVALUE(DaqBook_RAW_Data!A146),""""))",,,,,,,,,,,,,,,
,"=IFERROR(TIMEVALUE(DaqBook_RAW_Data!Q625),IFERROR(TIMEVALUE(DaqBook_RAW_Data!A147),""""))",,,,,,,,,,,,,,,
,"=IFERROR(TIMEVALUE(DaqBook_RAW_Data!Q626),IFERROR(TIMEVALUE(DaqBook_RAW_Data!A148),""""))",,,,,,,,,,,,,,,
,"=IFERROR(TIMEVALUE(DaqBook_RAW_Data!Q627),IFERROR(TIMEVALUE(DaqBook_RAW_Data!A149),""""))",,,,,,,,,,,,,,,
,"=IFERROR(TIMEVALUE(DaqBook_RAW_Data!Q628),IFERROR(TIMEVALUE(DaqBook_RAW_Data!A150),""""))",,,,,,,,,,,,,,,
,"=IFERROR(TIMEVALUE(DaqBook_RAW_Data!Q629),IFERROR(TIMEVALUE(DaqBook_RAW_Data!A151),""""))",,,,,,,,,,,,,,,
,"=IFERROR(TIMEVALUE(DaqBook_RAW_Data!Q630),IFERROR(TIMEVALUE(DaqBook_RAW_Data!A152),""""))",,,,,,,,,,,,,,,
,"=IFERROR(TIMEVALUE(DaqBook_RAW_Data!Q631),IFERROR(TIMEVALUE(DaqBook_RAW_Data!A153),""""))",,,,,,,,,,,,,,,
,"=IFERROR(TIMEVALUE(DaqBook_RAW_Data!Q632),IFERROR(TIMEVALUE(DaqBook_RAW_Data!A154),""""))",,,,,,,,,,,,,,,
,"=IFERROR(TIMEVALUE(DaqBook_RAW_Data!Q633),IFERROR(TIMEVALUE(DaqBook_RAW_Data!A155),""""))",,,,,,,,,,,,,,,
,"=IFERROR(TIMEVALUE(DaqBook_RAW_Data!Q634),IFERROR(TIMEVALUE(DaqBook_RAW_Data!A156),""""))",,,,,,,,,,,,,,,
,"=IFERROR(TIMEVALUE(DaqBook_RAW_Data!Q635),IFERROR(TIMEVALUE(DaqBook_RAW_Data!A157),""""))",,,,,,,,,,,,,,,
,"=IFERROR(TIMEVALUE(DaqBook_RAW_Data!Q636),IFERROR(TIMEVALUE(DaqBook_RAW_Data!A158),""""))",,,,,,,,,,,,,,,
,"=IFERROR(TIMEVALUE(DaqBook_RAW_Data!Q637),IFERROR(TIMEVALUE(DaqBook_RAW_Data!A159),""""))",,,,,,,,,,,,,,,
,"=IFERROR(TIMEVALUE(DaqBook_RAW_Data!Q638),IFERROR(TIMEVALUE(DaqBook_RAW_Data!A160),""""))",,,,,,,,,,,,,,,
,"=IFERROR(TIMEVALUE(DaqBook_RAW_Data!Q639),IFERROR(TIMEVALUE(DaqBook_RAW_Data!A161),""""))",,,,,,,,,,,,,,,
,"=IFERROR(TIMEVALUE(DaqBook_RAW_Data!Q640),IFERROR(TIMEVALUE(DaqBook_RAW_Data!A162),""""))",,,,,,,,,,,,,,,
,"=IFERROR(TIMEVALUE(DaqBook_RAW_Data!Q641),IFERROR(TIMEVALUE(DaqBook_RAW_Data!A163),""""))",,,,,,,,,,,,,,,
,"=IFERROR(TIMEVALUE(DaqBook_RAW_Data!Q642),IFERROR(TIMEVALUE(DaqBook_RAW_Data!A164),""""))",,,,,,,,,,,,,,,
,"=IFERROR(TIMEVALUE(DaqBook_RAW_Data!Q643),IFERROR(TIMEVALUE(DaqBook_RAW_Data!A165),""""))",,,,,,,,,,,,,,,
,"=IFERROR(TIMEVALUE(DaqBook_RAW_Data!Q644),IFERROR(TIMEVALUE(DaqBook_RAW_Data!A166),""""))",,,,,,,,,,,,,,,
,"=IFERROR(TIMEVALUE(DaqBook_RAW_Data!Q645),IFERROR(TIMEVALUE(DaqBook_RAW_Data!A167),""""))",,,,,,,,,,,,,,,
,"=IFERROR(TIMEVALUE(DaqBook_RAW_Data!Q646),IFERROR(TIMEVALUE(DaqBook_RAW_Data!A168),""""))",,,,,,,,,,,,,,,
,"=IFERROR(TIMEVALUE(DaqBook_RAW_Data!Q647),IFERROR(TIMEVALUE(DaqBook_RAW_Data!A169),""""))",,,,,,,,,,,,,,,
,"=IFERROR(TIMEVALUE(DaqBook_RAW_Data!Q648),IFERROR(TIMEVALUE(DaqBook_RAW_Data!A170),""""))",,,,,,,,,,,,,,,
,"=IFERROR(TIMEVALUE(DaqBook_RAW_Data!Q649),IFERROR(TIMEVALUE(DaqBook_RAW_Data!A171),""""))",,,,,,,,,,,,,,,
,"=IFERROR(TIMEVALUE(DaqBook_RAW_Data!Q650),IFERROR(TIMEVALUE(DaqBook_RAW_Data!A172),""""))",,,,,,,,,,,,,,,
,"=IFERROR(TIMEVALUE(DaqBook_RAW_Data!Q651),IFERROR(TIMEVALUE(DaqBook_RAW_Data!A173),""""))",,,,,,,,,,,,,,,
,"=IFERROR(TIMEVALUE(DaqBook_RAW_Data!Q652),IFERROR(TIMEVALUE(DaqBook_RAW_Data!A174),""""))",,,,,,,,,,,,,,,
,"=IFERROR(TIMEVALUE(DaqBook_RAW_Data!Q653),IFERROR(TIMEVALUE(DaqBook_RAW_Data!A175),""""))",,,,,,,,,,,,,,,
,"=IFERROR(TIMEVALUE(DaqBook_RAW_Data!Q654),IFERROR(TIMEVALUE(DaqBook_RAW_Data!A176),""""))",,,,,,,,,,,,,,,
,"=IFERROR(TIMEVALUE(DaqBook_RAW_Data!Q655),IFERROR(TIMEVALUE(DaqBook_RAW_Data!A177),""""))",,,,,,,,,,,,,,,
,"=IFERROR(TIMEVALUE(DaqBook_RAW_Data!Q656),IFERROR(TIMEVALUE(DaqBook_RAW_Data!A178),""""))",,,,,,,,,,,,,,,
,"=IFERROR(TIMEVALUE(DaqBook_RAW_Data!Q657),IFERROR(TIMEVALUE(DaqBook_RAW_Data!A179),""""))",,,,,,,,,,,,,,,
,"=IFERROR(TIMEVALUE(DaqBook_RAW_Data!Q658),IFERROR(TIMEVALUE(DaqBook_RAW_Data!A180),""""))",,,,,,,,,,,,,,,
,"=IFERROR(TIMEVALUE(DaqBook_RAW_Data!Q659),IFERROR(TIMEVALUE(DaqBook_RAW_Data!A181),""""))",,,,,,,,,,,,,,,
,"=IFERROR(TIMEVALUE(DaqBook_RAW_Data!Q660),IFERROR(TIMEVALUE(DaqBook_RAW_Data!A182),""""))",,,,,,,,,,,,,,,
,"=IFERROR(TIMEVALUE(DaqBook_RAW_Data!Q661),IFERROR(TIMEVALUE(DaqBook_RAW_Data!A183),""""))",,,,,,,,,,,,,,,
,"=IFERROR(TIMEVALUE(DaqBook_RAW_Data!Q662),IFERROR(TIMEVALUE(DaqBook_RAW_Data!A184),""""))",,,,,,,,,,,,,,,
,"=IFERROR(TIMEVALUE(DaqBook_RAW_Data!Q663),IFERROR(TIMEVALUE(DaqBook_RAW_Data!A185),""""))",,,,,,,,,,,,,,,
,"=IFERROR(TIMEVALUE(DaqBook_RAW_Data!Q664),IFERROR(TIMEVALUE(DaqBook_RAW_Data!A186),""""))",,,,,,,,,,,,,,,
,"=IFERROR(TIMEVALUE(DaqBook_RAW_Data!Q665),IFERROR(TIMEVALUE(DaqBook_RAW_Data!A187),""""))",,,,,,,,,,,,,,,
,"=IFERROR(TIMEVALUE(DaqBook_RAW_Data!Q666),IFERROR(TIMEVALUE(DaqBook_RAW_Data!A188),""""))",,,,,,,,,,,,,,,
,"=IFERROR(TIMEVALUE(DaqBook_RAW_Data!Q667),IFERROR(TIMEVALUE(DaqBook_RAW_Data!A189),""""))",,,,,,,,,,,,,,,
,"=IFERROR(TIMEVALUE(DaqBook_RAW_Data!Q668),IFERROR(TIMEVALUE(DaqBook_RAW_Data!A190),""""))",,,,,,,,,,,,,,,
,"=IFERROR(TIMEVALUE(DaqBook_RAW_Data!Q669),IFERROR(TIMEVALUE(DaqBook_RAW_Data!A191),""""))",,,,,,,,,,,,,,,
,"=IFERROR(TIMEVALUE(DaqBook_RAW_Data!Q670),IFERROR(TIMEVALUE(DaqBook_RAW_Data!A192),""""))",,,,,,,,,,,,,,,
,"=IFERROR(TIMEVALUE(DaqBook_RAW_Data!Q671),IFERROR(TIMEVALUE(DaqBook_RAW_Data!A193),""""))",,,,,,,,,,,,,,,
,"=IFERROR(TIMEVALUE(DaqBook_RAW_Data!Q672),IFERROR(TIMEVALUE(DaqBook_RAW_Data!A194),""""))",,,,,,,,,,,,,,,
,"=IFERROR(TIMEVALUE(DaqBook_RAW_Data!Q673),IFERROR(TIMEVALUE(DaqBook_RAW_Data!A195),""""))",,,,,,,,,,,,,,,
,"=IFERROR(TIMEVALUE(DaqBook_RAW_Data!Q674),IFERROR(TIMEVALUE(DaqBook_RAW_Data!A196),""""))",,,,,,,,,,,,,,,
,"=IFERROR(TIMEVALUE(DaqBook_RAW_Data!Q675),IFERROR(TIMEVALUE(DaqBook_RAW_Data!A197),""""))",,,,,,,,,,,,,,,
,"=IFERROR(TIMEVALUE(DaqBook_RAW_Data!Q676),IFERROR(TIMEVALUE(DaqBook_RAW_Data!A198),""""))",,,,,,,,,,,,,,,
,"=IFERROR(TIMEVALUE(DaqBook_RAW_Data!Q677),IFERROR(TIMEVALUE(DaqBook_RAW_Data!A199),""""))",,,,,,,,,,,,,,,
,"=IFERROR(TIMEVALUE(DaqBook_RAW_Data!Q678),IFERROR(TIMEVALUE(DaqBook_RAW_Data!A200),""""))",,,,,,,,,,,,,,,
,"=IFERROR(TIMEVALUE(DaqBook_RAW_Data!Q679),IFERROR(TIMEVALUE(DaqBook_RAW_Data!A201),""""))",,,,,,,,,,,,,,,
,"=IFERROR(TIMEVALUE(DaqBook_RAW_Data!Q680),IFERROR(TIMEVALUE(DaqBook_RAW_Data!A202),""""))",,,,,,,,,,,,,,,
,"=IFERROR(TIMEVALUE(DaqBook_RAW_Data!Q681),IFERROR(TIMEVALUE(DaqBook_RAW_Data!A203),""""))",,,,,,,,,,,,,,,
,"=IFERROR(TIMEVALUE(DaqBook_RAW_Data!Q682),IFERROR(TIMEVALUE(DaqBook_RAW_Data!A204),""""))",,,,,,,,,,,,,,,
,"=IFERROR(TIMEVALUE(DaqBook_RAW_Data!Q683),IFERROR(TIMEVALUE(DaqBook_RAW_Data!A205),""""))",,,,,,,,,,,,,,,
,"=IFERROR(TIMEVALUE(DaqBook_RAW_Data!Q684),IFERROR(TIMEVALUE(DaqBook_RAW_Data!A206),""""))",,,,,,,,,,,,,,,
,"=IFERROR(TIMEVALUE(DaqBook_RAW_Data!Q685),IFERROR(TIMEVALUE(DaqBook_RAW_Data!A207),""""))",,,,,,,,,,,,,,,
,"=IFERROR(TIMEVALUE(DaqBook_RAW_Data!Q686),IFERROR(TIMEVALUE(DaqBook_RAW_Data!A208),""""))",,,,,,,,,,,,,,,
,"=IFERROR(TIMEVALUE(DaqBook_RAW_Data!Q687),IFERROR(TIMEVALUE(DaqBook_RAW_Data!A209),""""))",,,,,,,,,,,,,,,
,"=IFERROR(TIMEVALUE(DaqBook_RAW_Data!Q688),IFERROR(TIMEVALUE(DaqBook_RAW_Data!A210),""""))",,,,,,,,,,,,,,,
,"=IFERROR(TIMEVALUE(DaqBook_RAW_Data!Q689),IFERROR(TIMEVALUE(DaqBook_RAW_Data!A211),""""))",,,,,,,,,,,,,,,
,"=IFERROR(TIMEVALUE(DaqBook_RAW_Data!Q690),IFERROR(TIMEVALUE(DaqBook_RAW_Data!A212),""""))",,,,,,,,,,,,,,,
,"=IFERROR(TIMEVALUE(DaqBook_RAW_Data!Q691),IFERROR(TIMEVALUE(DaqBook_RAW_Data!A213),""""))",,,,,,,,,,,,,,,
,"=IFERROR(TIMEVALUE(DaqBook_RAW_Data!Q692),IFERROR(TIMEVALUE(DaqBook_RAW_Data!A214),""""))",,,,,,,,,,,,,,,
,"=IFERROR(TIMEVALUE(DaqBook_RAW_Data!Q693),IFERROR(TIMEVALUE(DaqBook_RAW_Data!A215),""""))",,,,,,,,,,,,,,,
,"=IFERROR(TIMEVALUE(DaqBook_RAW_Data!Q694),IFERROR(TIMEVALUE(DaqBook_RAW_Data!A216),""""))",,,,,,,,,,,,,,,
,"=IFERROR(TIMEVALUE(DaqBook_RAW_Data!Q695),IFERROR(TIMEVALUE(DaqBook_RAW_Data!A217),""""))",,,,,,,,,,,,,,,
,"=IFERROR(TIMEVALUE(DaqBook_RAW_Data!Q696),IFERROR(TIMEVALUE(DaqBook_RAW_Data!A218),""""))",,,,,,,,,,,,,,,
,"=IFERROR(TIMEVALUE(DaqBook_RAW_Data!Q697),IFERROR(TIMEVALUE(DaqBook_RAW_Data!A219),""""))",,,,,,,,,,,,,,,
,"=IFERROR(TIMEVALUE(DaqBook_RAW_Data!Q698),IFERROR(TIMEVALUE(DaqBook_RAW_Data!A220),""""))",,,,,,,,,,,,,,,
,"=IFERROR(TIMEVALUE(DaqBook_RAW_Data!Q699),IFERROR(TIMEVALUE(DaqBook_RAW_Data!A221),""""))",,,,,,,,,,,,,,,
,"=IFERROR(TIMEVALUE(DaqBook_RAW_Data!Q700),IFERROR(TIMEVALUE(DaqBook_RAW_Data!A222),""""))",,,,,,,,,,,,,,,
,"=IFERROR(TIMEVALUE(DaqBook_RAW_Data!Q701),IFERROR(TIMEVALUE(DaqBook_RAW_Data!A223),""""))",,,,,,,,,,,,,,,
,"=IFERROR(TIMEVALUE(DaqBook_RAW_Data!Q702),IFERROR(TIMEVALUE(DaqBook_RAW_Data!A224),""""))",,,,,,,,,,,,,,,
,"=IFERROR(TIMEVALUE(DaqBook_RAW_Data!Q703),IFERROR(TIMEVALUE(DaqBook_RAW_Data!A225),""""))",,,,,,,,,,,,,,,
,"=IFERROR(TIMEVALUE(DaqBook_RAW_Data!Q704),IFERROR(TIMEVALUE(DaqBook_RAW_Data!A226),""""))",,,,,,,,,,,,,,,
,"=IFERROR(TIMEVALUE(DaqBook_RAW_Data!Q705),IFERROR(TIMEVALUE(DaqBook_RAW_Data!A227),""""))",,,,,,,,,,,,,,,
,"=IFERROR(TIMEVALUE(DaqBook_RAW_Data!Q706),IFERROR(TIMEVALUE(DaqBook_RAW_Data!A228),""""))",,,,,,,,,,,,,,,
,"=IFERROR(TIMEVALUE(DaqBook_RAW_Data!Q707),IFERROR(TIMEVALUE(DaqBook_RAW_Data!A229),""""))",,,,,,,,,,,,,,,
,"=IFERROR(TIMEVALUE(DaqBook_RAW_Data!Q708),IFERROR(TIMEVALUE(DaqBook_RAW_Data!A230),""""))",,,,,,,,,,,,,,,
,"=IFERROR(TIMEVALUE(DaqBook_RAW_Data!Q709),IFERROR(TIMEVALUE(DaqBook_RAW_Data!A231),""""))",,,,,,,,,,,,,,,
,"=IFERROR(TIMEVALUE(DaqBook_RAW_Data!Q710),IFERROR(TIMEVALUE(DaqBook_RAW_Data!A232),""""))",,,,,,,,,,,,,,,
,"=IFERROR(TIMEVALUE(DaqBook_RAW_Data!Q711),IFERROR(TIMEVALUE(DaqBook_RAW_Data!A233),""""))",,,,,,,,,,,,,,,
,"=IFERROR(TIMEVALUE(DaqBook_RAW_Data!Q712),IFERROR(TIMEVALUE(DaqBook_RAW_Data!A234),""""))",,,,,,,,,,,,,,,
,"=IFERROR(TIMEVALUE(DaqBook_RAW_Data!Q713),IFERROR(TIMEVALUE(DaqBook_RAW_Data!A235),""""))",,,,,,,,,,,,,,,
,"=IFERROR(TIMEVALUE(DaqBook_RAW_Data!Q714),IFERROR(TIMEVALUE(DaqBook_RAW_Data!A236),""""))",,,,,,,,,,,,,,,
,"=IFERROR(TIMEVALUE(DaqBook_RAW_Data!Q715),IFERROR(TIMEVALUE(DaqBook_RAW_Data!A237),""""))",,,,,,,,,,,,,,,
,"=IFERROR(TIMEVALUE(DaqBook_RAW_Data!Q716),IFERROR(TIMEVALUE(DaqBook_RAW_Data!A238),""""))",,,,,,,,,,,,,,,
,"=IFERROR(TIMEVALUE(DaqBook_RAW_Data!Q717),IFERROR(TIMEVALUE(DaqBook_RAW_Data!A239),""""))",,,,,,,,,,,,,,,
,"=IFERROR(TIMEVALUE(DaqBook_RAW_Data!Q718),IFERROR(TIMEVALUE(DaqBook_RAW_Data!A240),""""))",,,,,,,,,,,,,,,
,"=IFERROR(TIMEVALUE(DaqBook_RAW_Data!Q719),IFERROR(TIMEVALUE(DaqBook_RAW_Data!A241),""""))",,,,,,,,,,,,,,,
,"=IFERROR(TIMEVALUE(DaqBook_RAW_Data!Q720),IFERROR(TIMEVALUE(DaqBook_RAW_Data!A242),""""))",,,,,,,,,,,,,,,
,"=IFERROR(TIMEVALUE(DaqBook_RAW_Data!Q721),IFERROR(TIMEVALUE(DaqBook_RAW_Data!A243),""""))",,,,,,,,,,,,,,,
,"=IFERROR(TIMEVALUE(DaqBook_RAW_Data!Q722),IFERROR(TIMEVALUE(DaqBook_RAW_Data!A244),""""))",,,,,,,,,,,,,,,
,"=IFERROR(TIMEVALUE(DaqBook_RAW_Data!Q723),IFERROR(TIMEVALUE(DaqBook_RAW_Data!A245),""""))",,,,,,,,,,,,,,,
,"=IFERROR(TIMEVALUE(DaqBook_RAW_Data!Q724),IFERROR(TIMEVALUE(DaqBook_RAW_Data!A246),""""))",,,,,,,,,,,,,,,
,"=IFERROR(TIMEVALUE(DaqBook_RAW_Data!Q725),IFERROR(TIMEVALUE(DaqBook_RAW_Data!A247),""""))",,,,,,,,,,,,,,,
,"=IFERROR(TIMEVALUE(DaqBook_RAW_Data!Q726),IFERROR(TIMEVALUE(DaqBook_RAW_Data!A248),""""))",,,,,,,,,,,,,,,
,"=IFERROR(TIMEVALUE(DaqBook_RAW_Data!Q727),IFERROR(TIMEVALUE(DaqBook_RAW_Data!A249),""""))",,,,,,,,,,,,,,,
,"=IFERROR(TIMEVALUE(DaqBook_RAW_Data!Q728),IFERROR(TIMEVALUE(DaqBook_RAW_Data!A250),""""))",,,,,,,,,,,,,,,
,"=IFERROR(TIMEVALUE(DaqBook_RAW_Data!Q729),IFERROR(TIMEVALUE(DaqBook_RAW_Data!A251),""""))",,,,,,,,,,,,,,,
,"=IFERROR(TIMEVALUE(DaqBook_RAW_Data!Q730),IFERROR(TIMEVALUE(DaqBook_RAW_Data!A252),""""))",,,,,,,,,,,,,,,
,"=IFERROR(TIMEVALUE(DaqBook_RAW_Data!Q731),IFERROR(TIMEVALUE(DaqBook_RAW_Data!A253),""""))",,,,,,,,,,,,,,,
,"=IFERROR(TIMEVALUE(DaqBook_RAW_Data!Q732),IFERROR(TIMEVALUE(DaqBook_RAW_Data!A254),""""))",,,,,,,,,,,,,,,
,"=IFERROR(TIMEVALUE(DaqBook_RAW_Data!Q733),IFERROR(TIMEVALUE(DaqBook_RAW_Data!A255),""""))",,,,,,,,,,,,,,,
,"=IFERROR(TIMEVALUE(DaqBook_RAW_Data!Q734),IFERROR(TIMEVALUE(DaqBook_RAW_Data!A256),""""))",,,,,,,,,,,,,,,
,"=IFERROR(TIMEVALUE(DaqBook_RAW_Data!Q735),IFERROR(TIMEVALUE(DaqBook_RAW_Data!A257),""""))",,,,,,,,,,,,,,,
,"=IFERROR(TIMEVALUE(DaqBook_RAW_Data!Q736),IFERROR(TIMEVALUE(DaqBook_RAW_Data!A258),""""))",,,,,,,,,,,,,,,
,"=IFERROR(TIMEVALUE(DaqBook_RAW_Data!Q737),IFERROR(TIMEVALUE(DaqBook_RAW_Data!A259),""""))",,,,,,,,,,,,,,,
,"=IFERROR(TIMEVALUE(DaqBook_RAW_Data!Q738),IFERROR(TIMEVALUE(DaqBook_RAW_Data!A260),""""))",,,,,,,,,,,,,,,
,"=IFERROR(TIMEVALUE(DaqBook_RAW_Data!Q739),IFERROR(TIMEVALUE(DaqBook_RAW_Data!A261),""""))",,,,,,,,,,,,,,,
,"=IFERROR(TIMEVALUE(DaqBook_RAW_Data!Q740),IFERROR(TIMEVALUE(DaqBook_RAW_Data!A262),""""))",,,,,,,,,,,,,,,
,"=IFERROR(TIMEVALUE(DaqBook_RAW_Data!Q741),IFERROR(TIMEVALUE(DaqBook_RAW_Data!A263),""""))",,,,,,,,,,,,,,,
,"=IFERROR(TIMEVALUE(DaqBook_RAW_Data!Q742),IFERROR(TIMEVALUE(DaqBook_RAW_Data!A264),""""))",,,,,,,,,,,,,,,
,"=IFERROR(TIMEVALUE(DaqBook_RAW_Data!Q743),IFERROR(TIMEVALUE(DaqBook_RAW_Data!A265),""""))",,,,,,,,,,,,,,,
,"=IFERROR(TIMEVALUE(DaqBook_RAW_Data!Q744),IFERROR(TIMEVALUE(DaqBook_RAW_Data!A266),""""))",,,,,,,,,,,,,,,
,"=IFERROR(TIMEVALUE(DaqBook_RAW_Data!Q745),IFERROR(TIMEVALUE(DaqBook_RAW_Data!A267),""""))",,,,,,,,,,,,,,,
,"=IFERROR(TIMEVALUE(DaqBook_RAW_Data!Q746),IFERROR(TIMEVALUE(DaqBook_RAW_Data!A268),""""))",,,,,,,,,,,,,,,
,"=IFERROR(TIMEVALUE(DaqBook_RAW_Data!Q747),IFERROR(TIMEVALUE(DaqBook_RAW_Data!A269),""""))",,,,,,,,,,,,,,,
,"=IFERROR(TIMEVALUE(DaqBook_RAW_Data!Q748),IFERROR(TIMEVALUE(DaqBook_RAW_Data!A270),""""))",,,,,,,,,,,,,,,
,"=IFERROR(TIMEVALUE(DaqBook_RAW_Data!Q749),IFERROR(TIMEVALUE(DaqBook_RAW_Data!A271),""""))",,,,,,,,,,,,,,,
,"=IFERROR(TIMEVALUE(DaqBook_RAW_Data!Q750),IFERROR(TIMEVALUE(DaqBook_RAW_Data!A272),""""))",,,,,,,,,,,,,,,
,"=IFERROR(TIMEVALUE(DaqBook_RAW_Data!Q751),IFERROR(TIMEVALUE(DaqBook_RAW_Data!A273),""""))",,,,,,,,,,,,,,,
,"=IFERROR(TIMEVALUE(DaqBook_RAW_Data!Q752),IFERROR(TIMEVALUE(DaqBook_RAW_Data!A274),""""))",,,,,,,,,,,,,,,
,"=IFERROR(TIMEVALUE(DaqBook_RAW_Data!Q753),IFERROR(TIMEVALUE(DaqBook_RAW_Data!A275),""""))",,,,,,,,,,,,,,,
,"=IFERROR(TIMEVALUE(DaqBook_RAW_Data!Q754),IFERROR(TIMEVALUE(DaqBook_RAW_Data!A276),""""))",,,,,,,,,,,,,,,
,"=IFERROR(TIMEVALUE(DaqBook_RAW_Data!Q755),IFERROR(TIMEVALUE(DaqBook_RAW_Data!A277),""""))",,,,,,,,,,,,,,,
,"=IFERROR(TIMEVALUE(DaqBook_RAW_Data!Q756),IFERROR(TIMEVALUE(DaqBook_RAW_Data!A278),""""))",,,,,,,,,,,,,,,
,"=IFERROR(TIMEVALUE(DaqBook_RAW_Data!Q757),IFERROR(TIMEVALUE(DaqBook_RAW_Data!A279),""""))",,,,,,,,,,,,,,,
,"=IFERROR(TIMEVALUE(DaqBook_RAW_Data!Q758),IFERROR(TIMEVALUE(DaqBook_RAW_Data!A280),""""))",,,,,,,,,,,,,,,
,"=IFERROR(TIMEVALUE(DaqBook_RAW_Data!Q759),IFERROR(TIMEVALUE(DaqBook_RAW_Data!A281),""""))",,,,,,,,,,,,,,,
,"=IFERROR(TIMEVALUE(DaqBook_RAW_Data!Q760),IFERROR(TIMEVALUE(DaqBook_RAW_Data!A282),""""))",,,,,,,,,,,,,,,
,"=IFERROR(TIMEVALUE(DaqBook_RAW_Data!Q761),IFERROR(TIMEVALUE(DaqBook_RAW_Data!A283),""""))",,,,,,,,,,,,,,,
,"=IFERROR(TIMEVALUE(DaqBook_RAW_Data!Q762),IFERROR(TIMEVALUE(DaqBook_RAW_Data!A284),""""))",,,,,,,,,,,,,,,
,"=IFERROR(TIMEVALUE(DaqBook_RAW_Data!Q763),IFERROR(TIMEVALUE(DaqBook_RAW_Data!A285),""""))",,,,,,,,,,,,,,,
,"=IFERROR(TIMEVALUE(DaqBook_RAW_Data!Q764),IFERROR(TIMEVALUE(DaqBook_RAW_Data!A286),""""))",,,,,,,,,,,,,,,
,"=IFERROR(TIMEVALUE(DaqBook_RAW_Data!Q765),IFERROR(TIMEVALUE(DaqBook_RAW_Data!A287),""""))",,,,,,,,,,,,,,,
,"=IFERROR(TIMEVALUE(DaqBook_RAW_Data!Q766),IFERROR(TIMEVALUE(DaqBook_RAW_Data!A288),""""))",,,,,,,,,,,,,,,
,"=IFERROR(TIMEVALUE(DaqBook_RAW_Data!Q767),IFERROR(TIMEVALUE(DaqBook_RAW_Data!A289),""""))",,,,,,,,,,,,,,,
,"=IFERROR(TIMEVALUE(DaqBook_RAW_Data!Q768),IFERROR(TIMEVALUE(DaqBook_RAW_Data!A290),""""))",,,,,,,,,,,,,,,
,"=IFERROR(TIMEVALUE(DaqBook_RAW_Data!Q769),IFERROR(TIMEVALUE(DaqBook_RAW_Data!A291),""""))",,,,,,,,,,,,,,,
,"=IFERROR(TIMEVALUE(DaqBook_RAW_Data!Q770),IFERROR(TIMEVALUE(DaqBook_RAW_Data!A292),""""))",,,,,,,,,,,,,,,
,"=IFERROR(TIMEVALUE(DaqBook_RAW_Data!Q771),IFERROR(TIMEVALUE(DaqBook_RAW_Data!A293),""""))",,,,,,,,,,,,,,,
,"=IFERROR(TIMEVALUE(DaqBook_RAW_Data!Q772),IFERROR(TIMEVALUE(DaqBook_RAW_Data!A294),""""))",,,,,,,,,,,,,,,
,"=IFERROR(TIMEVALUE(DaqBook_RAW_Data!Q773),IFERROR(TIMEVALUE(DaqBook_RAW_Data!A295),""""))",,,,,,,,,,,,,,,
,"=IFERROR(TIMEVALUE(DaqBook_RAW_Data!Q774),IFERROR(TIMEVALUE(DaqBook_RAW_Data!A296),""""))",,,,,,,,,,,,,,,
,"=IFERROR(TIMEVALUE(DaqBook_RAW_Data!Q775),IFERROR(TIMEVALUE(DaqBook_RAW_Data!A297),""""))",,,,,,,,,,,,,,,
,"=IFERROR(TIMEVALUE(DaqBook_RAW_Data!Q776),IFERROR(TIMEVALUE(DaqBook_RAW_Data!A298),""""))",,,,,,,,,,,,,,,
,"=IFERROR(TIMEVALUE(DaqBook_RAW_Data!Q777),IFERROR(TIMEVALUE(DaqBook_RAW_Data!A299),""""))",,,,,,,,,,,,,,,
,"=IFERROR(TIMEVALUE(DaqBook_RAW_Data!Q778),IFERROR(TIMEVALUE(DaqBook_RAW_Data!A300),""""))",,,,,,,,,,,,,,,
,"=IFERROR(TIMEVALUE(DaqBook_RAW_Data!Q779),IFERROR(TIMEVALUE(DaqBook_RAW_Data!A301),""""))",,,,,,,,,,,,,,,
,"=IFERROR(TIMEVALUE(DaqBook_RAW_Data!Q780),IFERROR(TIMEVALUE(DaqBook_RAW_Data!A302),""""))",,,,,,,,,,,,,,,
,"=IFERROR(TIMEVALUE(DaqBook_RAW_Data!Q781),IFERROR(TIMEVALUE(DaqBook_RAW_Data!A303),""""))",,,,,,,,,,,,,,,
,"=IFERROR(TIMEVALUE(DaqBook_RAW_Data!Q782),IFERROR(TIMEVALUE(DaqBook_RAW_Data!A304),""""))",,,,,,,,,,,,,,,
,"=IFERROR(TIMEVALUE(DaqBook_RAW_Data!Q783),IFERROR(TIMEVALUE(DaqBook_RAW_Data!A305),""""))",,,,,,,,,,,,,,,
,"=IFERROR(TIMEVALUE(DaqBook_RAW_Data!Q784),IFERROR(TIMEVALUE(DaqBook_RAW_Data!A306),""""))",,,,,,,,,,,,,,,
,"=IFERROR(TIMEVALUE(DaqBook_RAW_Data!Q785),IFERROR(TIMEVALUE(DaqBook_RAW_Data!A307),""""))",,,,,,,,,,,,,,,
,"=IFERROR(TIMEVALUE(DaqBook_RAW_Data!Q786),IFERROR(TIMEVALUE(DaqBook_RAW_Data!A308),""""))",,,,,,,,,,,,,,,
,"=IFERROR(TIMEVALUE(DaqBook_RAW_Data!Q787),IFERROR(TIMEVALUE(DaqBook_RAW_Data!A309),""""))",,,,,,,,,,,,,,,
,"=IFERROR(TIMEVALUE(DaqBook_RAW_Data!Q788),IFERROR(TIMEVALUE(DaqBook_RAW_Data!A310),""""))",,,,,,,,,,,,,,,
,"=IFERROR(TIMEVALUE(DaqBook_RAW_Data!Q789),IFERROR(TIMEVALUE(DaqBook_RAW_Data!A311),""""))",,,,,,,,,,,,,,,
,"=IFERROR(TIMEVALUE(DaqBook_RAW_Data!Q790),IFERROR(TIMEVALUE(DaqBook_RAW_Data!A312),""""))",,,,,,,,,,,,,,,
,"=IFERROR(TIMEVALUE(DaqBook_RAW_Data!Q791),IFERROR(TIMEVALUE(DaqBook_RAW_Data!A313),""""))",,,,,,,,,,,,,,,
